"","Kingdom","Phylum","Class","Order","Family","Genus","Species"
"ESV_1","Bacteria","Pseudomonadota","Alphaproteobacteria","Hyphomicrobiales","Methyloligellaceae","Incertae Sedis","metagenome"
"ESV_2","Bacteria","Pseudomonadota","Alphaproteobacteria","Hyphomicrobiales","Methyloligellaceae","Incertae Sedis","metagenome"
"ESV_3","Bacteria","Pseudomonadota","Alphaproteobacteria","Hyphomicrobiales","Xanthobacteraceae","Incertae Sedis","metagenome"
"ESV_4","Bacteria","Pseudomonadota","Alphaproteobacteria","Hyphomicrobiales","Xanthobacteraceae","Incertae Sedis","metagenome"
"ESV_5","Bacteria","Pseudomonadota","Alphaproteobacteria","Hyphomicrobiales","Methyloligellaceae","Incertae Sedis","metagenome"
"ESV_6","Bacteria","Pseudomonadota","Alphaproteobacteria","Hyphomicrobiales","Methyloligellaceae","Incertae Sedis","metagenome"
"ESV_7","Bacteria","Pseudomonadota","Alphaproteobacteria","Hyphomicrobiales","Methyloligellaceae","Incertae Sedis","metagenome"
"ESV_8","Bacteria","Pseudomonadota","Alphaproteobacteria","Hyphomicrobiales","Methyloligellaceae","Incertae Sedis","metagenome"
"ESV_9","Bacteria","Pseudomonadota","Alphaproteobacteria","Hyphomicrobiales","Xanthobacteraceae","Bradyrhizobium","Bradyrhizobium sp. SEMIA 6399"
"ESV_10","Bacteria","Pseudomonadota","Alphaproteobacteria","Hyphomicrobiales","Xanthobacteraceae","Bradyrhizobium","Bradyrhizobium sp. SEMIA 6399"
"ESV_11","Bacteria","Pseudomonadota","Alphaproteobacteria","Hyphomicrobiales","Xanthobacteraceae","Bradyrhizobium","Bradyrhizobium lablabi"
"ESV_12","Bacteria","Pseudomonadota","Alphaproteobacteria","Hyphomicrobiales","Xanthobacteraceae","Bradyrhizobium","Bradyrhizobium lablabi"
"ESV_13","Bacteria","Pseudomonadota","Alphaproteobacteria","Hyphomicrobiales","Methyloligellaceae","Incertae Sedis","metagenome"
"ESV_14","Bacteria","Pseudomonadota","Alphaproteobacteria","Hyphomicrobiales","Methyloligellaceae","Incertae Sedis","metagenome"
"ESV_15","Bacteria","Pseudomonadota","Alphaproteobacteria","Hyphomicrobiales","Methyloligellaceae","Incertae Sedis","metagenome"
"ESV_16","Bacteria","Pseudomonadota","Alphaproteobacteria","Hyphomicrobiales","Methyloligellaceae","Incertae Sedis","metagenome"
"ESV_17","Bacteria","Pseudomonadota","Alphaproteobacteria","Hyphomicrobiales","Xanthobacteraceae","Incertae Sedis","metagenome"
"ESV_18","Bacteria","Pseudomonadota","Alphaproteobacteria","Hyphomicrobiales","Xanthobacteraceae","Incertae Sedis","metagenome"
"ESV_19","Bacteria","Actinomycetota","Actinobacteria","Micrococcales","Micrococcaceae","Pseudarthrobacter","Arthrobacter sp. Hiyo4"
"ESV_20","Bacteria","Actinomycetota","Actinobacteria","Micrococcales","Micrococcaceae","Pseudarthrobacter","Arthrobacter sp. Hiyo4"
"ESV_21","Bacteria","Actinomycetota","Actinobacteria","Micrococcales","Micrococcaceae","Pseudarthrobacter","Arthrobacter sp. Hiyo4"
"ESV_22","Bacteria","Actinomycetota","Actinobacteria","Micrococcales","Micrococcaceae","Pseudarthrobacter","Arthrobacter sp. Hiyo4"
"ESV_23","Bacteria","Pseudomonadota","Alphaproteobacteria","Hyphomicrobiales","Xanthobacteraceae","Incertae Sedis","uncultured bacterium"
"ESV_24","Bacteria","Pseudomonadota","Alphaproteobacteria","Hyphomicrobiales","Xanthobacteraceae","Incertae Sedis","uncultured bacterium"
"ESV_25","Bacteria","Pseudomonadota","Alphaproteobacteria","Hyphomicrobiales","Xanthobacteraceae","Incertae Sedis","metagenome"
"ESV_26","Bacteria","Pseudomonadota","Alphaproteobacteria","Hyphomicrobiales","Xanthobacteraceae","Incertae Sedis","metagenome"
"ESV_27","Bacteria","Acidobacteriota","Vicinamibacteria","Vicinamibacterales","Vicinamibacteraceae","Incertae Sedis","uncultured bacterium"
"ESV_28","Bacteria","Acidobacteriota","Vicinamibacteria","Vicinamibacterales","Vicinamibacteraceae","Incertae Sedis","uncultured bacterium"
"ESV_29","Bacteria","Pseudomonadota","Alphaproteobacteria","Hyphomicrobiales","Methyloligellaceae","Incertae Sedis","metagenome"
"ESV_30","Bacteria","Pseudomonadota","Alphaproteobacteria","Hyphomicrobiales","Methyloligellaceae","Incertae Sedis","metagenome"
"ESV_31","Bacteria","Pseudomonadota","Alphaproteobacteria","Hyphomicrobiales","Methyloligellaceae","Incertae Sedis","metagenome"
"ESV_32","Bacteria","Pseudomonadota","Alphaproteobacteria","Hyphomicrobiales","Methyloligellaceae","Incertae Sedis","metagenome"
"ESV_33","Bacteria","Pseudomonadota","Alphaproteobacteria","Hyphomicrobiales","Xanthobacteraceae","Bradyrhizobium","Bradyrhizobium lablabi"
"ESV_34","Bacteria","Pseudomonadota","Alphaproteobacteria","Hyphomicrobiales","Xanthobacteraceae","Bradyrhizobium","Bradyrhizobium lablabi"
"ESV_35","Bacteria","Pseudomonadota","Alphaproteobacteria","Hyphomicrobiales","Xanthobacteraceae","Incertae Sedis","metagenome"
"ESV_36","Bacteria","Pseudomonadota","Alphaproteobacteria","Hyphomicrobiales","Xanthobacteraceae","Incertae Sedis","metagenome"
"ESV_37","Bacteria","Pseudomonadota","Alphaproteobacteria","Hyphomicrobiales","Xanthobacteraceae","Bradyrhizobium","Bradyrhizobium sp. SEMIA 6399"
"ESV_38","Bacteria","Pseudomonadota","Alphaproteobacteria","Hyphomicrobiales","Xanthobacteraceae","Bradyrhizobium","Bradyrhizobium sp. SEMIA 6399"
"ESV_39","Bacteria","Acidobacteriota","Vicinamibacteria","Vicinamibacterales","Incertae Sedis","Incertae Sedis","uncultured Acidobacteria bacterium"
"ESV_40","Bacteria","Acidobacteriota","Vicinamibacteria","Vicinamibacterales","Incertae Sedis","Incertae Sedis","uncultured Acidobacteria bacterium"
"ESV_41","Bacteria","Pseudomonadota","Alphaproteobacteria","Hyphomicrobiales","Methyloligellaceae","Incertae Sedis","metagenome"
"ESV_42","Bacteria","Pseudomonadota","Alphaproteobacteria","Hyphomicrobiales","Methyloligellaceae","Incertae Sedis","metagenome"
"ESV_43","Bacteria","Pseudomonadota","Alphaproteobacteria","Hyphomicrobiales","Methyloligellaceae","Incertae Sedis","metagenome"
"ESV_44","Bacteria","Pseudomonadota","Alphaproteobacteria","Hyphomicrobiales","Methyloligellaceae","Incertae Sedis","metagenome"
"ESV_45","Bacteria","Pseudomonadota","Alphaproteobacteria","Hyphomicrobiales","Methyloligellaceae","Incertae Sedis","metagenome"
"ESV_46","Bacteria","Pseudomonadota","Alphaproteobacteria","Hyphomicrobiales","Methyloligellaceae","Incertae Sedis","metagenome"
"ESV_47","Bacteria","Pseudomonadota","Alphaproteobacteria","Hyphomicrobiales","Xanthobacteraceae","Incertae Sedis","metagenome"
"ESV_48","Bacteria","Pseudomonadota","Alphaproteobacteria","Hyphomicrobiales","Xanthobacteraceae","Incertae Sedis","metagenome"
"ESV_49","Bacteria","Pseudomonadota","Alphaproteobacteria","Hyphomicrobiales","Xanthobacteraceae","Incertae Sedis","metagenome"
"ESV_50","Bacteria","Pseudomonadota","Alphaproteobacteria","Hyphomicrobiales","Xanthobacteraceae","Incertae Sedis","metagenome"
"ESV_55","Bacteria","Pseudomonadota","Alphaproteobacteria","Hyphomicrobiales","Xanthobacteraceae","Incertae Sedis","metagenome"
"ESV_56","Bacteria","Pseudomonadota","Alphaproteobacteria","Hyphomicrobiales","Xanthobacteraceae","Incertae Sedis","metagenome"
"ESV_57","Bacteria","Pseudomonadota","Alphaproteobacteria","Hyphomicrobiales","Xanthobacteraceae","Incertae Sedis","uncultured bacterium"
"ESV_58","Bacteria","Pseudomonadota","Alphaproteobacteria","Hyphomicrobiales","Xanthobacteraceae","Incertae Sedis","uncultured bacterium"
"ESV_59","Bacteria","Actinomycetota","MB-A2-108","Incertae Sedis","Incertae Sedis","Incertae Sedis","metagenome"
"ESV_60","Bacteria","Actinomycetota","MB-A2-108","Incertae Sedis","Incertae Sedis","Incertae Sedis","metagenome"
"ESV_63","Bacteria","Pseudomonadota","Alphaproteobacteria","Hyphomicrobiales","Xanthobacteraceae","Bradyrhizobium","Bradyrhizobium sp. SEMIA 6399"
"ESV_64","Bacteria","Pseudomonadota","Alphaproteobacteria","Hyphomicrobiales","Xanthobacteraceae","Bradyrhizobium","Bradyrhizobium sp. SEMIA 6399"
"ESV_65","Bacteria","Pseudomonadota","Alphaproteobacteria","Hyphomicrobiales","Xanthobacteraceae","Incertae Sedis","uncultured bacterium"
"ESV_66","Bacteria","Pseudomonadota","Alphaproteobacteria","Hyphomicrobiales","Xanthobacteraceae","Incertae Sedis","uncultured bacterium"
"ESV_67","Bacteria","Pseudomonadota","Alphaproteobacteria","Hyphomicrobiales","Methyloligellaceae","Incertae Sedis","metagenome"
"ESV_68","Bacteria","Pseudomonadota","Alphaproteobacteria","Hyphomicrobiales","Methyloligellaceae","Incertae Sedis","metagenome"
"ESV_69","Bacteria","Pseudomonadota","Alphaproteobacteria","Hyphomicrobiales","Methyloligellaceae","Incertae Sedis","metagenome"
"ESV_70","Bacteria","Pseudomonadota","Alphaproteobacteria","Hyphomicrobiales","Methyloligellaceae","Incertae Sedis","metagenome"
"ESV_71","Bacteria","Pseudomonadota","Alphaproteobacteria","Hyphomicrobiales","Xanthobacteraceae","Incertae Sedis","uncultured bacterium"
"ESV_72","Bacteria","Pseudomonadota","Alphaproteobacteria","Hyphomicrobiales","Xanthobacteraceae","Incertae Sedis","uncultured bacterium"
"ESV_75","Bacteria","Pseudomonadota","Alphaproteobacteria","Hyphomicrobiales","Xanthobacteraceae","Bradyrhizobium","Bradyrhizobium lablabi"
"ESV_76","Bacteria","Pseudomonadota","Alphaproteobacteria","Hyphomicrobiales","Xanthobacteraceae","Bradyrhizobium","Bradyrhizobium lablabi"
"ESV_77","Bacteria","Pseudomonadota","Alphaproteobacteria","Hyphomicrobiales","Methyloligellaceae","Incertae Sedis","metagenome"
"ESV_78","Bacteria","Pseudomonadota","Alphaproteobacteria","Hyphomicrobiales","Methyloligellaceae","Incertae Sedis","metagenome"
"ESV_79","Bacteria","Pseudomonadota","Alphaproteobacteria","Hyphomicrobiales","Methyloligellaceae","Incertae Sedis","metagenome"
"ESV_80","Bacteria","Pseudomonadota","Alphaproteobacteria","Hyphomicrobiales","Methyloligellaceae","Incertae Sedis","metagenome"
"ESV_83","Bacteria","Pseudomonadota","Alphaproteobacteria","Hyphomicrobiales","Methyloligellaceae","Incertae Sedis","metagenome"
"ESV_84","Bacteria","Pseudomonadota","Alphaproteobacteria","Hyphomicrobiales","Methyloligellaceae","Incertae Sedis","metagenome"
"ESV_85","Bacteria","Acidobacteriota","Vicinamibacteria","Vicinamibacterales","Incertae Sedis","Incertae Sedis","uncultured Acidobacteria bacterium"
"ESV_86","Bacteria","Acidobacteriota","Vicinamibacteria","Vicinamibacterales","Incertae Sedis","Incertae Sedis","uncultured Acidobacteria bacterium"
"ESV_87","Bacteria","Verrucomicrobiota","Verrucomicrobiia","Chthoniobacterales","Xiphinematobacteraceae","Candidatus Xiphinematobacter","uncultured bacterium"
"ESV_88","Bacteria","Verrucomicrobiota","Verrucomicrobiia","Chthoniobacterales","Xiphinematobacteraceae","Candidatus Xiphinematobacter","uncultured bacterium"
"ESV_91","Bacteria","Pseudomonadota","Alphaproteobacteria","Hyphomicrobiales","Xanthobacteraceae","Bradyrhizobium","Bradyrhizobium sp. SEMIA 6399"
"ESV_92","Bacteria","Pseudomonadota","Alphaproteobacteria","Hyphomicrobiales","Xanthobacteraceae","Bradyrhizobium","Bradyrhizobium sp. SEMIA 6399"
"ESV_93","Bacteria","Acidobacteriota","Vicinamibacteria","Vicinamibacterales","Incertae Sedis","Incertae Sedis","uncultured Acidobacteria bacterium"
"ESV_94","Bacteria","Acidobacteriota","Vicinamibacteria","Vicinamibacterales","Incertae Sedis","Incertae Sedis","uncultured Acidobacteria bacterium"
"ESV_95","Bacteria","Pseudomonadota","Alphaproteobacteria","Hyphomicrobiales","Methyloligellaceae","Incertae Sedis","metagenome"
"ESV_96","Bacteria","Pseudomonadota","Alphaproteobacteria","Hyphomicrobiales","Methyloligellaceae","Incertae Sedis","metagenome"
"ESV_97","Bacteria","Pseudomonadota","Alphaproteobacteria","Hyphomicrobiales","Xanthobacteraceae","Incertae Sedis","metagenome"
"ESV_98","Bacteria","Pseudomonadota","Alphaproteobacteria","Hyphomicrobiales","Xanthobacteraceae","Incertae Sedis","metagenome"
"ESV_103","Bacteria","Acidobacteriota","Subgroup 11","Incertae Sedis","Incertae Sedis","Incertae Sedis","uncultured bacterium"
"ESV_104","Bacteria","Acidobacteriota","Subgroup 11","Incertae Sedis","Incertae Sedis","Incertae Sedis","uncultured bacterium"
"ESV_107","Bacteria","Pseudomonadota","Alphaproteobacteria","Hyphomicrobiales","Methyloligellaceae","Incertae Sedis","metagenome"
"ESV_108","Bacteria","Pseudomonadota","Alphaproteobacteria","Hyphomicrobiales","Methyloligellaceae","Incertae Sedis","metagenome"
"ESV_109","Bacteria","Pseudomonadota","Alphaproteobacteria","Hyphomicrobiales","Methyloligellaceae","Incertae Sedis","metagenome"
"ESV_110","Bacteria","Pseudomonadota","Alphaproteobacteria","Hyphomicrobiales","Methyloligellaceae","Incertae Sedis","metagenome"
"ESV_111","Bacteria","Acidobacteriota","Vicinamibacteria","Vicinamibacterales","Incertae Sedis","Incertae Sedis","uncultured Acidobacteria bacterium"
"ESV_112","Bacteria","Acidobacteriota","Vicinamibacteria","Vicinamibacterales","Incertae Sedis","Incertae Sedis","uncultured Acidobacteria bacterium"
"ESV_113","Bacteria","Pseudomonadota","Alphaproteobacteria","Tistrellales","Geminicoccaceae","Incertae Sedis","uncultured Rhodospirillales bacterium"
"ESV_114","Bacteria","Pseudomonadota","Alphaproteobacteria","Tistrellales","Geminicoccaceae","Incertae Sedis","uncultured Rhodospirillales bacterium"
"ESV_115","Bacteria","Actinomycetota","Actinobacteria","Micrococcales","Micrococcaceae","Pseudarthrobacter","Arthrobacter sp. Hiyo4"
"ESV_116","Bacteria","Actinomycetota","Actinobacteria","Micrococcales","Micrococcaceae","Pseudarthrobacter","Arthrobacter sp. Hiyo4"
"ESV_117","Bacteria","Bacillota","Bacilli","Bacillales","Bacillaceae","Niallia","uncultured Bacillus sp."
"ESV_118","Bacteria","Bacillota","Bacilli","Bacillales","Bacillaceae","Niallia","uncultured Bacillus sp."
"ESV_119","Bacteria","Actinomycetota","Actinobacteria","Micrococcales","Micrococcaceae","Pseudarthrobacter","Arthrobacter sp. Hiyo4"
"ESV_120","Bacteria","Actinomycetota","Actinobacteria","Micrococcales","Micrococcaceae","Pseudarthrobacter","Arthrobacter sp. Hiyo4"
"ESV_121","Bacteria","Bacillota","Bacilli","Bacillales","Bacillaceae","Niallia","uncultured Bacillus sp."
"ESV_122","Bacteria","Bacillota","Bacilli","Bacillales","Bacillaceae","Niallia","uncultured Bacillus sp."
"ESV_125","Bacteria","Pseudomonadota","Alphaproteobacteria","Hyphomicrobiales","Methyloligellaceae","Incertae Sedis","metagenome"
"ESV_126","Bacteria","Pseudomonadota","Alphaproteobacteria","Hyphomicrobiales","Methyloligellaceae","Incertae Sedis","metagenome"
"ESV_129","Bacteria","Actinomycetota","Actinobacteria","Micrococcales","Micrococcaceae","Pseudarthrobacter","Arthrobacter sp. Hiyo4"
"ESV_130","Bacteria","Actinomycetota","Actinobacteria","Micrococcales","Micrococcaceae","Pseudarthrobacter","Arthrobacter sp. Hiyo4"
"ESV_131","Bacteria","Bacteroidota","Bacteroidia","Chitinophagales","Chitinophagaceae","Incertae Sedis","metagenome"
"ESV_132","Bacteria","Bacteroidota","Bacteroidia","Chitinophagales","Chitinophagaceae","Incertae Sedis","metagenome"
"ESV_135","Bacteria","Acidobacteriota","Vicinamibacteria","Vicinamibacterales","Incertae Sedis","Incertae Sedis","uncultured Acidobacteria bacterium"
"ESV_136","Bacteria","Acidobacteriota","Vicinamibacteria","Vicinamibacterales","Incertae Sedis","Incertae Sedis","uncultured Acidobacteria bacterium"
"ESV_137","Bacteria","Pseudomonadota","Alphaproteobacteria","Hyphomicrobiales","Beijerinckiaceae","Microvirga","Microvirga ossetica"
"ESV_138","Bacteria","Pseudomonadota","Alphaproteobacteria","Hyphomicrobiales","Beijerinckiaceae","Microvirga","Microvirga ossetica"
"ESV_139","Bacteria","Actinomycetota","Actinobacteria","Micrococcales","Micrococcaceae","Arthrobacter","Arthrobacter sp. ES3-54"
"ESV_140","Bacteria","Actinomycetota","Actinobacteria","Micrococcales","Micrococcaceae","Arthrobacter","Arthrobacter sp. ES3-54"
"ESV_141","Bacteria","Pseudomonadota","Gammaproteobacteria","Burkholderiales","Nitrosomonadaceae","Nitrosospira","uncultured ammonia-oxidizing bacterium"
"ESV_142","Bacteria","Pseudomonadota","Gammaproteobacteria","Burkholderiales","Nitrosomonadaceae","Nitrosospira","uncultured ammonia-oxidizing bacterium"
"ESV_143","Bacteria","Pseudomonadota","Alphaproteobacteria","Hyphomicrobiales","Xanthobacteraceae","Incertae Sedis","metagenome"
"ESV_144","Bacteria","Pseudomonadota","Alphaproteobacteria","Hyphomicrobiales","Xanthobacteraceae","Incertae Sedis","metagenome"
"ESV_145","Bacteria","Pseudomonadota","Alphaproteobacteria","Hyphomicrobiales","Methyloligellaceae","Incertae Sedis","metagenome"
"ESV_146","Bacteria","Pseudomonadota","Alphaproteobacteria","Hyphomicrobiales","Methyloligellaceae","Incertae Sedis","metagenome"
"ESV_147","Bacteria","Pseudomonadota","Gammaproteobacteria","Burkholderiales","Sutterellaceae","Incertae Sedis","uncultured bacterium"
"ESV_148","Bacteria","Pseudomonadota","Gammaproteobacteria","Burkholderiales","Sutterellaceae","Incertae Sedis","uncultured bacterium"
"ESV_151","Bacteria","Nitrospirota","Nitrospiria","Nitrospirales","Nitrospiraceae","Nitrospira","uncultured Nitrospira sp."
"ESV_152","Bacteria","Nitrospirota","Nitrospiria","Nitrospirales","Nitrospiraceae","Nitrospira","uncultured Nitrospira sp."
"ESV_155","Bacteria","Pseudomonadota","Alphaproteobacteria","Hyphomicrobiales","Xanthobacteraceae","Bradyrhizobium","Bradyrhizobium lablabi"
"ESV_156","Bacteria","Pseudomonadota","Alphaproteobacteria","Hyphomicrobiales","Xanthobacteraceae","Bradyrhizobium","Bradyrhizobium lablabi"
"ESV_157","Bacteria","Pseudomonadota","Gammaproteobacteria","Burkholderiales","Comamonadaceae","Ramlibacter","uncultured soil bacterium"
"ESV_158","Bacteria","Pseudomonadota","Gammaproteobacteria","Burkholderiales","Comamonadaceae","Ramlibacter","uncultured soil bacterium"
"ESV_161","Bacteria","Pseudomonadota","Alphaproteobacteria","Hyphomicrobiales","Xanthobacteraceae","Incertae Sedis","metagenome"
"ESV_162","Bacteria","Pseudomonadota","Alphaproteobacteria","Hyphomicrobiales","Xanthobacteraceae","Incertae Sedis","metagenome"
"ESV_165","Bacteria","Pseudomonadota","Alphaproteobacteria","Hyphomicrobiales","Xanthobacteraceae","Incertae Sedis","metagenome"
"ESV_166","Bacteria","Pseudomonadota","Alphaproteobacteria","Hyphomicrobiales","Xanthobacteraceae","Incertae Sedis","metagenome"
"ESV_171","Bacteria","Actinomycetota","Actinobacteria","Micrococcales","Micrococcaceae","Arthrobacter","Arthrobacter sp. ES3-54"
"ESV_172","Bacteria","Actinomycetota","Actinobacteria","Micrococcales","Micrococcaceae","Arthrobacter","Arthrobacter sp. ES3-54"
"ESV_173","Bacteria","Pseudomonadota","Alphaproteobacteria","Hyphomicrobiales","Methyloligellaceae","Incertae Sedis","metagenome"
"ESV_174","Bacteria","Pseudomonadota","Alphaproteobacteria","Hyphomicrobiales","Methyloligellaceae","Incertae Sedis","metagenome"
"ESV_175","Bacteria","Pseudomonadota","Alphaproteobacteria","Hyphomicrobiales","Xanthobacteraceae","Incertae Sedis","uncultured bacterium"
"ESV_176","Bacteria","Pseudomonadota","Alphaproteobacteria","Hyphomicrobiales","Xanthobacteraceae","Incertae Sedis","uncultured bacterium"
"ESV_177","Bacteria","Bacteroidota","Bacteroidia","Bacteroidales","Bacteroidaceae","Bacteroides","Bacteroides dorei CL03T12C01"
"ESV_178","Bacteria","Bacteroidota","Bacteroidia","Bacteroidales","Bacteroidaceae","Bacteroides","Bacteroides dorei CL03T12C01"
"ESV_179","Bacteria","Pseudomonadota","Alphaproteobacteria","Hyphomicrobiales","Xanthobacteraceae","Bradyrhizobium","Bradyrhizobium sp. SEMIA 6399"
"ESV_180","Bacteria","Pseudomonadota","Alphaproteobacteria","Hyphomicrobiales","Xanthobacteraceae","Bradyrhizobium","Bradyrhizobium sp. SEMIA 6399"
"ESV_181","Bacteria","Verrucomicrobiota","Verrucomicrobiia","Chthoniobacterales","Chthoniobacteraceae","Candidatus Udaeobacter","uncultured Spartobacteria bacterium"
"ESV_182","Bacteria","Verrucomicrobiota","Verrucomicrobiia","Chthoniobacterales","Chthoniobacteraceae","Candidatus Udaeobacter","uncultured Spartobacteria bacterium"
"ESV_183","Bacteria","Pseudomonadota","Alphaproteobacteria","Hyphomicrobiales","Methyloligellaceae","Incertae Sedis","metagenome"
"ESV_184","Bacteria","Pseudomonadota","Alphaproteobacteria","Hyphomicrobiales","Methyloligellaceae","Incertae Sedis","metagenome"
"ESV_185","Bacteria","Pseudomonadota","Alphaproteobacteria","Hyphomicrobiales","Xanthobacteraceae","Bradyrhizobium","Bradyrhizobium sp. SEMIA 6399"
"ESV_186","Bacteria","Pseudomonadota","Alphaproteobacteria","Hyphomicrobiales","Xanthobacteraceae","Bradyrhizobium","Bradyrhizobium sp. SEMIA 6399"
"ESV_187","Bacteria","Pseudomonadota","Alphaproteobacteria","Hyphomicrobiales","Methyloligellaceae","Incertae Sedis","metagenome"
"ESV_188","Bacteria","Pseudomonadota","Alphaproteobacteria","Hyphomicrobiales","Methyloligellaceae","Incertae Sedis","metagenome"
"ESV_189","Bacteria","Pseudomonadota","Alphaproteobacteria","Hyphomicrobiales","Xanthobacteraceae","Incertae Sedis","metagenome"
"ESV_190","Bacteria","Pseudomonadota","Alphaproteobacteria","Hyphomicrobiales","Xanthobacteraceae","Incertae Sedis","metagenome"
"ESV_193","Bacteria","Pseudomonadota","Alphaproteobacteria","Hyphomicrobiales","Xanthobacteraceae","Incertae Sedis","uncultured bacterium"
"ESV_194","Bacteria","Pseudomonadota","Alphaproteobacteria","Hyphomicrobiales","Xanthobacteraceae","Incertae Sedis","uncultured bacterium"
"ESV_197","Bacteria","Bacillota","Bacilli","Bacillales","Bacillaceae","Niallia","uncultured Bacillus sp."
"ESV_198","Bacteria","Bacillota","Bacilli","Bacillales","Bacillaceae","Niallia","uncultured Bacillus sp."
"ESV_201","Bacteria","Pseudomonadota","Alphaproteobacteria","Hyphomicrobiales","Methyloligellaceae","Incertae Sedis","metagenome"
"ESV_202","Bacteria","Pseudomonadota","Alphaproteobacteria","Hyphomicrobiales","Methyloligellaceae","Incertae Sedis","metagenome"
"ESV_203","Bacteria","Pseudomonadota","Alphaproteobacteria","Hyphomicrobiales","Xanthobacteraceae","Bradyrhizobium","Bradyrhizobium lablabi"
"ESV_204","Bacteria","Pseudomonadota","Alphaproteobacteria","Hyphomicrobiales","Xanthobacteraceae","Bradyrhizobium","Bradyrhizobium lablabi"
"ESV_205","Bacteria","Actinomycetota","MB-A2-108","Incertae Sedis","Incertae Sedis","Incertae Sedis","metagenome"
"ESV_206","Bacteria","Actinomycetota","MB-A2-108","Incertae Sedis","Incertae Sedis","Incertae Sedis","metagenome"
"ESV_207","Bacteria","Actinomycetota","Thermoleophilia","Gaiellales","Gaiellaceae","Gaiella","uncultured bacterium"
"ESV_208","Bacteria","Actinomycetota","Thermoleophilia","Gaiellales","Gaiellaceae","Gaiella","uncultured bacterium"
"ESV_211","Bacteria","Pseudomonadota","Alphaproteobacteria","Hyphomicrobiales","Methyloligellaceae","Incertae Sedis","metagenome"
"ESV_212","Bacteria","Pseudomonadota","Alphaproteobacteria","Hyphomicrobiales","Methyloligellaceae","Incertae Sedis","metagenome"
"ESV_215","Bacteria","Pseudomonadota","Alphaproteobacteria","Hyphomicrobiales","Xanthobacteraceae","Incertae Sedis","uncultured bacterium"
"ESV_216","Bacteria","Pseudomonadota","Alphaproteobacteria","Hyphomicrobiales","Xanthobacteraceae","Incertae Sedis","uncultured bacterium"
"ESV_229","Bacteria","Nitrospirota","Nitrospiria","Nitrospirales","Nitrospiraceae","Nitrospira","uncultured Nitrospira sp."
"ESV_230","Bacteria","Nitrospirota","Nitrospiria","Nitrospirales","Nitrospiraceae","Nitrospira","uncultured Nitrospira sp."
"ESV_235","Bacteria","Actinomycetota","Actinobacteria","Micrococcales","Micrococcaceae","Pseudarthrobacter","Arthrobacter sp. Hiyo4"
"ESV_236","Bacteria","Actinomycetota","Actinobacteria","Micrococcales","Micrococcaceae","Pseudarthrobacter","Arthrobacter sp. Hiyo4"
"ESV_237","Bacteria","Actinomycetota","MB-A2-108","Incertae Sedis","Incertae Sedis","Incertae Sedis","metagenome"
"ESV_238","Bacteria","Actinomycetota","MB-A2-108","Incertae Sedis","Incertae Sedis","Incertae Sedis","metagenome"
"ESV_245","Bacteria","Actinomycetota","Actinobacteria","Micrococcales","Micrococcaceae","Pseudarthrobacter","Arthrobacter sp. Hiyo4"
"ESV_246","Bacteria","Actinomycetota","Actinobacteria","Micrococcales","Micrococcaceae","Pseudarthrobacter","Arthrobacter sp. Hiyo4"
"ESV_253","Bacteria","Pseudomonadota","Alphaproteobacteria","Hyphomicrobiales","Methyloligellaceae","Incertae Sedis","uncultured bacterium"
"ESV_254","Bacteria","Pseudomonadota","Alphaproteobacteria","Hyphomicrobiales","Methyloligellaceae","Incertae Sedis","uncultured bacterium"
"ESV_255","Bacteria","Actinomycetota","MB-A2-108","Incertae Sedis","Incertae Sedis","Incertae Sedis","metagenome"
"ESV_256","Bacteria","Actinomycetota","MB-A2-108","Incertae Sedis","Incertae Sedis","Incertae Sedis","metagenome"
"ESV_257","Bacteria","Pseudomonadota","Alphaproteobacteria","Hyphomicrobiales","Methyloligellaceae","Incertae Sedis","metagenome"
"ESV_258","Bacteria","Pseudomonadota","Alphaproteobacteria","Hyphomicrobiales","Methyloligellaceae","Incertae Sedis","metagenome"
"ESV_259","Bacteria","Pseudomonadota","Alphaproteobacteria","Hyphomicrobiales","Xanthobacteraceae","Bradyrhizobium","Bradyrhizobium lablabi"
"ESV_260","Bacteria","Pseudomonadota","Alphaproteobacteria","Hyphomicrobiales","Xanthobacteraceae","Bradyrhizobium","Bradyrhizobium lablabi"
"ESV_261","Bacteria","Pseudomonadota","Alphaproteobacteria","Hyphomicrobiales","Methyloligellaceae","Incertae Sedis","metagenome"
"ESV_262","Bacteria","Pseudomonadota","Alphaproteobacteria","Hyphomicrobiales","Methyloligellaceae","Incertae Sedis","metagenome"
"ESV_265","Bacteria","Verrucomicrobiota","Verrucomicrobiia","Chthoniobacterales","Xiphinematobacteraceae","Candidatus Xiphinematobacter","uncultured bacterium"
"ESV_266","Bacteria","Verrucomicrobiota","Verrucomicrobiia","Chthoniobacterales","Xiphinematobacteraceae","Candidatus Xiphinematobacter","uncultured bacterium"
"ESV_267","Bacteria","Pseudomonadota","Alphaproteobacteria","Hyphomicrobiales","Xanthobacteraceae","Incertae Sedis","metagenome"
"ESV_268","Bacteria","Pseudomonadota","Alphaproteobacteria","Hyphomicrobiales","Xanthobacteraceae","Incertae Sedis","metagenome"
"ESV_269","Bacteria","Pseudomonadota","Alphaproteobacteria","Hyphomicrobiales","Methyloligellaceae","Incertae Sedis","metagenome"
"ESV_270","Bacteria","Pseudomonadota","Alphaproteobacteria","Hyphomicrobiales","Methyloligellaceae","Incertae Sedis","metagenome"
"ESV_273","Bacteria","Pseudomonadota","Alphaproteobacteria","Hyphomicrobiales","Xanthobacteraceae","Incertae Sedis","uncultured bacterium"
"ESV_274","Bacteria","Pseudomonadota","Alphaproteobacteria","Hyphomicrobiales","Xanthobacteraceae","Incertae Sedis","uncultured bacterium"
"ESV_277","Bacteria","Pseudomonadota","Alphaproteobacteria","Hyphomicrobiales","Xanthobacteraceae","Incertae Sedis","uncultured bacterium"
"ESV_278","Bacteria","Pseudomonadota","Alphaproteobacteria","Hyphomicrobiales","Xanthobacteraceae","Incertae Sedis","uncultured bacterium"
"ESV_281","Bacteria","Acidobacteriota","Vicinamibacteria","Vicinamibacterales","Incertae Sedis","Incertae Sedis","uncultured bacterium"
"ESV_282","Bacteria","Acidobacteriota","Vicinamibacteria","Vicinamibacterales","Incertae Sedis","Incertae Sedis","uncultured bacterium"
"ESV_283","Bacteria","Actinomycetota","Thermoleophilia","Solirubrobacterales","67-14","Incertae Sedis","uncultured bacterium"
"ESV_284","Bacteria","Actinomycetota","Thermoleophilia","Solirubrobacterales","67-14","Incertae Sedis","uncultured bacterium"
"ESV_287","Bacteria","Actinomycetota","Actinobacteria","Micrococcales","Micrococcaceae","Arthrobacter","Arthrobacter sp. ES3-54"
"ESV_288","Bacteria","Actinomycetota","Actinobacteria","Micrococcales","Micrococcaceae","Arthrobacter","Arthrobacter sp. ES3-54"
"ESV_289","Bacteria","Actinomycetota","Actinobacteria","Propionibacteriales","Propionibacteriaceae","Microlunatus","uncultured bacterium"
"ESV_290","Bacteria","Actinomycetota","Actinobacteria","Propionibacteriales","Propionibacteriaceae","Microlunatus","uncultured bacterium"
"ESV_291","Bacteria","Bacillota","Bacilli","Bacillales","Bacillaceae","Niallia","uncultured Bacillus sp."
"ESV_292","Bacteria","Bacillota","Bacilli","Bacillales","Bacillaceae","Niallia","uncultured Bacillus sp."
"ESV_295","Bacteria","Acidobacteriota","Vicinamibacteria","Vicinamibacterales","Incertae Sedis","Incertae Sedis","uncultured bacterium"
"ESV_296","Bacteria","Acidobacteriota","Vicinamibacteria","Vicinamibacterales","Incertae Sedis","Incertae Sedis","uncultured bacterium"
"ESV_297","Bacteria","Myxococcota","bacteriap25","Incertae Sedis","Incertae Sedis","Incertae Sedis","metagenome"
"ESV_298","Bacteria","Myxococcota","bacteriap25","Incertae Sedis","Incertae Sedis","Incertae Sedis","metagenome"
"ESV_299","Bacteria","Pseudomonadota","Alphaproteobacteria","Hyphomicrobiales","Xanthobacteraceae","Incertae Sedis","uncultured bacterium"
"ESV_300","Bacteria","Pseudomonadota","Alphaproteobacteria","Hyphomicrobiales","Xanthobacteraceae","Incertae Sedis","uncultured bacterium"
"ESV_301","Bacteria","Pseudomonadota","Alphaproteobacteria","Hyphomicrobiales","Beijerinckiaceae","Microvirga","Microvirga ossetica"
"ESV_302","Bacteria","Pseudomonadota","Alphaproteobacteria","Hyphomicrobiales","Beijerinckiaceae","Microvirga","Microvirga ossetica"
"ESV_311","Bacteria","Actinomycetota","Actinobacteria","Micrococcales","Micrococcaceae","Pseudarthrobacter","Arthrobacter sp. Hiyo4"
"ESV_312","Bacteria","Actinomycetota","Actinobacteria","Micrococcales","Micrococcaceae","Pseudarthrobacter","Arthrobacter sp. Hiyo4"
"ESV_323","Bacteria","Actinomycetota","Actinobacteria","Micrococcales","Micrococcaceae","Pseudarthrobacter","Arthrobacter sp. Hiyo4"
"ESV_324","Bacteria","Actinomycetota","Actinobacteria","Micrococcales","Micrococcaceae","Pseudarthrobacter","Arthrobacter sp. Hiyo4"
"ESV_325","Bacteria","Pseudomonadota","Alphaproteobacteria","Hyphomicrobiales","Methyloligellaceae","Incertae Sedis","metagenome"
"ESV_326","Bacteria","Pseudomonadota","Alphaproteobacteria","Hyphomicrobiales","Methyloligellaceae","Incertae Sedis","metagenome"
"ESV_327","Bacteria","Actinomycetota","Actinobacteria","Micrococcales","Micrococcaceae","Pseudarthrobacter","Arthrobacter sp. Hiyo4"
"ESV_328","Bacteria","Actinomycetota","Actinobacteria","Micrococcales","Micrococcaceae","Pseudarthrobacter","Arthrobacter sp. Hiyo4"
"ESV_333","Bacteria","Pseudomonadota","Alphaproteobacteria","Hyphomicrobiales","Xanthobacteraceae","Incertae Sedis","uncultured bacterium"
"ESV_334","Bacteria","Pseudomonadota","Alphaproteobacteria","Hyphomicrobiales","Xanthobacteraceae","Incertae Sedis","uncultured bacterium"
"ESV_335","Bacteria","Pseudomonadota","Alphaproteobacteria","Hyphomicrobiales","Methyloligellaceae","Incertae Sedis","metagenome"
"ESV_336","Bacteria","Pseudomonadota","Alphaproteobacteria","Hyphomicrobiales","Methyloligellaceae","Incertae Sedis","metagenome"
"ESV_339","Bacteria","Pseudomonadota","Alphaproteobacteria","Hyphomicrobiales","Methyloligellaceae","Incertae Sedis","metagenome"
"ESV_340","Bacteria","Pseudomonadota","Alphaproteobacteria","Hyphomicrobiales","Methyloligellaceae","Incertae Sedis","metagenome"
"ESV_347","Bacteria","Actinomycetota","Thermoleophilia","Gaiellales","Incertae Sedis","Incertae Sedis","metagenome"
"ESV_348","Bacteria","Actinomycetota","Thermoleophilia","Gaiellales","Incertae Sedis","Incertae Sedis","metagenome"
"ESV_351","Bacteria","Pseudomonadota","Alphaproteobacteria","Incertae Sedis","Incertae Sedis","Incertae Sedis","metagenome"
"ESV_352","Bacteria","Pseudomonadota","Alphaproteobacteria","Incertae Sedis","Incertae Sedis","Incertae Sedis","metagenome"
"ESV_353","Bacteria","Acidobacteriota","Vicinamibacteria","Vicinamibacterales","Vicinamibacteraceae","Incertae Sedis","uncultured bacterium"
"ESV_354","Bacteria","Acidobacteriota","Vicinamibacteria","Vicinamibacterales","Vicinamibacteraceae","Incertae Sedis","uncultured bacterium"
"ESV_363","Bacteria","Pseudomonadota","Alphaproteobacteria","Hyphomicrobiales","Xanthobacteraceae","Rhodoplanes","uncultured bacterium"
"ESV_364","Bacteria","Pseudomonadota","Alphaproteobacteria","Hyphomicrobiales","Xanthobacteraceae","Rhodoplanes","uncultured bacterium"
"ESV_365","Bacteria","Pseudomonadota","Alphaproteobacteria","Hyphomicrobiales","Xanthobacteraceae","Incertae Sedis","uncultured bacterium"
"ESV_366","Bacteria","Pseudomonadota","Alphaproteobacteria","Hyphomicrobiales","Xanthobacteraceae","Incertae Sedis","uncultured bacterium"
"ESV_367","Bacteria","Bacteroidota","Bacteroidia","Chitinophagales","Chitinophagaceae","Incertae Sedis","metagenome"
"ESV_368","Bacteria","Bacteroidota","Bacteroidia","Chitinophagales","Chitinophagaceae","Incertae Sedis","metagenome"
"ESV_381","Bacteria","Pseudomonadota","Alphaproteobacteria","Hyphomicrobiales","Methyloligellaceae","Incertae Sedis","metagenome"
"ESV_382","Bacteria","Pseudomonadota","Alphaproteobacteria","Hyphomicrobiales","Methyloligellaceae","Incertae Sedis","metagenome"
"ESV_383","Bacteria","Actinomycetota","Actinobacteria","Micrococcales","Micrococcaceae","Pseudarthrobacter","Arthrobacter sp. Hiyo4"
"ESV_384","Bacteria","Actinomycetota","Actinobacteria","Micrococcales","Micrococcaceae","Pseudarthrobacter","Arthrobacter sp. Hiyo4"
"ESV_387","Bacteria","Pseudomonadota","Alphaproteobacteria","Hyphomicrobiales","Methyloligellaceae","Incertae Sedis","metagenome"
"ESV_388","Bacteria","Pseudomonadota","Alphaproteobacteria","Hyphomicrobiales","Methyloligellaceae","Incertae Sedis","metagenome"
"ESV_389","Bacteria","Pseudomonadota","Alphaproteobacteria","Hyphomicrobiales","Methyloligellaceae","Incertae Sedis","metagenome"
"ESV_390","Bacteria","Pseudomonadota","Alphaproteobacteria","Hyphomicrobiales","Methyloligellaceae","Incertae Sedis","metagenome"
"ESV_393","Bacteria","Actinomycetota","Actinobacteria","Micrococcales","Micrococcaceae","Pseudarthrobacter","Arthrobacter sp. Hiyo4"
"ESV_394","Bacteria","Actinomycetota","Actinobacteria","Micrococcales","Micrococcaceae","Pseudarthrobacter","Arthrobacter sp. Hiyo4"
"ESV_401","Bacteria","Actinomycetota","MB-A2-108","Incertae Sedis","Incertae Sedis","Incertae Sedis","metagenome"
"ESV_402","Bacteria","Actinomycetota","MB-A2-108","Incertae Sedis","Incertae Sedis","Incertae Sedis","metagenome"
"ESV_407","Bacteria","Pseudomonadota","Alphaproteobacteria","Hyphomicrobiales","Methyloligellaceae","Incertae Sedis","metagenome"
"ESV_408","Bacteria","Pseudomonadota","Alphaproteobacteria","Hyphomicrobiales","Methyloligellaceae","Incertae Sedis","metagenome"
"ESV_413","Bacteria","Pseudomonadota","Alphaproteobacteria","Hyphomicrobiales","Methyloligellaceae","Incertae Sedis","metagenome"
"ESV_414","Bacteria","Pseudomonadota","Alphaproteobacteria","Hyphomicrobiales","Methyloligellaceae","Incertae Sedis","metagenome"
"ESV_415","Bacteria","Pseudomonadota","Alphaproteobacteria","Hyphomicrobiales","Hyphomicrobiaceae","Pedomicrobium","metagenome"
"ESV_416","Bacteria","Pseudomonadota","Alphaproteobacteria","Hyphomicrobiales","Hyphomicrobiaceae","Pedomicrobium","metagenome"
"ESV_417","Bacteria","Actinomycetota","Actinobacteria","Micrococcales","Micrococcaceae","Pseudarthrobacter","Arthrobacter sp. Hiyo4"
"ESV_418","Bacteria","Actinomycetota","Actinobacteria","Micrococcales","Micrococcaceae","Pseudarthrobacter","Arthrobacter sp. Hiyo4"
"ESV_421","Bacteria","Pseudomonadota","Alphaproteobacteria","Hyphomicrobiales","Xanthobacteraceae","Incertae Sedis","metagenome"
"ESV_422","Bacteria","Pseudomonadota","Alphaproteobacteria","Hyphomicrobiales","Xanthobacteraceae","Incertae Sedis","metagenome"
"ESV_423","Bacteria","Pseudomonadota","Alphaproteobacteria","Hyphomicrobiales","Xanthobacteraceae","Incertae Sedis","uncultured bacterium"
"ESV_424","Bacteria","Pseudomonadota","Alphaproteobacteria","Hyphomicrobiales","Xanthobacteraceae","Incertae Sedis","uncultured bacterium"
"ESV_427","Bacteria","Actinomycetota","Thermoleophilia","Gaiellales","Gaiellaceae","Gaiella","uncultured actinobacterium"
"ESV_428","Bacteria","Actinomycetota","Thermoleophilia","Gaiellales","Gaiellaceae","Gaiella","uncultured actinobacterium"
"ESV_429","Bacteria","Pseudomonadota","Alphaproteobacteria","Hyphomicrobiales","Beijerinckiaceae","Microvirga","Microvirga ossetica"
"ESV_430","Bacteria","Pseudomonadota","Alphaproteobacteria","Hyphomicrobiales","Beijerinckiaceae","Microvirga","Microvirga ossetica"
"ESV_431","Bacteria","Verrucomicrobiota","Verrucomicrobiia","Chthoniobacterales","Xiphinematobacteraceae","Candidatus Xiphinematobacter","uncultured bacterium"
"ESV_432","Bacteria","Verrucomicrobiota","Verrucomicrobiia","Chthoniobacterales","Xiphinematobacteraceae","Candidatus Xiphinematobacter","uncultured bacterium"
"ESV_435","Bacteria","Pseudomonadota","Alphaproteobacteria","Hyphomicrobiales","Xanthobacteraceae","Bradyrhizobium","Bradyrhizobium sp. SEMIA 6399"
"ESV_436","Bacteria","Pseudomonadota","Alphaproteobacteria","Hyphomicrobiales","Xanthobacteraceae","Bradyrhizobium","Bradyrhizobium sp. SEMIA 6399"
"ESV_441","Bacteria","Pseudomonadota","Alphaproteobacteria","Hyphomicrobiales","Xanthobacteraceae","Incertae Sedis","uncultured bacterium"
"ESV_442","Bacteria","Pseudomonadota","Alphaproteobacteria","Hyphomicrobiales","Xanthobacteraceae","Incertae Sedis","uncultured bacterium"
"ESV_445","Bacteria","Actinomycetota","Actinobacteria","Micrococcales","Micrococcaceae","Pseudarthrobacter","Arthrobacter sp. Hiyo4"
"ESV_446","Bacteria","Actinomycetota","Actinobacteria","Micrococcales","Micrococcaceae","Pseudarthrobacter","Arthrobacter sp. Hiyo4"
"ESV_447","Bacteria","Bacteroidota","Bacteroidia","Chitinophagales","Chitinophagaceae","Incertae Sedis","metagenome"
"ESV_448","Bacteria","Bacteroidota","Bacteroidia","Chitinophagales","Chitinophagaceae","Incertae Sedis","metagenome"
"ESV_449","Bacteria","Actinomycetota","Thermoleophilia","Gaiellales","Gaiellaceae","Gaiella","uncultured bacterium"
"ESV_450","Bacteria","Actinomycetota","Thermoleophilia","Gaiellales","Gaiellaceae","Gaiella","uncultured bacterium"
"ESV_453","Bacteria","Pseudomonadota","Alphaproteobacteria","Hyphomicrobiales","Xanthobacteraceae","Bradyrhizobium","Bradyrhizobium sp. SEMIA 6399"
"ESV_454","Bacteria","Pseudomonadota","Alphaproteobacteria","Hyphomicrobiales","Xanthobacteraceae","Bradyrhizobium","Bradyrhizobium sp. SEMIA 6399"
"ESV_455","Bacteria","Actinomycetota","Thermoleophilia","Gaiellales","Incertae Sedis","Incertae Sedis","uncultured actinobacterium"
"ESV_456","Bacteria","Actinomycetota","Thermoleophilia","Gaiellales","Incertae Sedis","Incertae Sedis","uncultured actinobacterium"
"ESV_459","Bacteria","Actinomycetota","Actinobacteria","Micrococcales","Micrococcaceae","Pseudarthrobacter","Arthrobacter sp. Hiyo4"
"ESV_460","Bacteria","Actinomycetota","Actinobacteria","Micrococcales","Micrococcaceae","Pseudarthrobacter","Arthrobacter sp. Hiyo4"
"ESV_461","Bacteria","Bacillota","Bacilli","Bacillales","Bacillaceae","Niallia","uncultured Bacillus sp."
"ESV_462","Bacteria","Bacillota","Bacilli","Bacillales","Bacillaceae","Niallia","uncultured Bacillus sp."
"ESV_467","Bacteria","Actinomycetota","Actinobacteria","Micrococcales","Micrococcaceae","Arthrobacter","Arthrobacter sp. ES3-54"
"ESV_468","Bacteria","Actinomycetota","Actinobacteria","Micrococcales","Micrococcaceae","Arthrobacter","Arthrobacter sp. ES3-54"
"ESV_469","Bacteria","Actinomycetota","Actinobacteria","Micrococcales","Micrococcaceae","Pseudarthrobacter","Arthrobacter sp. Hiyo4"
"ESV_470","Bacteria","Actinomycetota","Actinobacteria","Micrococcales","Micrococcaceae","Pseudarthrobacter","Arthrobacter sp. Hiyo4"
"ESV_471","Bacteria","Pseudomonadota","Alphaproteobacteria","Rickettsiales","Mitochondria","Incertae Sedis","uncultured bacterium"
"ESV_472","Bacteria","Pseudomonadota","Alphaproteobacteria","Rickettsiales","Mitochondria","Incertae Sedis","uncultured bacterium"
"ESV_477","Bacteria","Pseudomonadota","Alphaproteobacteria","Hyphomicrobiales","Xanthobacteraceae","Bradyrhizobium","Bradyrhizobium lablabi"
"ESV_478","Bacteria","Pseudomonadota","Alphaproteobacteria","Hyphomicrobiales","Xanthobacteraceae","Bradyrhizobium","Bradyrhizobium lablabi"
"ESV_481","Bacteria","Pseudomonadota","Alphaproteobacteria","Hyphomicrobiales","Hyphomicrobiaceae","Pedomicrobium","metagenome"
"ESV_482","Bacteria","Pseudomonadota","Alphaproteobacteria","Hyphomicrobiales","Hyphomicrobiaceae","Pedomicrobium","metagenome"
"ESV_487","Bacteria","Pseudomonadota","Alphaproteobacteria","Hyphomicrobiales","Xanthobacteraceae","Incertae Sedis","uncultured bacterium"
"ESV_488","Bacteria","Pseudomonadota","Alphaproteobacteria","Hyphomicrobiales","Xanthobacteraceae","Incertae Sedis","uncultured bacterium"
"ESV_491","Bacteria","Actinomycetota","Actinobacteria","Micrococcales","Micrococcaceae","Pseudarthrobacter","Arthrobacter sp. Hiyo4"
"ESV_492","Bacteria","Actinomycetota","Actinobacteria","Micrococcales","Micrococcaceae","Pseudarthrobacter","Arthrobacter sp. Hiyo4"
"ESV_493","Bacteria","Pseudomonadota","Alphaproteobacteria","Hyphomicrobiales","Xanthobacteraceae","Incertae Sedis","uncultured bacterium"
"ESV_494","Bacteria","Pseudomonadota","Alphaproteobacteria","Hyphomicrobiales","Xanthobacteraceae","Incertae Sedis","uncultured bacterium"
"ESV_495","Bacteria","Acidobacteriota","Vicinamibacteria","Vicinamibacterales","Vicinamibacteraceae","Incertae Sedis","uncultured bacterium"
"ESV_496","Bacteria","Acidobacteriota","Vicinamibacteria","Vicinamibacterales","Vicinamibacteraceae","Incertae Sedis","uncultured bacterium"
"ESV_501","Bacteria","Cyanobacteriota","Cyanobacteriia","Chloroplast","Incertae Sedis","Incertae Sedis","Klebsormidium nitens"
"ESV_502","Bacteria","Cyanobacteriota","Cyanobacteriia","Chloroplast","Incertae Sedis","Incertae Sedis","Klebsormidium nitens"
"ESV_505","Bacteria","Bacteroidota","Bacteroidia","Bacteroidales","Bacteroidaceae","Bacteroides","Bacteroides dorei CL03T12C01"
"ESV_506","Bacteria","Bacteroidota","Bacteroidia","Bacteroidales","Bacteroidaceae","Bacteroides","Bacteroides dorei CL03T12C01"
"ESV_507","Bacteria","Pseudomonadota","Alphaproteobacteria","Hyphomicrobiales","Methyloligellaceae","Incertae Sedis","metagenome"
"ESV_508","Bacteria","Pseudomonadota","Alphaproteobacteria","Hyphomicrobiales","Methyloligellaceae","Incertae Sedis","metagenome"
"ESV_509","Bacteria","Bacillota","Bacilli","Bacillales","Bacillaceae","Niallia","uncultured Bacillus sp."
"ESV_510","Bacteria","Bacillota","Bacilli","Bacillales","Bacillaceae","Niallia","uncultured Bacillus sp."
"ESV_513","Bacteria","Pseudomonadota","Alphaproteobacteria","Hyphomicrobiales","Xanthobacteraceae","Incertae Sedis","uncultured bacterium"
"ESV_514","Bacteria","Pseudomonadota","Alphaproteobacteria","Hyphomicrobiales","Xanthobacteraceae","Incertae Sedis","uncultured bacterium"
"ESV_523","Bacteria","Pseudomonadota","Alphaproteobacteria","Hyphomicrobiales","Xanthobacteraceae","Bradyrhizobium","Bradyrhizobium lablabi"
"ESV_524","Bacteria","Pseudomonadota","Alphaproteobacteria","Hyphomicrobiales","Xanthobacteraceae","Bradyrhizobium","Bradyrhizobium lablabi"
"ESV_525","Bacteria","Acidobacteriota","Vicinamibacteria","Vicinamibacterales","Incertae Sedis","Incertae Sedis","uncultured bacterium"
"ESV_526","Bacteria","Acidobacteriota","Vicinamibacteria","Vicinamibacterales","Incertae Sedis","Incertae Sedis","uncultured bacterium"
"ESV_531","Bacteria","Pseudomonadota","Alphaproteobacteria","Hyphomicrobiales","Methyloligellaceae","Incertae Sedis","metagenome"
"ESV_532","Bacteria","Pseudomonadota","Alphaproteobacteria","Hyphomicrobiales","Methyloligellaceae","Incertae Sedis","metagenome"
"ESV_545","Bacteria","Actinomycetota","Actinobacteria","Micrococcales","Micrococcaceae","Arthrobacter","Arthrobacter sp. ES3-54"
"ESV_546","Bacteria","Actinomycetota","Actinobacteria","Micrococcales","Micrococcaceae","Arthrobacter","Arthrobacter sp. ES3-54"
"ESV_547","Bacteria","Pseudomonadota","Alphaproteobacteria","Hyphomicrobiales","Xanthobacteraceae","Incertae Sedis","uncultured bacterium"
"ESV_548","Bacteria","Pseudomonadota","Alphaproteobacteria","Hyphomicrobiales","Xanthobacteraceae","Incertae Sedis","uncultured bacterium"
"ESV_549","Bacteria","Pseudomonadota","Alphaproteobacteria","Hyphomicrobiales","Methyloligellaceae","Incertae Sedis","metagenome"
"ESV_550","Bacteria","Pseudomonadota","Alphaproteobacteria","Hyphomicrobiales","Methyloligellaceae","Incertae Sedis","metagenome"
"ESV_553","Bacteria","Actinomycetota","MB-A2-108","Incertae Sedis","Incertae Sedis","Incertae Sedis","uncultured bacterium"
"ESV_554","Bacteria","Actinomycetota","MB-A2-108","Incertae Sedis","Incertae Sedis","Incertae Sedis","uncultured bacterium"
"ESV_557","Bacteria","Pseudomonadota","Alphaproteobacteria","Hyphomicrobiales","Methyloligellaceae","Incertae Sedis","metagenome"
"ESV_558","Bacteria","Pseudomonadota","Alphaproteobacteria","Hyphomicrobiales","Methyloligellaceae","Incertae Sedis","metagenome"
"ESV_561","Bacteria","Acidobacteriota","Vicinamibacteria","Vicinamibacterales","Incertae Sedis","Incertae Sedis","uncultured bacterium"
"ESV_562","Bacteria","Acidobacteriota","Vicinamibacteria","Vicinamibacterales","Incertae Sedis","Incertae Sedis","uncultured bacterium"
"ESV_563","Bacteria","Pseudomonadota","Alphaproteobacteria","Hyphomicrobiales","Methyloligellaceae","Incertae Sedis","metagenome"
"ESV_564","Bacteria","Pseudomonadota","Alphaproteobacteria","Hyphomicrobiales","Methyloligellaceae","Incertae Sedis","metagenome"
"ESV_565","Bacteria","Nitrospirota","Nitrospiria","Nitrospirales","Nitrospiraceae","Nitrospira","uncultured Nitrospira sp."
"ESV_566","Bacteria","Nitrospirota","Nitrospiria","Nitrospirales","Nitrospiraceae","Nitrospira","uncultured Nitrospira sp."
"ESV_571","Bacteria","Actinomycetota","Actinobacteria","Micrococcales","Micrococcaceae","Pseudarthrobacter","Arthrobacter sp. Hiyo4"
"ESV_572","Bacteria","Actinomycetota","Actinobacteria","Micrococcales","Micrococcaceae","Pseudarthrobacter","Arthrobacter sp. Hiyo4"
"ESV_573","Bacteria","Pseudomonadota","Alphaproteobacteria","Hyphomicrobiales","Xanthobacteraceae","Incertae Sedis","metagenome"
"ESV_574","Bacteria","Pseudomonadota","Alphaproteobacteria","Hyphomicrobiales","Xanthobacteraceae","Incertae Sedis","metagenome"
"ESV_583","Bacteria","Pseudomonadota","Alphaproteobacteria","Hyphomicrobiales","Xanthobacteraceae","Incertae Sedis","uncultured bacterium"
"ESV_584","Bacteria","Pseudomonadota","Alphaproteobacteria","Hyphomicrobiales","Xanthobacteraceae","Incertae Sedis","uncultured bacterium"
"ESV_585","Bacteria","Bacteroidota","Bacteroidia","Chitinophagales","Chitinophagaceae","Incertae Sedis","metagenome"
"ESV_586","Bacteria","Bacteroidota","Bacteroidia","Chitinophagales","Chitinophagaceae","Incertae Sedis","metagenome"
"ESV_589","Bacteria","Pseudomonadota","Alphaproteobacteria","Hyphomicrobiales","Methyloligellaceae","Incertae Sedis","metagenome"
"ESV_590","Bacteria","Pseudomonadota","Alphaproteobacteria","Hyphomicrobiales","Methyloligellaceae","Incertae Sedis","metagenome"
"ESV_591","Bacteria","Pseudomonadota","Alphaproteobacteria","Hyphomicrobiales","Xanthobacteraceae","Incertae Sedis","uncultured bacterium"
"ESV_592","Bacteria","Pseudomonadota","Alphaproteobacteria","Hyphomicrobiales","Xanthobacteraceae","Incertae Sedis","uncultured bacterium"
"ESV_593","Bacteria","Pseudomonadota","Alphaproteobacteria","Hyphomicrobiales","Xanthobacteraceae","Incertae Sedis","metagenome"
"ESV_594","Bacteria","Pseudomonadota","Alphaproteobacteria","Hyphomicrobiales","Xanthobacteraceae","Incertae Sedis","metagenome"
"ESV_609","Bacteria","Pseudomonadota","Alphaproteobacteria","Hyphomicrobiales","Beijerinckiaceae","Microvirga","Microvirga ossetica"
"ESV_610","Bacteria","Pseudomonadota","Alphaproteobacteria","Hyphomicrobiales","Beijerinckiaceae","Microvirga","Microvirga ossetica"
"ESV_611","Bacteria","Nitrospirota","Nitrospiria","Nitrospirales","Nitrospiraceae","Nitrospira","uncultured Nitrospira sp."
"ESV_612","Bacteria","Nitrospirota","Nitrospiria","Nitrospirales","Nitrospiraceae","Nitrospira","uncultured Nitrospira sp."
"ESV_621","Bacteria","Pseudomonadota","Alphaproteobacteria","Hyphomicrobiales","Xanthobacteraceae","Incertae Sedis","metagenome"
"ESV_622","Bacteria","Pseudomonadota","Alphaproteobacteria","Hyphomicrobiales","Xanthobacteraceae","Incertae Sedis","metagenome"
"ESV_625","Bacteria","Myxococcota","bacteriap25","Incertae Sedis","Incertae Sedis","Incertae Sedis","uncultured bacterium"
"ESV_626","Bacteria","Myxococcota","bacteriap25","Incertae Sedis","Incertae Sedis","Incertae Sedis","uncultured bacterium"
"ESV_639","Bacteria","Bacillota","Bacilli","Bacillales","Bacillaceae","Niallia","uncultured bacterium"
"ESV_640","Bacteria","Bacillota","Bacilli","Bacillales","Bacillaceae","Niallia","uncultured bacterium"
"ESV_641","Bacteria","Myxococcota","bacteriap25","Incertae Sedis","Incertae Sedis","Incertae Sedis","metagenome"
"ESV_642","Bacteria","Myxococcota","bacteriap25","Incertae Sedis","Incertae Sedis","Incertae Sedis","metagenome"
"ESV_645","Bacteria","Pseudomonadota","Alphaproteobacteria","Hyphomicrobiales","Methyloligellaceae","Incertae Sedis","metagenome"
"ESV_646","Bacteria","Pseudomonadota","Alphaproteobacteria","Hyphomicrobiales","Methyloligellaceae","Incertae Sedis","metagenome"
"ESV_647","Bacteria","Verrucomicrobiota","Verrucomicrobiia","Chthoniobacterales","Xiphinematobacteraceae","Candidatus Xiphinematobacter","uncultured bacterium"
"ESV_648","Bacteria","Verrucomicrobiota","Verrucomicrobiia","Chthoniobacterales","Xiphinematobacteraceae","Candidatus Xiphinematobacter","uncultured bacterium"
"ESV_659","Bacteria","Nitrospirota","Nitrospiria","Nitrospirales","Nitrospiraceae","Nitrospira","uncultured Nitrospira sp."
"ESV_660","Bacteria","Nitrospirota","Nitrospiria","Nitrospirales","Nitrospiraceae","Nitrospira","uncultured Nitrospira sp."
"ESV_667","Bacteria","Bacillota","Bacilli","Bacillales","Bacillaceae","Niallia","uncultured Bacillus sp."
"ESV_668","Bacteria","Bacillota","Bacilli","Bacillales","Bacillaceae","Niallia","uncultured Bacillus sp."
"ESV_669","Bacteria","Pseudomonadota","Alphaproteobacteria","Incertae Sedis","Incertae Sedis","Incertae Sedis","metagenome"
"ESV_670","Bacteria","Pseudomonadota","Alphaproteobacteria","Incertae Sedis","Incertae Sedis","Incertae Sedis","metagenome"
"ESV_677","Bacteria","Pseudomonadota","Alphaproteobacteria","Hyphomicrobiales","Methyloligellaceae","Incertae Sedis","metagenome"
"ESV_678","Bacteria","Pseudomonadota","Alphaproteobacteria","Hyphomicrobiales","Methyloligellaceae","Incertae Sedis","metagenome"
"ESV_687","Bacteria","Acidobacteriota","Vicinamibacteria","Vicinamibacterales","Vicinamibacteraceae","Incertae Sedis","uncultured bacterium"
"ESV_688","Bacteria","Acidobacteriota","Vicinamibacteria","Vicinamibacterales","Vicinamibacteraceae","Incertae Sedis","uncultured bacterium"
"ESV_707","Bacteria","Actinomycetota","Actinobacteria","Micrococcales","Micrococcaceae","Pseudarthrobacter","Arthrobacter sp. Hiyo4"
"ESV_708","Bacteria","Actinomycetota","Actinobacteria","Micrococcales","Micrococcaceae","Pseudarthrobacter","Arthrobacter sp. Hiyo4"
"ESV_709","Bacteria","Actinomycetota","Thermoleophilia","Gaiellales","Incertae Sedis","Incertae Sedis","uncultured actinobacterium"
"ESV_710","Bacteria","Actinomycetota","Thermoleophilia","Gaiellales","Incertae Sedis","Incertae Sedis","uncultured actinobacterium"
"ESV_711","Bacteria","Pseudomonadota","Gammaproteobacteria","Burkholderiales","Comamonadaceae","Ramlibacter","uncultured soil bacterium"
"ESV_712","Bacteria","Pseudomonadota","Gammaproteobacteria","Burkholderiales","Comamonadaceae","Ramlibacter","uncultured soil bacterium"
"ESV_713","Bacteria","Pseudomonadota","Alphaproteobacteria","Hyphomicrobiales","Xanthobacteraceae","Bradyrhizobium","Bradyrhizobium lablabi"
"ESV_714","Bacteria","Pseudomonadota","Alphaproteobacteria","Hyphomicrobiales","Xanthobacteraceae","Bradyrhizobium","Bradyrhizobium lablabi"
"ESV_723","Bacteria","Acidobacteriota","Vicinamibacteria","Vicinamibacterales","Vicinamibacteraceae","Incertae Sedis","uncultured bacterium"
"ESV_724","Bacteria","Acidobacteriota","Vicinamibacteria","Vicinamibacterales","Vicinamibacteraceae","Incertae Sedis","uncultured bacterium"
"ESV_725","Bacteria","Pseudomonadota","Alphaproteobacteria","Hyphomicrobiales","Xanthobacteraceae","Incertae Sedis","metagenome"
"ESV_726","Bacteria","Pseudomonadota","Alphaproteobacteria","Hyphomicrobiales","Xanthobacteraceae","Incertae Sedis","metagenome"
"ESV_735","Bacteria","Pseudomonadota","Alphaproteobacteria","Hyphomicrobiales","Methyloligellaceae","Incertae Sedis","metagenome"
"ESV_736","Bacteria","Pseudomonadota","Alphaproteobacteria","Hyphomicrobiales","Methyloligellaceae","Incertae Sedis","metagenome"
"ESV_737","Bacteria","Pseudomonadota","Alphaproteobacteria","Hyphomicrobiales","Methyloligellaceae","Incertae Sedis","metagenome"
"ESV_738","Bacteria","Pseudomonadota","Alphaproteobacteria","Hyphomicrobiales","Methyloligellaceae","Incertae Sedis","metagenome"
"ESV_739","Bacteria","Pseudomonadota","Alphaproteobacteria","Hyphomicrobiales","Xanthobacteraceae","Incertae Sedis","uncultured bacterium"
"ESV_740","Bacteria","Pseudomonadota","Alphaproteobacteria","Hyphomicrobiales","Xanthobacteraceae","Incertae Sedis","uncultured bacterium"
"ESV_741","Bacteria","Pseudomonadota","Alphaproteobacteria","Hyphomicrobiales","Methyloligellaceae","Incertae Sedis","metagenome"
"ESV_742","Bacteria","Pseudomonadota","Alphaproteobacteria","Hyphomicrobiales","Methyloligellaceae","Incertae Sedis","metagenome"
"ESV_743","Bacteria","Nitrospirota","Nitrospiria","Nitrospirales","Nitrospiraceae","Nitrospira","uncultured Nitrospira sp."
"ESV_744","Bacteria","Nitrospirota","Nitrospiria","Nitrospirales","Nitrospiraceae","Nitrospira","uncultured Nitrospira sp."
"ESV_747","Bacteria","Actinomycetota","Actinobacteria","Micrococcales","Micrococcaceae","Arthrobacter","Arthrobacter sp. ES3-54"
"ESV_750","Bacteria","Actinomycetota","Actinobacteria","Micrococcales","Micrococcaceae","Arthrobacter","Arthrobacter sp. ES3-54"
"ESV_751","Bacteria","Pseudomonadota","Alphaproteobacteria","Hyphomicrobiales","Methyloligellaceae","Incertae Sedis","metagenome"
"ESV_752","Bacteria","Pseudomonadota","Alphaproteobacteria","Hyphomicrobiales","Methyloligellaceae","Incertae Sedis","metagenome"
"ESV_757","Bacteria","Actinomycetota","Actinobacteria","Micrococcales","Micrococcaceae","Pseudarthrobacter","Arthrobacter sp. Hiyo4"
"ESV_758","Bacteria","Actinomycetota","Actinobacteria","Micrococcales","Micrococcaceae","Pseudarthrobacter","Arthrobacter sp. Hiyo4"
"ESV_759","Bacteria","Verrucomicrobiota","Verrucomicrobiia","Chthoniobacterales","Chthoniobacteraceae","Candidatus Udaeobacter","uncultured bacterium"
"ESV_760","Bacteria","Verrucomicrobiota","Verrucomicrobiia","Chthoniobacterales","Chthoniobacteraceae","Candidatus Udaeobacter","uncultured bacterium"
"ESV_761","Bacteria","Pseudomonadota","Alphaproteobacteria","Hyphomicrobiales","Methyloligellaceae","Incertae Sedis","metagenome"
"ESV_762","Bacteria","Pseudomonadota","Alphaproteobacteria","Hyphomicrobiales","Methyloligellaceae","Incertae Sedis","metagenome"
"ESV_775","Bacteria","Pseudomonadota","Alphaproteobacteria","Hyphomicrobiales","Methyloligellaceae","Incertae Sedis","metagenome"
"ESV_776","Bacteria","Pseudomonadota","Alphaproteobacteria","Hyphomicrobiales","Methyloligellaceae","Incertae Sedis","metagenome"
"ESV_783","Bacteria","Pseudomonadota","Alphaproteobacteria","Hyphomicrobiales","Beijerinckiaceae","Microvirga","Microvirga ossetica"
"ESV_784","Bacteria","Pseudomonadota","Alphaproteobacteria","Hyphomicrobiales","Beijerinckiaceae","Microvirga","Microvirga ossetica"
"ESV_793","Bacteria","Pseudomonadota","Alphaproteobacteria","Rickettsiales","Mitochondria","Incertae Sedis","metagenome"
"ESV_794","Bacteria","Pseudomonadota","Alphaproteobacteria","Rickettsiales","Mitochondria","Incertae Sedis","metagenome"
"ESV_795","Bacteria","Acidobacteriota","Vicinamibacteria","Vicinamibacterales","Vicinamibacteraceae","Incertae Sedis","uncultured bacterium"
"ESV_796","Bacteria","Acidobacteriota","Vicinamibacteria","Vicinamibacterales","Vicinamibacteraceae","Incertae Sedis","uncultured bacterium"
"ESV_797","Bacteria","Acidobacteriota","Vicinamibacteria","Vicinamibacterales","Vicinamibacteraceae","Incertae Sedis","uncultured bacterium"
"ESV_798","Bacteria","Acidobacteriota","Vicinamibacteria","Vicinamibacterales","Vicinamibacteraceae","Incertae Sedis","uncultured bacterium"
"ESV_803","Bacteria","Nitrospirota","Nitrospiria","Nitrospirales","Nitrospiraceae","Nitrospira","uncultured bacterium"
"ESV_804","Bacteria","Nitrospirota","Nitrospiria","Nitrospirales","Nitrospiraceae","Nitrospira","uncultured bacterium"
"ESV_805","Bacteria","Acidobacteriota","Vicinamibacteria","Vicinamibacterales","Vicinamibacteraceae","Incertae Sedis","uncultured bacterium"
"ESV_806","Bacteria","Acidobacteriota","Vicinamibacteria","Vicinamibacterales","Vicinamibacteraceae","Incertae Sedis","uncultured bacterium"
"ESV_811","Bacteria","Pseudomonadota","Alphaproteobacteria","Hyphomicrobiales","Methyloligellaceae","Incertae Sedis","metagenome"
"ESV_812","Bacteria","Pseudomonadota","Alphaproteobacteria","Hyphomicrobiales","Methyloligellaceae","Incertae Sedis","metagenome"
"ESV_815","Bacteria","Pseudomonadota","Alphaproteobacteria","Hyphomicrobiales","Xanthobacteraceae","Incertae Sedis","uncultured bacterium"
"ESV_816","Bacteria","Pseudomonadota","Alphaproteobacteria","Hyphomicrobiales","Xanthobacteraceae","Incertae Sedis","uncultured bacterium"
"ESV_821","Bacteria","Acidobacteriota","Vicinamibacteria","Vicinamibacterales","Vicinamibacteraceae","Incertae Sedis","uncultured bacterium"
"ESV_822","Bacteria","Acidobacteriota","Vicinamibacteria","Vicinamibacterales","Vicinamibacteraceae","Incertae Sedis","uncultured bacterium"
"ESV_833","Bacteria","Pseudomonadota","Gammaproteobacteria","Burkholderiales","Comamonadaceae","Ramlibacter","uncultured soil bacterium"
"ESV_834","Bacteria","Pseudomonadota","Gammaproteobacteria","Burkholderiales","Comamonadaceae","Ramlibacter","uncultured soil bacterium"
"ESV_835","Bacteria","Actinomycetota","MB-A2-108","Incertae Sedis","Incertae Sedis","Incertae Sedis","uncultured bacterium"
"ESV_836","Bacteria","Actinomycetota","MB-A2-108","Incertae Sedis","Incertae Sedis","Incertae Sedis","uncultured bacterium"
"ESV_837","Bacteria","Pseudomonadota","Alphaproteobacteria","Hyphomicrobiales","Methyloligellaceae","Incertae Sedis","metagenome"
"ESV_838","Bacteria","Pseudomonadota","Alphaproteobacteria","Hyphomicrobiales","Methyloligellaceae","Incertae Sedis","metagenome"
"ESV_841","Bacteria","Pseudomonadota","Alphaproteobacteria","Hyphomicrobiales","Xanthobacteraceae","Bradyrhizobium","Bradyrhizobium lablabi"
"ESV_842","Bacteria","Pseudomonadota","Alphaproteobacteria","Hyphomicrobiales","Xanthobacteraceae","Bradyrhizobium","Bradyrhizobium lablabi"
"ESV_843","Bacteria","Pseudomonadota","Alphaproteobacteria","Hyphomicrobiales","Xanthobacteraceae","Bradyrhizobium","Bradyrhizobium lablabi"
"ESV_844","Bacteria","Pseudomonadota","Alphaproteobacteria","Hyphomicrobiales","Xanthobacteraceae","Bradyrhizobium","Bradyrhizobium lablabi"
"ESV_859","Bacteria","Pseudomonadota","Alphaproteobacteria","Hyphomicrobiales","Methyloligellaceae","Incertae Sedis","metagenome"
"ESV_860","Bacteria","Pseudomonadota","Alphaproteobacteria","Hyphomicrobiales","Methyloligellaceae","Incertae Sedis","metagenome"
"ESV_863","Bacteria","Verrucomicrobiota","Verrucomicrobiia","Chthoniobacterales","Chthoniobacteraceae","Candidatus Udaeobacter","uncultured bacterium"
"ESV_864","Bacteria","Verrucomicrobiota","Verrucomicrobiia","Chthoniobacterales","Chthoniobacteraceae","Candidatus Udaeobacter","uncultured bacterium"
"ESV_873","Bacteria","Pseudomonadota","Alphaproteobacteria","Hyphomicrobiales","Xanthobacteraceae","Bradyrhizobium","Bradyrhizobium lablabi"
"ESV_874","Bacteria","Pseudomonadota","Alphaproteobacteria","Hyphomicrobiales","Xanthobacteraceae","Bradyrhizobium","Bradyrhizobium lablabi"
"ESV_887","Bacteria","Actinomycetota","Actinobacteria","Micrococcales","Micrococcaceae","Arthrobacter","Arthrobacter sp. ES3-54"
"ESV_890","Bacteria","Actinomycetota","Actinobacteria","Micrococcales","Micrococcaceae","Arthrobacter","Arthrobacter sp. ES3-54"
"ESV_900","Bacteria","Actinomycetota","Thermoleophilia","Gaiellales","Gaiellaceae","Gaiella","uncultured actinobacterium"
"ESV_901","Bacteria","Actinomycetota","Thermoleophilia","Gaiellales","Gaiellaceae","Gaiella","uncultured actinobacterium"
"ESV_903","Bacteria","Pseudomonadota","Alphaproteobacteria","Hyphomicrobiales","Methyloligellaceae","Incertae Sedis","metagenome"
"ESV_904","Bacteria","Pseudomonadota","Alphaproteobacteria","Hyphomicrobiales","Methyloligellaceae","Incertae Sedis","metagenome"
"ESV_925","Bacteria","Actinomycetota","Actinobacteria","Micrococcales","Micrococcaceae","Arthrobacter","Arthrobacter sp. ES3-54"
"ESV_926","Bacteria","Actinomycetota","Actinobacteria","Micrococcales","Micrococcaceae","Arthrobacter","Arthrobacter sp. ES3-54"
"ESV_927","Bacteria","Acidobacteriota","Vicinamibacteria","Vicinamibacterales","Vicinamibacteraceae","Incertae Sedis","uncultured bacterium"
"ESV_928","Bacteria","Acidobacteriota","Vicinamibacteria","Vicinamibacterales","Vicinamibacteraceae","Incertae Sedis","uncultured bacterium"
"ESV_933","Bacteria","Pseudomonadota","Alphaproteobacteria","Hyphomicrobiales","Xanthobacteraceae","Incertae Sedis","metagenome"
"ESV_934","Bacteria","Pseudomonadota","Alphaproteobacteria","Hyphomicrobiales","Xanthobacteraceae","Incertae Sedis","metagenome"
"ESV_937","Bacteria","Pseudomonadota","Alphaproteobacteria","Hyphomicrobiales","Xanthobacteraceae","Bradyrhizobium","Bradyrhizobium lablabi"
"ESV_938","Bacteria","Pseudomonadota","Alphaproteobacteria","Hyphomicrobiales","Xanthobacteraceae","Bradyrhizobium","Bradyrhizobium lablabi"
"ESV_947","Bacteria","Acidobacteriota","Vicinamibacteria","Vicinamibacterales","Incertae Sedis","Incertae Sedis","uncultured bacterium"
"ESV_948","Bacteria","Acidobacteriota","Vicinamibacteria","Vicinamibacterales","Incertae Sedis","Incertae Sedis","uncultured bacterium"
"ESV_949","Bacteria","Actinomycetota","Actinobacteria","Micrococcales","Micrococcaceae","Pseudarthrobacter","Arthrobacter sp. Hiyo4"
"ESV_950","Bacteria","Actinomycetota","Actinobacteria","Micrococcales","Micrococcaceae","Pseudarthrobacter","Arthrobacter sp. Hiyo4"
"ESV_955","Bacteria","Pseudomonadota","Alphaproteobacteria","Hyphomicrobiales","Hyphomicrobiaceae","Pedomicrobium","metagenome"
"ESV_956","Bacteria","Pseudomonadota","Alphaproteobacteria","Hyphomicrobiales","Hyphomicrobiaceae","Pedomicrobium","metagenome"
"ESV_959","Bacteria","Actinomycetota","MB-A2-108","Incertae Sedis","Incertae Sedis","Incertae Sedis","metagenome"
"ESV_960","Bacteria","Actinomycetota","MB-A2-108","Incertae Sedis","Incertae Sedis","Incertae Sedis","metagenome"
"ESV_971","Bacteria","Pseudomonadota","Alphaproteobacteria","Hyphomicrobiales","Xanthobacteraceae","Incertae Sedis","uncultured bacterium"
"ESV_972","Bacteria","Pseudomonadota","Alphaproteobacteria","Hyphomicrobiales","Xanthobacteraceae","Incertae Sedis","uncultured bacterium"
"ESV_973","Bacteria","Actinomycetota","Actinobacteria","Micrococcales","Micrococcaceae","Arthrobacter","Arthrobacter sp. ES3-54"
"ESV_974","Bacteria","Actinomycetota","Actinobacteria","Micrococcales","Micrococcaceae","Arthrobacter","Arthrobacter sp. ES3-54"
"ESV_979","Bacteria","Actinomycetota","MB-A2-108","Incertae Sedis","Incertae Sedis","Incertae Sedis","metagenome"
"ESV_980","Bacteria","Verrucomicrobiota","Verrucomicrobiia","Pedosphaerales","Pedosphaeraceae","Incertae Sedis","uncultured Verrucomicrobia bacterium"
"ESV_983","Bacteria","Verrucomicrobiota","Verrucomicrobiia","Pedosphaerales","Pedosphaeraceae","Incertae Sedis","uncultured Verrucomicrobia bacterium"
"ESV_984","Bacteria","Actinomycetota","MB-A2-108","Incertae Sedis","Incertae Sedis","Incertae Sedis","metagenome"
"ESV_985","Bacteria","Verrucomicrobiota","Verrucomicrobiia","Chthoniobacterales","Xiphinematobacteraceae","Candidatus Xiphinematobacter","uncultured bacterium"
"ESV_986","Bacteria","Verrucomicrobiota","Verrucomicrobiia","Chthoniobacterales","Xiphinematobacteraceae","Candidatus Xiphinematobacter","uncultured bacterium"
"ESV_995","Bacteria","Actinomycetota","Actinobacteria","Micrococcales","Micrococcaceae","Pseudarthrobacter","Arthrobacter sp. Hiyo4"
"ESV_996","Bacteria","Actinomycetota","Actinobacteria","Micrococcales","Micrococcaceae","Pseudarthrobacter","Arthrobacter sp. Hiyo4"
"ESV_997","Bacteria","Pseudomonadota","Alphaproteobacteria","Hyphomicrobiales","Methyloligellaceae","Incertae Sedis","metagenome"
"ESV_998","Bacteria","Pseudomonadota","Alphaproteobacteria","Hyphomicrobiales","Methyloligellaceae","Incertae Sedis","metagenome"
"ESV_999","Bacteria","Pseudomonadota","Alphaproteobacteria","Hyphomicrobiales","Methyloligellaceae","Incertae Sedis","metagenome"
"ESV_1000","Bacteria","Pseudomonadota","Alphaproteobacteria","Hyphomicrobiales","Methyloligellaceae","Incertae Sedis","metagenome"
"ESV_1001","Bacteria","Pseudomonadota","Alphaproteobacteria","Hyphomicrobiales","Xanthobacteraceae","Incertae Sedis","uncultured bacterium"
"ESV_1002","Bacteria","Pseudomonadota","Alphaproteobacteria","Hyphomicrobiales","Xanthobacteraceae","Incertae Sedis","uncultured bacterium"
"ESV_1013","Bacteria","Pseudomonadota","Alphaproteobacteria","Hyphomicrobiales","Xanthobacteraceae","Incertae Sedis","metagenome"
"ESV_1014","Bacteria","Pseudomonadota","Alphaproteobacteria","Hyphomicrobiales","Xanthobacteraceae","Incertae Sedis","metagenome"
"ESV_1019","Bacteria","Pseudomonadota","Alphaproteobacteria","Hyphomicrobiales","Xanthobacteraceae","Incertae Sedis","uncultured bacterium"
"ESV_1020","Bacteria","Pseudomonadota","Alphaproteobacteria","Hyphomicrobiales","Xanthobacteraceae","Incertae Sedis","uncultured bacterium"
"ESV_1021","Bacteria","Nitrospirota","Nitrospiria","Nitrospirales","Nitrospiraceae","Nitrospira","uncultured Nitrospira sp."
"ESV_1022","Bacteria","Nitrospirota","Nitrospiria","Nitrospirales","Nitrospiraceae","Nitrospira","uncultured Nitrospira sp."
"ESV_1023","Bacteria","Pseudomonadota","Alphaproteobacteria","Hyphomicrobiales","Xanthobacteraceae","Incertae Sedis","metagenome"
"ESV_1024","Bacteria","Pseudomonadota","Alphaproteobacteria","Hyphomicrobiales","Xanthobacteraceae","Incertae Sedis","metagenome"
"ESV_1025","Bacteria","Pseudomonadota","Alphaproteobacteria","Hyphomicrobiales","Beijerinckiaceae","Microvirga","Microvirga ossetica"
"ESV_1026","Bacteria","Pseudomonadota","Alphaproteobacteria","Hyphomicrobiales","Beijerinckiaceae","Microvirga","Microvirga ossetica"
"ESV_1027","Bacteria","Actinomycetota","Actinobacteria","Micrococcales","Micrococcaceae","Pseudarthrobacter","Arthrobacter sp. Hiyo4"
"ESV_1028","Bacteria","Actinomycetota","Actinobacteria","Micrococcales","Micrococcaceae","Pseudarthrobacter","Arthrobacter sp. Hiyo4"
"ESV_1033","Bacteria","Pseudomonadota","Alphaproteobacteria","Hyphomicrobiales","Xanthobacteraceae","Bradyrhizobium","Bradyrhizobium lablabi"
"ESV_1034","Bacteria","Pseudomonadota","Alphaproteobacteria","Hyphomicrobiales","Xanthobacteraceae","Bradyrhizobium","Bradyrhizobium lablabi"
"ESV_1037","Bacteria","Pseudomonadota","Gammaproteobacteria","Gammaproteobacteria Incertae Sedis","Unknown Family","Acidibacter","uncultured gamma proteobacterium"
"ESV_1038","Bacteria","Pseudomonadota","Gammaproteobacteria","Gammaproteobacteria Incertae Sedis","Unknown Family","Acidibacter","uncultured gamma proteobacterium"
"ESV_1039","Bacteria","Myxococcota","bacteriap25","Incertae Sedis","Incertae Sedis","Incertae Sedis","metagenome"
"ESV_1040","Bacteria","Myxococcota","bacteriap25","Incertae Sedis","Incertae Sedis","Incertae Sedis","metagenome"
"ESV_1047","Bacteria","Bacteroidota","Bacteroidia","Chitinophagales","Chitinophagaceae","Incertae Sedis","metagenome"
"ESV_1048","Bacteria","Bacteroidota","Bacteroidia","Chitinophagales","Chitinophagaceae","Incertae Sedis","metagenome"
"ESV_1049","Bacteria","Verrucomicrobiota","Verrucomicrobiia","Chthoniobacterales","Chthoniobacteraceae","Candidatus Udaeobacter","uncultured bacterium"
"ESV_1052","Bacteria","Verrucomicrobiota","Verrucomicrobiia","Chthoniobacterales","Chthoniobacteraceae","Candidatus Udaeobacter","uncultured bacterium"
"ESV_1053","Bacteria","Pseudomonadota","Alphaproteobacteria","Hyphomicrobiales","Beijerinckiaceae","Microvirga","Microvirga ossetica"
"ESV_1054","Bacteria","Pseudomonadota","Alphaproteobacteria","Hyphomicrobiales","Beijerinckiaceae","Microvirga","Microvirga ossetica"
"ESV_1063","Bacteria","Acidobacteriota","Vicinamibacteria","Vicinamibacterales","Incertae Sedis","Incertae Sedis","uncultured Acidobacteria bacterium"
"ESV_1064","Bacteria","Acidobacteriota","Vicinamibacteria","Vicinamibacterales","Incertae Sedis","Incertae Sedis","uncultured Acidobacteria bacterium"
"ESV_1067","Bacteria","Pseudomonadota","Alphaproteobacteria","Hyphomicrobiales","Methyloligellaceae","Incertae Sedis","metagenome"
"ESV_1068","Bacteria","Pseudomonadota","Alphaproteobacteria","Hyphomicrobiales","Methyloligellaceae","Incertae Sedis","metagenome"
"ESV_1079","Bacteria","Verrucomicrobiota","Verrucomicrobiia","Chthoniobacterales","Xiphinematobacteraceae","Candidatus Xiphinematobacter","uncultured bacterium"
"ESV_1080","Bacteria","Verrucomicrobiota","Verrucomicrobiia","Chthoniobacterales","Xiphinematobacteraceae","Candidatus Xiphinematobacter","uncultured bacterium"
"ESV_1081","Bacteria","Pseudomonadota","Alphaproteobacteria","Hyphomicrobiales","Xanthobacteraceae","Bradyrhizobium","metagenome"
"ESV_1082","Bacteria","Pseudomonadota","Alphaproteobacteria","Hyphomicrobiales","Xanthobacteraceae","Bradyrhizobium","metagenome"
"ESV_1085","Bacteria","Actinomycetota","Thermoleophilia","Gaiellales","Gaiellaceae","Gaiella","uncultured soil bacterium"
"ESV_1086","Bacteria","Actinomycetota","Thermoleophilia","Gaiellales","Gaiellaceae","Gaiella","uncultured soil bacterium"
"ESV_1087","Bacteria","Actinomycetota","Actinobacteria","Micrococcales","Micrococcaceae","Pseudarthrobacter","Arthrobacter sp. Hiyo4"
"ESV_1088","Bacteria","Actinomycetota","Actinobacteria","Micrococcales","Micrococcaceae","Pseudarthrobacter","Arthrobacter sp. Hiyo4"
"ESV_1101","Bacteria","Pseudomonadota","Alphaproteobacteria","Hyphomicrobiales","Methyloligellaceae","Incertae Sedis","metagenome"
"ESV_1102","Bacteria","Pseudomonadota","Alphaproteobacteria","Hyphomicrobiales","Methyloligellaceae","Incertae Sedis","metagenome"
"ESV_1103","Bacteria","Actinomycetota","Actinobacteria","Micrococcales","Micrococcaceae","Pseudarthrobacter","Arthrobacter sp. Hiyo4"
"ESV_1104","Bacteria","Actinomycetota","Actinobacteria","Micrococcales","Micrococcaceae","Pseudarthrobacter","Arthrobacter sp. Hiyo4"
"ESV_1105","Bacteria","Actinomycetota","Actinobacteria","Micrococcales","Micrococcaceae","Arthrobacter","Arthrobacter sp. ES3-54"
"ESV_1106","Bacteria","Actinomycetota","Actinobacteria","Micrococcales","Micrococcaceae","Arthrobacter","Arthrobacter sp. ES3-54"
"ESV_1125","Bacteria","Pseudomonadota","Gammaproteobacteria","Burkholderiales","SC-I-84","Incertae Sedis","uncultured beta proteobacterium"
"ESV_1126","Bacteria","Pseudomonadota","Gammaproteobacteria","Burkholderiales","SC-I-84","Incertae Sedis","uncultured beta proteobacterium"
"ESV_1127","Bacteria","Pseudomonadota","Alphaproteobacteria","Hyphomicrobiales","Xanthobacteraceae","Bradyrhizobium","Bradyrhizobium lablabi"
"ESV_1128","Bacteria","Pseudomonadota","Alphaproteobacteria","Hyphomicrobiales","Xanthobacteraceae","Bradyrhizobium","Bradyrhizobium lablabi"
"ESV_1129","Bacteria","Bacteroidota","Bacteroidia","Bacteroidales","Bacteroidaceae","Bacteroides","Bacteroides dorei CL03T12C01"
"ESV_1130","Bacteria","Bacteroidota","Bacteroidia","Bacteroidales","Bacteroidaceae","Bacteroides","Bacteroides dorei CL03T12C01"
"ESV_1131","Bacteria","Acidobacteriota","Vicinamibacteria","Vicinamibacterales","Vicinamibacteraceae","Incertae Sedis","uncultured bacterium"
"ESV_1132","Bacteria","Acidobacteriota","Vicinamibacteria","Vicinamibacterales","Vicinamibacteraceae","Incertae Sedis","uncultured bacterium"
"ESV_1139","Bacteria","Pseudomonadota","Alphaproteobacteria","Hyphomicrobiales","Xanthobacteraceae","Incertae Sedis","metagenome"
"ESV_1140","Bacteria","Pseudomonadota","Alphaproteobacteria","Hyphomicrobiales","Xanthobacteraceae","Incertae Sedis","metagenome"
"ESV_1141","Bacteria","Pseudomonadota","Alphaproteobacteria","Hyphomicrobiales","Hyphomicrobiaceae","Pedomicrobium","uncultured bacterium"
"ESV_1142","Bacteria","Pseudomonadota","Alphaproteobacteria","Hyphomicrobiales","Hyphomicrobiaceae","Pedomicrobium","uncultured bacterium"
"ESV_1149","Bacteria","Acidobacteriota","Subgroup 11","Incertae Sedis","Incertae Sedis","Incertae Sedis","uncultured bacterium"
"ESV_1150","Bacteria","Acidobacteriota","Subgroup 11","Incertae Sedis","Incertae Sedis","Incertae Sedis","uncultured bacterium"
"ESV_1177","Bacteria","Acidobacteriota","Vicinamibacteria","Vicinamibacterales","Incertae Sedis","Incertae Sedis","uncultured Acidobacteria bacterium"
"ESV_1178","Bacteria","Acidobacteriota","Vicinamibacteria","Vicinamibacterales","Incertae Sedis","Incertae Sedis","uncultured Acidobacteria bacterium"
"ESV_1181","Bacteria","Actinomycetota","Thermoleophilia","Gaiellales","Gaiellaceae","Gaiella","uncultured bacterium"
"ESV_1182","Bacteria","Actinomycetota","Thermoleophilia","Gaiellales","Gaiellaceae","Gaiella","uncultured bacterium"
"ESV_1183","Bacteria","Pseudomonadota","Alphaproteobacteria","Hyphomicrobiales","Xanthobacteraceae","Incertae Sedis","uncultured bacterium"
"ESV_1184","Bacteria","Pseudomonadota","Alphaproteobacteria","Hyphomicrobiales","Xanthobacteraceae","Incertae Sedis","uncultured bacterium"
"ESV_1193","Bacteria","Pseudomonadota","Alphaproteobacteria","Hyphomicrobiales","Xanthobacteraceae","Bradyrhizobium","Bradyrhizobium lablabi"
"ESV_1194","Bacteria","Pseudomonadota","Alphaproteobacteria","Hyphomicrobiales","Xanthobacteraceae","Bradyrhizobium","Bradyrhizobium lablabi"
"ESV_1203","Bacteria","Pseudomonadota","Alphaproteobacteria","Hyphomicrobiales","Xanthobacteraceae","Bradyrhizobium","Bradyrhizobium sp. SEMIA 6399"
"ESV_1204","Bacteria","Pseudomonadota","Alphaproteobacteria","Hyphomicrobiales","Xanthobacteraceae","Bradyrhizobium","Bradyrhizobium sp. SEMIA 6399"
"ESV_1205","Bacteria","Bacteroidota","Bacteroidia","Cytophagales","Microscillaceae","Incertae Sedis","uncultured bacterium"
"ESV_1206","Bacteria","Bacteroidota","Bacteroidia","Cytophagales","Microscillaceae","Incertae Sedis","uncultured bacterium"
"ESV_1209","Bacteria","Pseudomonadota","Alphaproteobacteria","Hyphomicrobiales","Xanthobacteraceae","Incertae Sedis","metagenome"
"ESV_1210","Bacteria","Pseudomonadota","Alphaproteobacteria","Hyphomicrobiales","Xanthobacteraceae","Incertae Sedis","metagenome"
"ESV_1227","Bacteria","Actinomycetota","Actinobacteria","Micrococcales","Micrococcaceae","Arthrobacter","Arthrobacter sp. ES3-54"
"ESV_1228","Bacteria","Actinomycetota","Actinobacteria","Micrococcales","Micrococcaceae","Arthrobacter","Arthrobacter sp. ES3-54"
"ESV_1229","Bacteria","Verrucomicrobiota","Verrucomicrobiia","Chthoniobacterales","Chthoniobacteraceae","Candidatus Udaeobacter","uncultured bacterium"
"ESV_1233","Bacteria","Verrucomicrobiota","Verrucomicrobiia","Chthoniobacterales","Chthoniobacteraceae","Candidatus Udaeobacter","uncultured bacterium"
"ESV_1235","Bacteria","Pseudomonadota","Alphaproteobacteria","Hyphomicrobiales","Xanthobacteraceae","Incertae Sedis","uncultured bacterium"
"ESV_1236","Bacteria","Pseudomonadota","Alphaproteobacteria","Hyphomicrobiales","Xanthobacteraceae","Incertae Sedis","uncultured bacterium"
"ESV_1237","Bacteria","Bacillota","Bacilli","Bacillales","Bacillaceae","Niallia","uncultured Bacillus sp."
"ESV_1238","Bacteria","Bacillota","Bacilli","Bacillales","Bacillaceae","Niallia","uncultured Bacillus sp."
"ESV_1241","Bacteria","Pseudomonadota","Alphaproteobacteria","Rickettsiales","Mitochondria","Incertae Sedis","uncultured bacterium"
"ESV_1242","Bacteria","Pseudomonadota","Alphaproteobacteria","Rickettsiales","Mitochondria","Incertae Sedis","uncultured bacterium"
"ESV_1253","Bacteria","Acidobacteriota","Subgroup 11","Incertae Sedis","Incertae Sedis","Incertae Sedis","uncultured bacterium"
"ESV_1254","Bacteria","Acidobacteriota","Subgroup 11","Incertae Sedis","Incertae Sedis","Incertae Sedis","uncultured bacterium"
"ESV_1261","Bacteria","Pseudomonadota","Gammaproteobacteria","Burkholderiales","SC-I-84","Incertae Sedis","uncultured beta proteobacterium"
"ESV_1262","Bacteria","Pseudomonadota","Gammaproteobacteria","Burkholderiales","SC-I-84","Incertae Sedis","uncultured beta proteobacterium"
"ESV_1269","Bacteria","Actinomycetota","Thermoleophilia","Gaiellales","Gaiellaceae","Gaiella","uncultured bacterium"
"ESV_1270","Bacteria","Actinomycetota","Thermoleophilia","Gaiellales","Gaiellaceae","Gaiella","uncultured bacterium"
"ESV_1283","Bacteria","Pseudomonadota","Alphaproteobacteria","Hyphomicrobiales","Xanthobacteraceae","Incertae Sedis","uncultured bacterium"
"ESV_1284","Bacteria","Pseudomonadota","Alphaproteobacteria","Hyphomicrobiales","Xanthobacteraceae","Incertae Sedis","uncultured bacterium"
"ESV_1286","Bacteria","Acidobacteriota","Vicinamibacteria","Vicinamibacterales","Vicinamibacteraceae","Incertae Sedis","uncultured bacterium"
"ESV_1287","Bacteria","Acidobacteriota","Vicinamibacteria","Vicinamibacterales","Vicinamibacteraceae","Incertae Sedis","uncultured bacterium"
"ESV_1296","Bacteria","Acidobacteriota","Vicinamibacteria","Vicinamibacterales","Vicinamibacteraceae","Incertae Sedis","uncultured bacterium"
"ESV_1299","Bacteria","Acidobacteriota","Vicinamibacteria","Vicinamibacterales","Vicinamibacteraceae","Incertae Sedis","uncultured bacterium"
"ESV_1321","Bacteria","Pseudomonadota","Alphaproteobacteria","Hyphomicrobiales","Xanthobacteraceae","Incertae Sedis","metagenome"
"ESV_1322","Bacteria","Pseudomonadota","Alphaproteobacteria","Hyphomicrobiales","Xanthobacteraceae","Incertae Sedis","metagenome"
"ESV_1327","Bacteria","Verrucomicrobiota","Verrucomicrobiia","Chthoniobacterales","Chthoniobacteraceae","Candidatus Udaeobacter","uncultured bacterium"
"ESV_1328","Bacteria","Verrucomicrobiota","Verrucomicrobiia","Chthoniobacterales","Chthoniobacteraceae","Candidatus Udaeobacter","uncultured bacterium"
"ESV_1329","Bacteria","Pseudomonadota","Alphaproteobacteria","Hyphomicrobiales","Hyphomicrobiaceae","Pedomicrobium","metagenome"
"ESV_1330","Bacteria","Pseudomonadota","Alphaproteobacteria","Hyphomicrobiales","Hyphomicrobiaceae","Pedomicrobium","metagenome"
"ESV_1333","Bacteria","Pseudomonadota","Alphaproteobacteria","Hyphomicrobiales","Xanthobacteraceae","Incertae Sedis","metagenome"
"ESV_1334","Bacteria","Pseudomonadota","Alphaproteobacteria","Hyphomicrobiales","Xanthobacteraceae","Incertae Sedis","metagenome"
"ESV_1343","Bacteria","Bacillota","Bacilli","Bacillales","Bacillaceae","Niallia","uncultured bacterium"
"ESV_1344","Bacteria","Bacillota","Bacilli","Bacillales","Bacillaceae","Niallia","uncultured bacterium"
"ESV_1345","Bacteria","Pseudomonadota","Alphaproteobacteria","Hyphomicrobiales","Xanthobacteraceae","Incertae Sedis","uncultured bacterium"
"ESV_1346","Bacteria","Pseudomonadota","Alphaproteobacteria","Hyphomicrobiales","Xanthobacteraceae","Incertae Sedis","uncultured bacterium"
"ESV_1357","Bacteria","Actinomycetota","Thermoleophilia","Gaiellales","Gaiellaceae","Gaiella","uncultured bacterium"
"ESV_1360","Bacteria","Actinomycetota","Thermoleophilia","Gaiellales","Gaiellaceae","Gaiella","uncultured bacterium"
"ESV_1363","Bacteria","Verrucomicrobiota","Verrucomicrobiia","Chthoniobacterales","Chthoniobacteraceae","Candidatus Udaeobacter","uncultured Spartobacteria bacterium"
"ESV_1364","Bacteria","Verrucomicrobiota","Verrucomicrobiia","Chthoniobacterales","Chthoniobacteraceae","Candidatus Udaeobacter","uncultured Spartobacteria bacterium"
"ESV_1369","Bacteria","Actinomycetota","Thermoleophilia","Gaiellales","Incertae Sedis","Incertae Sedis","uncultured actinobacterium"
"ESV_1370","Bacteria","Actinomycetota","Thermoleophilia","Gaiellales","Incertae Sedis","Incertae Sedis","uncultured actinobacterium"
"ESV_1371","Bacteria","Actinomycetota","Actinobacteria","Micrococcales","Micrococcaceae","Pseudarthrobacter","Arthrobacter sp. Hiyo4"
"ESV_1372","Bacteria","Actinomycetota","Actinobacteria","Micrococcales","Micrococcaceae","Pseudarthrobacter","Arthrobacter sp. Hiyo4"
"ESV_1377","Bacteria","Actinomycetota","Acidimicrobiia","Acidimicrobiales","Acidimicrobiaceae","Acidiferrimicrobium","uncultured bacterium"
"ESV_1378","Bacteria","Actinomycetota","Acidimicrobiia","Acidimicrobiales","Acidimicrobiaceae","Acidiferrimicrobium","uncultured bacterium"
"ESV_1383","Bacteria","Pseudomonadota","Alphaproteobacteria","Dongiales","Dongiaceae","Dongia","uncultured bacterium"
"ESV_1384","Bacteria","Pseudomonadota","Alphaproteobacteria","Dongiales","Dongiaceae","Dongia","uncultured bacterium"
"ESV_1385","Bacteria","Actinomycetota","Thermoleophilia","Gaiellales","Gaiellaceae","Gaiella","uncultured actinobacterium"
"ESV_1386","Bacteria","Actinomycetota","Thermoleophilia","Gaiellales","Gaiellaceae","Gaiella","uncultured actinobacterium"
"ESV_1399","Bacteria","Pseudomonadota","Alphaproteobacteria","Hyphomicrobiales","Xanthobacteraceae","Bradyrhizobium","Bradyrhizobium lablabi"
"ESV_1400","Bacteria","Pseudomonadota","Alphaproteobacteria","Hyphomicrobiales","Xanthobacteraceae","Bradyrhizobium","Bradyrhizobium lablabi"
"ESV_1407","Bacteria","Bacteroidota","Bacteroidia","Cytophagales","Microscillaceae","Incertae Sedis","uncultured bacterium"
"ESV_1408","Bacteria","Bacteroidota","Bacteroidia","Cytophagales","Microscillaceae","Incertae Sedis","uncultured bacterium"
"ESV_1411","Bacteria","Pseudomonadota","Alphaproteobacteria","Rickettsiales","Mitochondria","Incertae Sedis","uncultured bacterium"
"ESV_1412","Bacteria","Pseudomonadota","Alphaproteobacteria","Rickettsiales","Mitochondria","Incertae Sedis","uncultured bacterium"
"ESV_1413","Bacteria","Actinomycetota","Thermoleophilia","Gaiellales","Incertae Sedis","Incertae Sedis","uncultured bacterium"
"ESV_1414","Bacteria","Actinomycetota","Thermoleophilia","Gaiellales","Incertae Sedis","Incertae Sedis","uncultured bacterium"
"ESV_1421","Bacteria","Actinomycetota","Actinobacteria","Micrococcales","Micrococcaceae","Pseudarthrobacter","Arthrobacter sp. Hiyo4"
"ESV_1422","Bacteria","Actinomycetota","Actinobacteria","Micrococcales","Micrococcaceae","Pseudarthrobacter","Arthrobacter sp. Hiyo4"
"ESV_1429","Bacteria","Actinomycetota","Actinobacteria","Propionibacteriales","Propionibacteriaceae","Microlunatus","uncultured bacterium"
"ESV_1430","Bacteria","Actinomycetota","Actinobacteria","Propionibacteriales","Propionibacteriaceae","Microlunatus","uncultured bacterium"
"ESV_1431","Bacteria","Actinomycetota","Actinobacteria","Micrococcales","Micrococcaceae","Pseudarthrobacter","Arthrobacter sp. Hiyo4"
"ESV_1432","Bacteria","Actinomycetota","Actinobacteria","Micrococcales","Micrococcaceae","Pseudarthrobacter","Arthrobacter sp. Hiyo4"
"ESV_1439","Bacteria","Actinomycetota","Thermoleophilia","Gaiellales","Incertae Sedis","Incertae Sedis","metagenome"
"ESV_1441","Bacteria","Bacteroidota","Bacteroidia","Chitinophagales","Chitinophagaceae","Terrimonas","uncultured bacterium"
"ESV_1442","Bacteria","Nitrospirota","Nitrospiria","Nitrospirales","Nitrospiraceae","Nitrospira","uncultured Nitrospira sp."
"ESV_1443","Bacteria","Actinomycetota","Actinobacteria","Micrococcales","Micrococcaceae","Pseudarthrobacter","Arthrobacter sp. Hiyo4"
"ESV_1446","Bacteria","Actinomycetota","Actinobacteria","Micrococcales","Micrococcaceae","Pseudarthrobacter","Arthrobacter sp. Hiyo4"
"ESV_1447","Bacteria","Nitrospirota","Nitrospiria","Nitrospirales","Nitrospiraceae","Nitrospira","uncultured Nitrospira sp."
"ESV_1448","Bacteria","Bacteroidota","Bacteroidia","Chitinophagales","Chitinophagaceae","Terrimonas","uncultured bacterium"
"ESV_1450","Bacteria","Actinomycetota","Thermoleophilia","Gaiellales","Incertae Sedis","Incertae Sedis","metagenome"
"ESV_1451","Bacteria","Pseudomonadota","Gammaproteobacteria","Burkholderiales","Comamonadaceae","Ramlibacter","uncultured soil bacterium"
"ESV_1452","Bacteria","Pseudomonadota","Gammaproteobacteria","Burkholderiales","Comamonadaceae","Ramlibacter","uncultured soil bacterium"
"ESV_1455","Bacteria","Actinomycetota","Actinobacteria","Micrococcales","Micrococcaceae","Arthrobacter","Arthrobacter sp. ES3-54"
"ESV_1456","Bacteria","Pseudomonadota","Alphaproteobacteria","Hyphomicrobiales","Hyphomicrobiaceae","Pedomicrobium","metagenome"
"ESV_1459","Bacteria","Pseudomonadota","Alphaproteobacteria","Hyphomicrobiales","Hyphomicrobiaceae","Pedomicrobium","metagenome"
"ESV_1460","Bacteria","Actinomycetota","Actinobacteria","Micrococcales","Micrococcaceae","Arthrobacter","Arthrobacter sp. ES3-54"
"ESV_1467","Bacteria","Pseudomonadota","Alphaproteobacteria","Hyphomicrobiales","Xanthobacteraceae","Bradyrhizobium","Bradyrhizobium lablabi"
"ESV_1468","Bacteria","Pseudomonadota","Alphaproteobacteria","Hyphomicrobiales","Xanthobacteraceae","Bradyrhizobium","Bradyrhizobium lablabi"
"ESV_1471","Bacteria","Actinomycetota","Actinobacteria","Propionibacteriales","Propionibacteriaceae","Microlunatus","uncultured bacterium"
"ESV_1472","Bacteria","Actinomycetota","Actinobacteria","Propionibacteriales","Propionibacteriaceae","Microlunatus","uncultured bacterium"
"ESV_1473","Bacteria","Verrucomicrobiota","Verrucomicrobiia","Chthoniobacterales","Xiphinematobacteraceae","Candidatus Xiphinematobacter","uncultured bacterium"
"ESV_1474","Bacteria","Verrucomicrobiota","Verrucomicrobiia","Chthoniobacterales","Xiphinematobacteraceae","Candidatus Xiphinematobacter","uncultured bacterium"
"ESV_1477","Bacteria","Pseudomonadota","Alphaproteobacteria","Hyphomicrobiales","Xanthobacteraceae","Incertae Sedis","uncultured bacterium"
"ESV_1478","Bacteria","Pseudomonadota","Alphaproteobacteria","Hyphomicrobiales","Xanthobacteraceae","Incertae Sedis","uncultured bacterium"
"ESV_1497","Bacteria","Pseudomonadota","Alphaproteobacteria","Rickettsiales","Mitochondria","Incertae Sedis","uncultured bacterium"
"ESV_1498","Bacteria","Pseudomonadota","Alphaproteobacteria","Rickettsiales","Mitochondria","Incertae Sedis","uncultured bacterium"
"ESV_1500","Bacteria","Actinomycetota","Thermoleophilia","Gaiellales","Gaiellaceae","Gaiella","uncultured bacterium"
"ESV_1505","Bacteria","Actinomycetota","Thermoleophilia","Gaiellales","Gaiellaceae","Gaiella","uncultured bacterium"
"ESV_1511","Bacteria","Bacteroidota","Bacteroidia","Cytophagales","Microscillaceae","Incertae Sedis","uncultured bacterium"
"ESV_1512","Bacteria","Bacteroidota","Bacteroidia","Cytophagales","Microscillaceae","Incertae Sedis","uncultured bacterium"
"ESV_1523","Bacteria","Acidobacteriota","Subgroup 5","Incertae Sedis","Incertae Sedis","Incertae Sedis","uncultured Acidobacteria bacterium"
"ESV_1524","Bacteria","Acidobacteriota","Subgroup 5","Incertae Sedis","Incertae Sedis","Incertae Sedis","uncultured Acidobacteria bacterium"
"ESV_1525","Bacteria","Acidobacteriota","Subgroup 11","Incertae Sedis","Incertae Sedis","Incertae Sedis","uncultured bacterium"
"ESV_1526","Bacteria","Acidobacteriota","Subgroup 11","Incertae Sedis","Incertae Sedis","Incertae Sedis","uncultured bacterium"
"ESV_1533","Bacteria","Pseudomonadota","Alphaproteobacteria","Hyphomicrobiales","Methyloligellaceae","Incertae Sedis","metagenome"
"ESV_1534","Bacteria","Pseudomonadota","Alphaproteobacteria","Hyphomicrobiales","Methyloligellaceae","Incertae Sedis","metagenome"
"ESV_1537","Bacteria","Acidobacteriota","Subgroup 11","Incertae Sedis","Incertae Sedis","Incertae Sedis","uncultured bacterium"
"ESV_1538","Bacteria","Acidobacteriota","Subgroup 11","Incertae Sedis","Incertae Sedis","Incertae Sedis","uncultured bacterium"
"ESV_1553","Bacteria","Pseudomonadota","Alphaproteobacteria","Hyphomicrobiales","Methyloligellaceae","Incertae Sedis","metagenome"
"ESV_1554","Bacteria","Pseudomonadota","Alphaproteobacteria","Hyphomicrobiales","Methyloligellaceae","Incertae Sedis","metagenome"
"ESV_1555","Bacteria","Pseudomonadota","Alphaproteobacteria","Reyranellales","Reyranellaceae","Reyranella","metagenome"
"ESV_1556","Bacteria","Pseudomonadota","Alphaproteobacteria","Reyranellales","Reyranellaceae","Reyranella","metagenome"
"ESV_1569","Bacteria","Actinomycetota","Actinobacteria","Micrococcales","Micrococcaceae","Pseudarthrobacter","Arthrobacter sp. Hiyo4"
"ESV_1570","Bacteria","Actinomycetota","Actinobacteria","Micrococcales","Micrococcaceae","Pseudarthrobacter","Arthrobacter sp. Hiyo4"
"ESV_1575","Bacteria","Pseudomonadota","Alphaproteobacteria","Hyphomicrobiales","Xanthobacteraceae","Incertae Sedis","uncultured bacterium"
"ESV_1576","Bacteria","Pseudomonadota","Alphaproteobacteria","Hyphomicrobiales","Xanthobacteraceae","Incertae Sedis","uncultured bacterium"
"ESV_1607","Bacteria","Pseudomonadota","Alphaproteobacteria","Rickettsiales","Mitochondria","Incertae Sedis","uncultured bacterium"
"ESV_1608","Bacteria","Pseudomonadota","Alphaproteobacteria","Rickettsiales","Mitochondria","Incertae Sedis","uncultured bacterium"
"ESV_1627","Bacteria","Actinomycetota","Actinobacteria","Propionibacteriales","Propionibacteriaceae","Microlunatus","uncultured bacterium"
"ESV_1628","Bacteria","Actinomycetota","Actinobacteria","Propionibacteriales","Propionibacteriaceae","Microlunatus","uncultured bacterium"
"ESV_1639","Bacteria","Acidobacteriota","Vicinamibacteria","Vicinamibacterales","Incertae Sedis","Incertae Sedis","uncultured Acidobacteria bacterium"
"ESV_1640","Bacteria","Acidobacteriota","Vicinamibacteria","Vicinamibacterales","Incertae Sedis","Incertae Sedis","uncultured Acidobacteria bacterium"
"ESV_1647","Bacteria","Pseudomonadota","Alphaproteobacteria","Hyphomicrobiales","Xanthobacteraceae","Bradyrhizobium","uncultured bacterium"
"ESV_1648","Bacteria","Pseudomonadota","Alphaproteobacteria","Hyphomicrobiales","Xanthobacteraceae","Bradyrhizobium","uncultured bacterium"
"ESV_1665","Bacteria","Pseudomonadota","Alphaproteobacteria","Hyphomicrobiales","Xanthobacteraceae","Incertae Sedis","uncultured bacterium"
"ESV_1666","Bacteria","Pseudomonadota","Alphaproteobacteria","Hyphomicrobiales","Xanthobacteraceae","Incertae Sedis","uncultured bacterium"
"ESV_1685","Bacteria","Pseudomonadota","Alphaproteobacteria","Rickettsiales","Mitochondria","Incertae Sedis","uncultured bacterium"
"ESV_1686","Bacteria","Pseudomonadota","Alphaproteobacteria","Rickettsiales","Mitochondria","Incertae Sedis","uncultured bacterium"
"ESV_1689","Bacteria","Actinomycetota","Actinobacteria","Micrococcales","Micrococcaceae","Pseudarthrobacter","Arthrobacter sp. Hiyo4"
"ESV_1690","Bacteria","Actinomycetota","Actinobacteria","Micrococcales","Micrococcaceae","Pseudarthrobacter","Arthrobacter sp. Hiyo4"
"ESV_1691","Bacteria","Pseudomonadota","Alphaproteobacteria","Hyphomicrobiales","Xanthobacteraceae","Incertae Sedis","metagenome"
"ESV_1692","Bacteria","Pseudomonadota","Alphaproteobacteria","Hyphomicrobiales","Xanthobacteraceae","Incertae Sedis","metagenome"
"ESV_1693","Bacteria","Pseudomonadota","Gammaproteobacteria","Burkholderiales","SC-I-84","Incertae Sedis","uncultured beta proteobacterium"
"ESV_1694","Bacteria","Pseudomonadota","Gammaproteobacteria","Burkholderiales","SC-I-84","Incertae Sedis","uncultured beta proteobacterium"
"ESV_1700","Bacteria","Actinomycetota","Actinobacteria","Mycobacteriales","Mycobacteriaceae","Mycobacterium","Mycobacterium sp. JS621"
"ESV_1703","Bacteria","Actinomycetota","Actinobacteria","Mycobacteriales","Mycobacteriaceae","Mycobacterium","Mycobacterium sp. JS621"
"ESV_1725","Bacteria","Pseudomonadota","Alphaproteobacteria","Hyphomicrobiales","Xanthobacteraceae","Bradyrhizobium","Afipia sp. GAS231"
"ESV_1726","Bacteria","Pseudomonadota","Alphaproteobacteria","Rickettsiales","Mitochondria","Incertae Sedis","uncultured bacterium"
"ESV_1727","Bacteria","Pseudomonadota","Alphaproteobacteria","Rickettsiales","Mitochondria","Incertae Sedis","uncultured bacterium"
"ESV_1728","Bacteria","Pseudomonadota","Alphaproteobacteria","Hyphomicrobiales","Xanthobacteraceae","Bradyrhizobium","Afipia sp. GAS231"
"ESV_1741","Bacteria","Pseudomonadota","Alphaproteobacteria","Hyphomicrobiales","Xanthobacteraceae","Incertae Sedis","uncultured bacterium"
"ESV_1742","Bacteria","Pseudomonadota","Alphaproteobacteria","Hyphomicrobiales","Xanthobacteraceae","Incertae Sedis","uncultured bacterium"
"ESV_1747","Bacteria","Pseudomonadota","Alphaproteobacteria","Hyphomicrobiales","Methyloligellaceae","Incertae Sedis","metagenome"
"ESV_1748","Bacteria","Pseudomonadota","Alphaproteobacteria","Hyphomicrobiales","Methyloligellaceae","Incertae Sedis","metagenome"
"ESV_1761","Bacteria","Pseudomonadota","Alphaproteobacteria","Hyphomicrobiales","Rhodomicrobiaceae","Rhodomicrobium","uncultured bacterium"
"ESV_1762","Bacteria","Pseudomonadota","Alphaproteobacteria","Hyphomicrobiales","Rhodomicrobiaceae","Rhodomicrobium","uncultured bacterium"
"ESV_1771","Bacteria","Pseudomonadota","Alphaproteobacteria","Hyphomicrobiales","Xanthobacteraceae","Incertae Sedis","uncultured bacterium"
"ESV_1772","Bacteria","Pseudomonadota","Alphaproteobacteria","Hyphomicrobiales","Xanthobacteraceae","Incertae Sedis","uncultured bacterium"
"ESV_1774","Bacteria","Pseudomonadota","Alphaproteobacteria","Hyphomicrobiales","Xanthobacteraceae","Nitrobacter","Nitrobacter vulgaris"
"ESV_1775","Bacteria","Pseudomonadota","Alphaproteobacteria","Hyphomicrobiales","Rhizobiaceae","Mesorhizobium","metagenome"
"ESV_1776","Bacteria","Pseudomonadota","Alphaproteobacteria","Hyphomicrobiales","Rhizobiaceae","Mesorhizobium","metagenome"
"ESV_1777","Bacteria","Pseudomonadota","Alphaproteobacteria","Hyphomicrobiales","Xanthobacteraceae","Nitrobacter","Nitrobacter vulgaris"
"ESV_1779","Bacteria","Pseudomonadota","Alphaproteobacteria","Hyphomicrobiales","Xanthobacteraceae","Bradyrhizobium","Bradyrhizobium sp. SEMIA 6399"
"ESV_1780","Bacteria","Pseudomonadota","Alphaproteobacteria","Hyphomicrobiales","Xanthobacteraceae","Bradyrhizobium","Bradyrhizobium sp. SEMIA 6399"
"ESV_1785","Bacteria","Pseudomonadota","Alphaproteobacteria","Hyphomicrobiales","Xanthobacteraceae","Incertae Sedis","uncultured bacterium"
"ESV_1786","Bacteria","Pseudomonadota","Alphaproteobacteria","Hyphomicrobiales","Xanthobacteraceae","Incertae Sedis","uncultured bacterium"
"ESV_1805","Bacteria","Actinomycetota","Thermoleophilia","Gaiellales","Incertae Sedis","Incertae Sedis","metagenome"
"ESV_1806","Bacteria","Actinomycetota","Thermoleophilia","Gaiellales","Incertae Sedis","Incertae Sedis","metagenome"
"ESV_1817","Bacteria","Pseudomonadota","Gammaproteobacteria","Burkholderiales","SC-I-84","Incertae Sedis","uncultured beta proteobacterium"
"ESV_1818","Bacteria","Pseudomonadota","Gammaproteobacteria","Burkholderiales","SC-I-84","Incertae Sedis","uncultured beta proteobacterium"
"ESV_1828","Bacteria","Pseudomonadota","Alphaproteobacteria","Hyphomicrobiales","Xanthobacteraceae","Pseudorhodoplanes","bacterium"
"ESV_1829","Bacteria","Pseudomonadota","Alphaproteobacteria","Hyphomicrobiales","Xanthobacteraceae","Pseudorhodoplanes","bacterium"
"ESV_1835","Bacteria","Bacteroidota","Bacteroidia","Cytophagales","Microscillaceae","Incertae Sedis","uncultured bacterium"
"ESV_1836","Bacteria","Bacteroidota","Bacteroidia","Cytophagales","Microscillaceae","Incertae Sedis","uncultured bacterium"
"ESV_1855","Bacteria","Verrucomicrobiota","Verrucomicrobiia","Chthoniobacterales","Chthoniobacteraceae","Candidatus Udaeobacter","uncultured Spartobacteria bacterium"
"ESV_1858","Bacteria","Verrucomicrobiota","Verrucomicrobiia","Chthoniobacterales","Chthoniobacteraceae","Candidatus Udaeobacter","uncultured Spartobacteria bacterium"
"ESV_1859","Bacteria","Nitrospirota","Nitrospiria","Nitrospirales","Nitrospiraceae","Nitrospira","uncultured Nitrospira sp."
"ESV_1860","Bacteria","Nitrospirota","Nitrospiria","Nitrospirales","Nitrospiraceae","Nitrospira","uncultured Nitrospira sp."
"ESV_1865","Bacteria","Pseudomonadota","Alphaproteobacteria","Hyphomicrobiales","Hyphomicrobiaceae","Pedomicrobium","metagenome"
"ESV_1866","Bacteria","Pseudomonadota","Alphaproteobacteria","Hyphomicrobiales","Hyphomicrobiaceae","Pedomicrobium","metagenome"
"ESV_1867","Bacteria","Actinomycetota","MB-A2-108","Incertae Sedis","Incertae Sedis","Incertae Sedis","metagenome"
"ESV_1868","Bacteria","Actinomycetota","MB-A2-108","Incertae Sedis","Incertae Sedis","Incertae Sedis","metagenome"
"ESV_1872","Bacteria","Nitrospirota","Nitrospiria","Nitrospirales","Nitrospiraceae","Nitrospira","uncultured Nitrospira sp."
"ESV_1873","Bacteria","Nitrospirota","Nitrospiria","Nitrospirales","Nitrospiraceae","Nitrospira","uncultured Nitrospira sp."
"ESV_1879","Bacteria","Pseudomonadota","Alphaproteobacteria","Hyphomicrobiales","Methyloligellaceae","Incertae Sedis","uncultured bacterium"
"ESV_1880","Bacteria","Pseudomonadota","Alphaproteobacteria","Hyphomicrobiales","Methyloligellaceae","Incertae Sedis","uncultured bacterium"
"ESV_1907","Bacteria","Pseudomonadota","Alphaproteobacteria","Hyphomicrobiales","Hyphomicrobiaceae","Pedomicrobium","uncultured Alphaproteobacteria bacterium"
"ESV_1908","Bacteria","Pseudomonadota","Alphaproteobacteria","Hyphomicrobiales","Hyphomicrobiaceae","Pedomicrobium","uncultured Alphaproteobacteria bacterium"
"ESV_1919","Bacteria","Pseudomonadota","Alphaproteobacteria","Hyphomicrobiales","Xanthobacteraceae","Incertae Sedis","uncultured bacterium"
"ESV_1920","Bacteria","Pseudomonadota","Alphaproteobacteria","Hyphomicrobiales","Xanthobacteraceae","Incertae Sedis","uncultured bacterium"
"ESV_1923","Bacteria","Pseudomonadota","Alphaproteobacteria","Hyphomicrobiales","Xanthobacteraceae","Bradyrhizobium","Bradyrhizobium lablabi"
"ESV_1924","Bacteria","Pseudomonadota","Alphaproteobacteria","Hyphomicrobiales","Xanthobacteraceae","Bradyrhizobium","Bradyrhizobium lablabi"
"ESV_1927","Bacteria","Verrucomicrobiota","Verrucomicrobiia","Chthoniobacterales","Chthoniobacteraceae","Candidatus Udaeobacter","uncultured Spartobacteria bacterium"
"ESV_1931","Bacteria","Verrucomicrobiota","Verrucomicrobiia","Chthoniobacterales","Chthoniobacteraceae","Candidatus Udaeobacter","uncultured Spartobacteria bacterium"
"ESV_1933","Bacteria","Actinomycetota","Actinobacteria","Micrococcales","Micrococcaceae","Pseudarthrobacter","Arthrobacter sp. Hiyo4"
"ESV_1934","Bacteria","Actinomycetota","Actinobacteria","Micrococcales","Micrococcaceae","Pseudarthrobacter","Arthrobacter sp. Hiyo4"
"ESV_1937","Bacteria","Nitrospirota","Nitrospiria","Nitrospirales","Nitrospiraceae","Nitrospira","uncultured Nitrospira sp."
"ESV_1938","Bacteria","Nitrospirota","Nitrospiria","Nitrospirales","Nitrospiraceae","Nitrospira","uncultured Nitrospira sp."
"ESV_1941","Bacteria","Actinomycetota","Thermoleophilia","Gaiellales","Gaiellaceae","Gaiella","uncultured actinobacterium"
"ESV_1943","Bacteria","Pseudomonadota","Alphaproteobacteria","Hyphomicrobiales","Methyloligellaceae","Incertae Sedis","metagenome"
"ESV_1944","Bacteria","Pseudomonadota","Alphaproteobacteria","Hyphomicrobiales","Methyloligellaceae","Incertae Sedis","metagenome"
"ESV_1946","Bacteria","Actinomycetota","Thermoleophilia","Gaiellales","Gaiellaceae","Gaiella","uncultured actinobacterium"
"ESV_1955","Bacteria","Actinomycetota","MB-A2-108","Incertae Sedis","Incertae Sedis","Incertae Sedis","metagenome"
"ESV_1961","Bacteria","Actinomycetota","MB-A2-108","Incertae Sedis","Incertae Sedis","Incertae Sedis","metagenome"
"ESV_1963","Bacteria","Pseudomonadota","Alphaproteobacteria","Hyphomicrobiales","Xanthobacteraceae","Incertae Sedis","uncultured bacterium"
"ESV_1964","Bacteria","Pseudomonadota","Alphaproteobacteria","Hyphomicrobiales","Xanthobacteraceae","Incertae Sedis","uncultured bacterium"
"ESV_1969","Bacteria","Pseudomonadota","Gammaproteobacteria","Burkholderiales","SC-I-84","Incertae Sedis","uncultured beta proteobacterium"
"ESV_1970","Bacteria","Pseudomonadota","Gammaproteobacteria","Burkholderiales","SC-I-84","Incertae Sedis","uncultured beta proteobacterium"
"ESV_1971","Bacteria","Bacteroidota","Bacteroidia","Cytophagales","Microscillaceae","Incertae Sedis","uncultured bacterium"
"ESV_1972","Bacteria","Bacteroidota","Bacteroidia","Cytophagales","Microscillaceae","Incertae Sedis","uncultured bacterium"
"ESV_1973","Bacteria","Pseudomonadota","Alphaproteobacteria","Hyphomicrobiales","Xanthobacteraceae","Incertae Sedis","metagenome"
"ESV_1974","Bacteria","Pseudomonadota","Alphaproteobacteria","Hyphomicrobiales","Xanthobacteraceae","Incertae Sedis","metagenome"
"ESV_1976","Bacteria","Actinomycetota","Actinobacteria","Micrococcales","Micrococcaceae","Arthrobacter","Arthrobacter sp. ES3-54"
"ESV_1979","Bacteria","Actinomycetota","Actinobacteria","Micrococcales","Micrococcaceae","Arthrobacter","Arthrobacter sp. ES3-54"
"ESV_1999","Bacteria","Actinomycetota","Thermoleophilia","Gaiellales","Gaiellaceae","Gaiella","uncultured actinobacterium"
"ESV_2000","Bacteria","Actinomycetota","Thermoleophilia","Gaiellales","Gaiellaceae","Gaiella","uncultured actinobacterium"
"ESV_2001","Bacteria","Pseudomonadota","Alphaproteobacteria","Hyphomicrobiales","Xanthobacteraceae","Incertae Sedis","uncultured bacterium"
"ESV_2002","Bacteria","Pseudomonadota","Alphaproteobacteria","Hyphomicrobiales","Xanthobacteraceae","Incertae Sedis","uncultured bacterium"
"ESV_2019","Bacteria","Pseudomonadota","Alphaproteobacteria","Rickettsiales","Mitochondria","Incertae Sedis","uncultured bacterium"
"ESV_2020","Bacteria","Pseudomonadota","Alphaproteobacteria","Rickettsiales","Mitochondria","Incertae Sedis","uncultured bacterium"
"ESV_2021","Bacteria","Pseudomonadota","Gammaproteobacteria","Gammaproteobacteria Incertae Sedis","Unknown Family","Acidibacter","uncultured gamma proteobacterium"
"ESV_2022","Bacteria","Pseudomonadota","Gammaproteobacteria","Gammaproteobacteria Incertae Sedis","Unknown Family","Acidibacter","uncultured gamma proteobacterium"
"ESV_2026","Bacteria","Actinomycetota","Actinobacteria","Micrococcales","Micrococcaceae","Pseudarthrobacter","Arthrobacter sp. Hiyo4"
"ESV_2027","Bacteria","Actinomycetota","Actinobacteria","Micrococcales","Micrococcaceae","Pseudarthrobacter","Arthrobacter sp. Hiyo4"
"ESV_2031","Bacteria","Verrucomicrobiota","Verrucomicrobiia","Chthoniobacterales","Xiphinematobacteraceae","Candidatus Xiphinematobacter","uncultured bacterium"
"ESV_2032","Bacteria","Verrucomicrobiota","Verrucomicrobiia","Chthoniobacterales","Xiphinematobacteraceae","Candidatus Xiphinematobacter","uncultured bacterium"
"ESV_2033","Bacteria","Actinomycetota","Thermoleophilia","Gaiellales","Incertae Sedis","Incertae Sedis","uncultured bacterium"
"ESV_2034","Bacteria","Actinomycetota","Thermoleophilia","Gaiellales","Incertae Sedis","Incertae Sedis","uncultured bacterium"
"ESV_2047","Bacteria","Pseudomonadota","Alphaproteobacteria","Hyphomicrobiales","Xanthobacteraceae","Incertae Sedis","uncultured bacterium"
"ESV_2052","Bacteria","Pseudomonadota","Alphaproteobacteria","Hyphomicrobiales","Xanthobacteraceae","Incertae Sedis","uncultured bacterium"
"ESV_2057","Bacteria","Pseudomonadota","Alphaproteobacteria","Dongiales","Dongiaceae","Dongia","uncultured bacterium"
"ESV_2058","Bacteria","Pseudomonadota","Alphaproteobacteria","Dongiales","Dongiaceae","Dongia","uncultured bacterium"
"ESV_2063","Bacteria","Pseudomonadota","Alphaproteobacteria","Hyphomicrobiales","Hyphomicrobiaceae","Pedomicrobium","metagenome"
"ESV_2064","Bacteria","Pseudomonadota","Alphaproteobacteria","Hyphomicrobiales","Hyphomicrobiaceae","Pedomicrobium","metagenome"
"ESV_2065","Bacteria","Pseudomonadota","Alphaproteobacteria","Hyphomicrobiales","Xanthobacteraceae","Incertae Sedis","uncultured bacterium"
"ESV_2066","Bacteria","Pseudomonadota","Alphaproteobacteria","Hyphomicrobiales","Xanthobacteraceae","Incertae Sedis","uncultured bacterium"
"ESV_2071","Bacteria","Verrucomicrobiota","Verrucomicrobiia","Chthoniobacterales","Chthoniobacteraceae","Candidatus Udaeobacter","uncultured bacterium"
"ESV_2072","Bacteria","Verrucomicrobiota","Verrucomicrobiia","Chthoniobacterales","Chthoniobacteraceae","Candidatus Udaeobacter","uncultured bacterium"
"ESV_2075","Bacteria","Actinomycetota","Thermoleophilia","Gaiellales","Incertae Sedis","Incertae Sedis","uncultured actinobacterium"
"ESV_2076","Bacteria","Actinomycetota","Thermoleophilia","Gaiellales","Incertae Sedis","Incertae Sedis","uncultured actinobacterium"
"ESV_2099","Bacteria","Pseudomonadota","Gammaproteobacteria","Burkholderiales","SC-I-84","Incertae Sedis","uncultured beta proteobacterium"
"ESV_2100","Bacteria","Pseudomonadota","Gammaproteobacteria","Burkholderiales","SC-I-84","Incertae Sedis","uncultured beta proteobacterium"
"ESV_2106","Bacteria","Acidobacteriota","Vicinamibacteria","Vicinamibacterales","Vicinamibacteraceae","Incertae Sedis","uncultured Acidobacteria bacterium"
"ESV_2107","Bacteria","Acidobacteriota","Vicinamibacteria","Vicinamibacterales","Vicinamibacteraceae","Incertae Sedis","uncultured Acidobacteria bacterium"
"ESV_2124","Bacteria","Actinomycetota","Thermoleophilia","Gaiellales","Incertae Sedis","Incertae Sedis","uncultured bacterium"
"ESV_2133","Bacteria","Actinomycetota","Thermoleophilia","Gaiellales","Incertae Sedis","Incertae Sedis","uncultured bacterium"
"ESV_2141","Bacteria","Pseudomonadota","Alphaproteobacteria","Hyphomicrobiales","Xanthobacteraceae","Incertae Sedis","uncultured bacterium"
"ESV_2142","Bacteria","Pseudomonadota","Alphaproteobacteria","Hyphomicrobiales","Xanthobacteraceae","Incertae Sedis","uncultured bacterium"
"ESV_2143","Bacteria","Pseudomonadota","Gammaproteobacteria","Burkholderiales","SC-I-84","Incertae Sedis","uncultured beta proteobacterium"
"ESV_2144","Bacteria","Pseudomonadota","Gammaproteobacteria","Burkholderiales","SC-I-84","Incertae Sedis","uncultured beta proteobacterium"
"ESV_2155","Bacteria","Acidobacteriota","Vicinamibacteria","Vicinamibacterales","Incertae Sedis","Incertae Sedis","uncultured Acidobacteria bacterium"
"ESV_2165","Bacteria","Acidobacteriota","Vicinamibacteria","Vicinamibacterales","Incertae Sedis","Incertae Sedis","uncultured Acidobacteria bacterium"
"ESV_2169","Bacteria","Pseudomonadota","Alphaproteobacteria","Hyphomicrobiales","Xanthobacteraceae","Incertae Sedis","uncultured bacterium"
"ESV_2170","Bacteria","Pseudomonadota","Alphaproteobacteria","Hyphomicrobiales","Xanthobacteraceae","Incertae Sedis","uncultured bacterium"
"ESV_2187","Bacteria","Pseudomonadota","Alphaproteobacteria","Hyphomicrobiales","Methyloligellaceae","Incertae Sedis","metagenome"
"ESV_2188","Bacteria","Pseudomonadota","Alphaproteobacteria","Hyphomicrobiales","Methyloligellaceae","Incertae Sedis","metagenome"
"ESV_2197","Bacteria","Pseudomonadota","Alphaproteobacteria","Hyphomicrobiales","Methyloligellaceae","Incertae Sedis","metagenome"
"ESV_2198","Bacteria","Pseudomonadota","Alphaproteobacteria","Hyphomicrobiales","Methyloligellaceae","Incertae Sedis","metagenome"
"ESV_2223","Bacteria","Bacillota","Bacilli","Bacillales","Bacillaceae","Niallia","uncultured bacterium"
"ESV_2224","Bacteria","Bacillota","Bacilli","Bacillales","Bacillaceae","Niallia","uncultured bacterium"
"ESV_2225","Bacteria","Cyanobacteriota","Cyanobacteriia","Chloroplast","Incertae Sedis","Incertae Sedis","uncultured bacterium"
"ESV_2226","Bacteria","Cyanobacteriota","Cyanobacteriia","Chloroplast","Incertae Sedis","Incertae Sedis","uncultured bacterium"
"ESV_2255","Bacteria","Acidobacteriota","Vicinamibacteria","Vicinamibacterales","Incertae Sedis","Incertae Sedis","uncultured bacterium"
"ESV_2256","Bacteria","Acidobacteriota","Vicinamibacteria","Vicinamibacterales","Incertae Sedis","Incertae Sedis","uncultured bacterium"
"ESV_2295","Bacteria","Bacteroidota","Bacteroidia","Chitinophagales","Chitinophagaceae","Incertae Sedis","metagenome"
"ESV_2296","Bacteria","Bacteroidota","Bacteroidia","Chitinophagales","Chitinophagaceae","Incertae Sedis","metagenome"
"ESV_2304","Bacteria","Acidobacteriota","Subgroup 11","Incertae Sedis","Incertae Sedis","Incertae Sedis","uncultured bacterium"
"ESV_2307","Bacteria","Acidobacteriota","Subgroup 11","Incertae Sedis","Incertae Sedis","Incertae Sedis","uncultured bacterium"
"ESV_2309","Bacteria","Pseudomonadota","Gammaproteobacteria","Burkholderiales","SC-I-84","Incertae Sedis","uncultured beta proteobacterium"
"ESV_2310","Bacteria","Pseudomonadota","Gammaproteobacteria","Burkholderiales","SC-I-84","Incertae Sedis","uncultured beta proteobacterium"
"ESV_2311","Bacteria","Verrucomicrobiota","Verrucomicrobiia","Chthoniobacterales","Chthoniobacteraceae","Candidatus Udaeobacter","uncultured Spartobacteria bacterium"
"ESV_2312","Bacteria","Verrucomicrobiota","Verrucomicrobiia","Chthoniobacterales","Chthoniobacteraceae","Candidatus Udaeobacter","uncultured Spartobacteria bacterium"
"ESV_2331","Bacteria","Actinomycetota","MB-A2-108","Incertae Sedis","Incertae Sedis","Incertae Sedis","uncultured bacterium"
"ESV_2332","Bacteria","Actinomycetota","MB-A2-108","Incertae Sedis","Incertae Sedis","Incertae Sedis","uncultured bacterium"
"ESV_2345","Bacteria","Actinomycetota","Actinobacteria","Micrococcales","Micrococcaceae","Pseudarthrobacter","Arthrobacter sp. Hiyo4"
"ESV_2346","Bacteria","Actinomycetota","Actinobacteria","Micrococcales","Micrococcaceae","Pseudarthrobacter","Arthrobacter sp. Hiyo4"
"ESV_2359","Bacteria","Actinomycetota","MB-A2-108","Incertae Sedis","Incertae Sedis","Incertae Sedis","uncultured bacterium"
"ESV_2360","Bacteria","Actinomycetota","MB-A2-108","Incertae Sedis","Incertae Sedis","Incertae Sedis","uncultured bacterium"
"ESV_2367","Bacteria","Pseudomonadota","Alphaproteobacteria","Hyphomicrobiales","Xanthobacteraceae","Incertae Sedis","uncultured bacterium"
"ESV_2368","Bacteria","Pseudomonadota","Alphaproteobacteria","Hyphomicrobiales","Xanthobacteraceae","Incertae Sedis","uncultured bacterium"
"ESV_2375","Bacteria","Nitrospirota","Nitrospiria","Nitrospirales","Nitrospiraceae","Nitrospira","uncultured Nitrospira sp."
"ESV_2376","Bacteria","Nitrospirota","Nitrospiria","Nitrospirales","Nitrospiraceae","Nitrospira","uncultured Nitrospira sp."
"ESV_2383","Bacteria","Bacteroidota","Bacteroidia","Chitinophagales","Chitinophagaceae","Incertae Sedis","metagenome"
"ESV_2384","Bacteria","Bacteroidota","Bacteroidia","Chitinophagales","Chitinophagaceae","Incertae Sedis","metagenome"
"ESV_2385","Bacteria","Actinomycetota","Actinobacteria","Micrococcales","Micrococcaceae","Pseudarthrobacter","Arthrobacter sp. Hiyo4"
"ESV_2386","Bacteria","Actinomycetota","Actinobacteria","Micrococcales","Micrococcaceae","Pseudarthrobacter","Arthrobacter sp. Hiyo4"
"ESV_2392","Bacteria","Acidobacteriota","Vicinamibacteria","Subgroup 17","Incertae Sedis","Incertae Sedis","uncultured Acidobacteria bacterium"
"ESV_2400","Bacteria","Acidobacteriota","Vicinamibacteria","Subgroup 17","Incertae Sedis","Incertae Sedis","uncultured Acidobacteria bacterium"
"ESV_2409","Bacteria","Pseudomonadota","Alphaproteobacteria","Hyphomicrobiales","Xanthobacteraceae","Incertae Sedis","uncultured bacterium"
"ESV_2410","Bacteria","Pseudomonadota","Alphaproteobacteria","Hyphomicrobiales","Xanthobacteraceae","Incertae Sedis","uncultured bacterium"
"ESV_2411","Bacteria","Pseudomonadota","Alphaproteobacteria","Hyphomicrobiales","Xanthobacteraceae","Incertae Sedis","uncultured bacterium"
"ESV_2412","Bacteria","Pseudomonadota","Alphaproteobacteria","Hyphomicrobiales","Xanthobacteraceae","Incertae Sedis","uncultured bacterium"
"ESV_2421","Bacteria","Pseudomonadota","Gammaproteobacteria","Burkholderiales","Nitrosomonadaceae","Nitrosospira","Nitrosospira multiformis ATCC 25196"
"ESV_2422","Bacteria","Pseudomonadota","Gammaproteobacteria","Burkholderiales","Nitrosomonadaceae","Nitrosospira","Nitrosospira multiformis ATCC 25196"
"ESV_2443","Bacteria","Acidobacteriota","Vicinamibacteria","Vicinamibacterales","Incertae Sedis","Incertae Sedis","uncultured Acidobacteria bacterium"
"ESV_2444","Bacteria","Acidobacteriota","Vicinamibacteria","Vicinamibacterales","Incertae Sedis","Incertae Sedis","uncultured Acidobacteria bacterium"
"ESV_2459","Bacteria","Bacillota","Bacilli","Bacillales","Bacillaceae","Niallia","uncultured Bacillus sp."
"ESV_2460","Bacteria","Bacillota","Bacilli","Bacillales","Bacillaceae","Niallia","uncultured Bacillus sp."
"ESV_2473","Bacteria","Actinomycetota","Thermoleophilia","Gaiellales","Gaiellaceae","Gaiella","uncultured actinobacterium"
"ESV_2474","Bacteria","Actinomycetota","Thermoleophilia","Gaiellales","Gaiellaceae","Gaiella","uncultured actinobacterium"
"ESV_2475","Bacteria","Pseudomonadota","Alphaproteobacteria","Hyphomicrobiales","Xanthobacteraceae","Incertae Sedis","metagenome"
"ESV_2476","Bacteria","Pseudomonadota","Alphaproteobacteria","Hyphomicrobiales","Xanthobacteraceae","Incertae Sedis","metagenome"
"ESV_2484","Bacteria","Pseudomonadota","Gammaproteobacteria","Burkholderiales","SC-I-84","Incertae Sedis","uncultured bacterium"
"ESV_2487","Bacteria","Pseudomonadota","Gammaproteobacteria","Burkholderiales","SC-I-84","Incertae Sedis","uncultured bacterium"
"ESV_2497","Bacteria","Pseudomonadota","Alphaproteobacteria","Hyphomicrobiales","Methyloligellaceae","Incertae Sedis","uncultured bacterium"
"ESV_2498","Bacteria","Pseudomonadota","Alphaproteobacteria","Hyphomicrobiales","Methyloligellaceae","Incertae Sedis","uncultured bacterium"
"ESV_2509","Bacteria","Pseudomonadota","Alphaproteobacteria","Hyphomicrobiales","Xanthobacteraceae","Nitrobacter","Nitrobacter vulgaris"
"ESV_2510","Bacteria","Pseudomonadota","Alphaproteobacteria","Hyphomicrobiales","Xanthobacteraceae","Nitrobacter","Nitrobacter vulgaris"
"ESV_2513","Bacteria","Actinomycetota","Thermoleophilia","Gaiellales","Gaiellaceae","Gaiella","uncultured bacterium"
"ESV_2517","Bacteria","Actinomycetota","Thermoleophilia","Gaiellales","Gaiellaceae","Gaiella","uncultured bacterium"
"ESV_2525","Bacteria","Pseudomonadota","Alphaproteobacteria","Hyphomicrobiales","Xanthobacteraceae","Incertae Sedis","uncultured bacterium"
"ESV_2526","Bacteria","Pseudomonadota","Alphaproteobacteria","Hyphomicrobiales","Xanthobacteraceae","Incertae Sedis","uncultured bacterium"
"ESV_2529","Bacteria","Pseudomonadota","Gammaproteobacteria","Gammaproteobacteria Incertae Sedis","Unknown Family","Acidibacter","uncultured gamma proteobacterium"
"ESV_2530","Bacteria","Pseudomonadota","Gammaproteobacteria","Gammaproteobacteria Incertae Sedis","Unknown Family","Acidibacter","uncultured gamma proteobacterium"
"ESV_2532","Bacteria","Pseudomonadota","Alphaproteobacteria","Hyphomicrobiales","Hyphomicrobiaceae","Pedomicrobium","uncultured Alphaproteobacteria bacterium"
"ESV_2540","Bacteria","Pseudomonadota","Alphaproteobacteria","Hyphomicrobiales","Hyphomicrobiaceae","Pedomicrobium","uncultured Alphaproteobacteria bacterium"
"ESV_2545","Bacteria","Actinomycetota","Thermoleophilia","Gaiellales","Gaiellaceae","Gaiella","uncultured actinobacterium"
"ESV_2546","Bacteria","Actinomycetota","Thermoleophilia","Gaiellales","Gaiellaceae","Gaiella","uncultured actinobacterium"
"ESV_2551","Bacteria","Pseudomonadota","Alphaproteobacteria","Rickettsiales","Mitochondria","Incertae Sedis","uncultured bacterium"
"ESV_2552","Bacteria","Pseudomonadota","Alphaproteobacteria","Rickettsiales","Mitochondria","Incertae Sedis","uncultured bacterium"
"ESV_2555","Bacteria","Pseudomonadota","Alphaproteobacteria","Hyphomicrobiales","Xanthobacteraceae","Bradyrhizobium","Bradyrhizobium lablabi"
"ESV_2556","Bacteria","Pseudomonadota","Alphaproteobacteria","Hyphomicrobiales","Xanthobacteraceae","Bradyrhizobium","Bradyrhizobium lablabi"
"ESV_2557","Bacteria","Pseudomonadota","Alphaproteobacteria","Hyphomicrobiales","Xanthobacteraceae","Incertae Sedis","uncultured bacterium"
"ESV_2558","Bacteria","Pseudomonadota","Alphaproteobacteria","Hyphomicrobiales","Xanthobacteraceae","Incertae Sedis","uncultured bacterium"
"ESV_2559","Bacteria","Acidobacteriota","Subgroup 5","Incertae Sedis","Incertae Sedis","Incertae Sedis","uncultured Acidobacteria bacterium"
"ESV_2560","Bacteria","Acidobacteriota","Subgroup 5","Incertae Sedis","Incertae Sedis","Incertae Sedis","uncultured Acidobacteria bacterium"
"ESV_2591","Bacteria","Pseudomonadota","Alphaproteobacteria","Rickettsiales","Mitochondria","Incertae Sedis","uncultured bacterium"
"ESV_2592","Bacteria","Pseudomonadota","Alphaproteobacteria","Rickettsiales","Mitochondria","Incertae Sedis","uncultured bacterium"
"ESV_2597","Bacteria","Verrucomicrobiota","Verrucomicrobiia","Chthoniobacterales","Chthoniobacteraceae","Candidatus Udaeobacter","uncultured bacterium"
"ESV_2599","Bacteria","Pseudomonadota","Alphaproteobacteria","Hyphomicrobiales","Hyphomicrobiaceae","Pedomicrobium","metagenome"
"ESV_2600","Bacteria","Pseudomonadota","Alphaproteobacteria","Hyphomicrobiales","Hyphomicrobiaceae","Pedomicrobium","metagenome"
"ESV_2602","Bacteria","Verrucomicrobiota","Verrucomicrobiia","Chthoniobacterales","Chthoniobacteraceae","Candidatus Udaeobacter","uncultured bacterium"
"ESV_2605","Bacteria","Actinomycetota","Acidimicrobiia","Microtrichales","Ilumatobacteraceae","Incertae Sedis","uncultured bacterium"
"ESV_2606","Bacteria","Actinomycetota","Acidimicrobiia","Microtrichales","Ilumatobacteraceae","Incertae Sedis","uncultured bacterium"
"ESV_2635","Bacteria","Actinomycetota","MB-A2-108","Incertae Sedis","Incertae Sedis","Incertae Sedis","uncultured bacterium"
"ESV_2636","Bacteria","Actinomycetota","MB-A2-108","Incertae Sedis","Incertae Sedis","Incertae Sedis","uncultured bacterium"
"ESV_2637","Bacteria","Pseudomonadota","Alphaproteobacteria","Hyphomicrobiales","Methyloligellaceae","Incertae Sedis","metagenome"
"ESV_2643","Bacteria","Pseudomonadota","Alphaproteobacteria","Hyphomicrobiales","Methyloligellaceae","Incertae Sedis","metagenome"
"ESV_2649","Bacteria","Pseudomonadota","Alphaproteobacteria","Incertae Sedis","Incertae Sedis","Incertae Sedis","metagenome"
"ESV_2650","Bacteria","Pseudomonadota","Alphaproteobacteria","Incertae Sedis","Incertae Sedis","Incertae Sedis","metagenome"
"ESV_2651","Bacteria","Actinomycetota","Acidimicrobiia","Microtrichales","Ilumatobacteraceae","Incertae Sedis","uncultured bacterium"
"ESV_2652","Bacteria","Actinomycetota","Acidimicrobiia","Microtrichales","Ilumatobacteraceae","Incertae Sedis","uncultured bacterium"
"ESV_2653","Bacteria","Actinomycetota","Actinobacteria","Micrococcales","Micrococcaceae","Pseudarthrobacter","Arthrobacter sp. Hiyo4"
"ESV_2654","Bacteria","Actinomycetota","Actinobacteria","Micrococcales","Micrococcaceae","Pseudarthrobacter","Arthrobacter sp. Hiyo4"
"ESV_2657","Bacteria","Pseudomonadota","Alphaproteobacteria","Hyphomicrobiales","Xanthobacteraceae","Rhodoplanes","uncultured bacterium"
"ESV_2658","Bacteria","Pseudomonadota","Alphaproteobacteria","Hyphomicrobiales","Xanthobacteraceae","Rhodoplanes","uncultured bacterium"
"ESV_2661","Bacteria","Pseudomonadota","Alphaproteobacteria","Hyphomicrobiales","Xanthobacteraceae","Incertae Sedis","uncultured bacterium"
"ESV_2662","Bacteria","Pseudomonadota","Alphaproteobacteria","Hyphomicrobiales","Xanthobacteraceae","Incertae Sedis","uncultured bacterium"
"ESV_2663","Bacteria","Pseudomonadota","Alphaproteobacteria","Rickettsiales","Mitochondria","Incertae Sedis","uncultured bacterium"
"ESV_2664","Bacteria","Pseudomonadota","Alphaproteobacteria","Rickettsiales","Mitochondria","Incertae Sedis","uncultured bacterium"
"ESV_2683","Bacteria","Pseudomonadota","Alphaproteobacteria","Rickettsiales","Mitochondria","Incertae Sedis","uncultured bacterium"
"ESV_2684","Bacteria","Pseudomonadota","Alphaproteobacteria","Rickettsiales","Mitochondria","Incertae Sedis","uncultured bacterium"
"ESV_2701","Bacteria","Actinomycetota","MB-A2-108","Incertae Sedis","Incertae Sedis","Incertae Sedis","metagenome"
"ESV_2702","Bacteria","Actinomycetota","MB-A2-108","Incertae Sedis","Incertae Sedis","Incertae Sedis","metagenome"
"ESV_2703","Bacteria","Pseudomonadota","Alphaproteobacteria","Hyphomicrobiales","Xanthobacteraceae","Incertae Sedis","metagenome"
"ESV_2704","Bacteria","Pseudomonadota","Alphaproteobacteria","Hyphomicrobiales","Xanthobacteraceae","Incertae Sedis","metagenome"
"ESV_2705","Bacteria","Pseudomonadota","Alphaproteobacteria","Hyphomicrobiales","Methyloligellaceae","Incertae Sedis","metagenome"
"ESV_2706","Bacteria","Pseudomonadota","Alphaproteobacteria","Hyphomicrobiales","Methyloligellaceae","Incertae Sedis","metagenome"
"ESV_2715","Bacteria","Actinomycetota","Actinobacteria","Micrococcales","Micrococcaceae","Pseudarthrobacter","Arthrobacter sp. Hiyo4"
"ESV_2716","Bacteria","Actinomycetota","Actinobacteria","Micrococcales","Micrococcaceae","Pseudarthrobacter","Arthrobacter sp. Hiyo4"
"ESV_2719","Bacteria","Myxococcota","bacteriap25","Incertae Sedis","Incertae Sedis","Incertae Sedis","uncultured bacterium"
"ESV_2720","Bacteria","Myxococcota","bacteriap25","Incertae Sedis","Incertae Sedis","Incertae Sedis","uncultured bacterium"
"ESV_2729","Bacteria","Pseudomonadota","Gammaproteobacteria","Gammaproteobacteria Incertae Sedis","Unknown Family","Acidibacter","uncultured gamma proteobacterium"
"ESV_2732","Bacteria","Pseudomonadota","Gammaproteobacteria","Gammaproteobacteria Incertae Sedis","Unknown Family","Acidibacter","uncultured gamma proteobacterium"
"ESV_2751","Bacteria","Nitrospirota","Nitrospiria","Nitrospirales","Nitrospiraceae","Nitrospira","uncultured Nitrospira sp."
"ESV_2752","Bacteria","Nitrospirota","Nitrospiria","Nitrospirales","Nitrospiraceae","Nitrospira","uncultured Nitrospira sp."
"ESV_2775","Bacteria","Actinomycetota","Actinobacteria","Micrococcales","Micrococcaceae","Pseudarthrobacter","Arthrobacter sp. Hiyo4"
"ESV_2776","Bacteria","Actinomycetota","Actinobacteria","Micrococcales","Micrococcaceae","Pseudarthrobacter","Arthrobacter sp. Hiyo4"
"ESV_2793","Bacteria","Pseudomonadota","Alphaproteobacteria","Reyranellales","Reyranellaceae","Reyranella","Reyranella soli"
"ESV_2794","Bacteria","Pseudomonadota","Alphaproteobacteria","Reyranellales","Reyranellaceae","Reyranella","Reyranella soli"
"ESV_2805","Bacteria","Pseudomonadota","Alphaproteobacteria","Hyphomicrobiales","Rhizobiaceae","Mesorhizobium","metagenome"
"ESV_2806","Bacteria","Pseudomonadota","Alphaproteobacteria","Hyphomicrobiales","Rhizobiaceae","Mesorhizobium","metagenome"
"ESV_2841","Bacteria","Actinomycetota","Thermoleophilia","Solirubrobacterales","67-14","Incertae Sedis","uncultured bacterium"
"ESV_2842","Bacteria","Actinomycetota","Thermoleophilia","Solirubrobacterales","67-14","Incertae Sedis","uncultured bacterium"
"ESV_2843","Bacteria","Pseudomonadota","Gammaproteobacteria","Burkholderiales","Nitrosomonadaceae","Nitrosospira","Nitrosospira multiformis ATCC 25196"
"ESV_2844","Bacteria","Pseudomonadota","Gammaproteobacteria","Burkholderiales","Nitrosomonadaceae","Nitrosospira","Nitrosospira multiformis ATCC 25196"
"ESV_2849","Bacteria","Actinomycetota","Thermoleophilia","Gaiellales","Incertae Sedis","Incertae Sedis","uncultured actinobacterium"
"ESV_2850","Bacteria","Actinomycetota","Thermoleophilia","Gaiellales","Incertae Sedis","Incertae Sedis","uncultured actinobacterium"
"ESV_2852","Bacteria","Pseudomonadota","Alphaproteobacteria","Hyphomicrobiales","Hyphomicrobiaceae","Hyphomicrobium","metagenome"
"ESV_2865","Bacteria","Pseudomonadota","Alphaproteobacteria","Hyphomicrobiales","Hyphomicrobiaceae","Hyphomicrobium","metagenome"
"ESV_2873","Bacteria","Pseudomonadota","Alphaproteobacteria","Hyphomicrobiales","Xanthobacteraceae","Incertae Sedis","uncultured bacterium"
"ESV_2874","Bacteria","Pseudomonadota","Alphaproteobacteria","Hyphomicrobiales","Xanthobacteraceae","Incertae Sedis","uncultured bacterium"
"ESV_2911","Bacteria","Actinomycetota","Acidimicrobiia","Microtrichales","Ilumatobacteraceae","Ilumatobacter","metagenome"
"ESV_2912","Bacteria","Actinomycetota","Acidimicrobiia","Microtrichales","Ilumatobacteraceae","Ilumatobacter","metagenome"
"ESV_2917","Bacteria","Actinomycetota","Thermoleophilia","Gaiellales","Gaiellaceae","Gaiella","uncultured bacterium"
"ESV_2918","Bacteria","Actinomycetota","Thermoleophilia","Gaiellales","Gaiellaceae","Gaiella","uncultured bacterium"
"ESV_2921","Bacteria","Pseudomonadota","Alphaproteobacteria","Reyranellales","Reyranellaceae","Reyranella","metagenome"
"ESV_2931","Bacteria","Pseudomonadota","Alphaproteobacteria","Reyranellales","Reyranellaceae","Reyranella","metagenome"
"ESV_2939","Bacteria","Pseudomonadota","Alphaproteobacteria","Hyphomicrobiales","Methyloligellaceae","Incertae Sedis","uncultured bacterium"
"ESV_2940","Bacteria","Pseudomonadota","Alphaproteobacteria","Hyphomicrobiales","Methyloligellaceae","Incertae Sedis","uncultured bacterium"
"ESV_2941","Bacteria","Pseudomonadota","Alphaproteobacteria","Rickettsiales","Mitochondria","Incertae Sedis","uncultured bacterium"
"ESV_2942","Bacteria","Pseudomonadota","Alphaproteobacteria","Rickettsiales","Mitochondria","Incertae Sedis","uncultured bacterium"
"ESV_2944","Bacteria","Actinomycetota","Actinobacteria","Micrococcales","Intrasporangiaceae","Incertae Sedis","metagenome"
"ESV_2945","Bacteria","Pseudomonadota","Alphaproteobacteria","Hyphomicrobiales","Xanthobacteraceae","Bradyrhizobium","Afipia sp. GAS231"
"ESV_2954","Bacteria","Actinomycetota","Actinobacteria","Micrococcales","Intrasporangiaceae","Incertae Sedis","metagenome"
"ESV_2955","Bacteria","Pseudomonadota","Alphaproteobacteria","Hyphomicrobiales","Xanthobacteraceae","Bradyrhizobium","Afipia sp. GAS231"
"ESV_2965","Bacteria","Actinomycetota","Actinobacteria","Micrococcales","Micrococcaceae","Pseudarthrobacter","Arthrobacter sp. Hiyo4"
"ESV_2966","Bacteria","Actinomycetota","Actinobacteria","Micrococcales","Micrococcaceae","Pseudarthrobacter","Arthrobacter sp. Hiyo4"
"ESV_2971","Bacteria","Actinomycetota","Thermoleophilia","Gaiellales","Gaiellaceae","Gaiella","uncultured actinobacterium"
"ESV_2974","Bacteria","Acidobacteriota","Thermoanaerobaculia","Thermoanaerobaculales","Thermoanaerobaculaceae","Subgroup 10","uncultured Geoalkalibacter sp."
"ESV_2975","Bacteria","Acidobacteriota","Thermoanaerobaculia","Thermoanaerobaculales","Thermoanaerobaculaceae","Subgroup 10","uncultured Geoalkalibacter sp."
"ESV_2978","Bacteria","Actinomycetota","Thermoleophilia","Gaiellales","Gaiellaceae","Gaiella","uncultured actinobacterium"
"ESV_2989","Bacteria","Actinomycetota","MB-A2-108","Incertae Sedis","Incertae Sedis","Incertae Sedis","metagenome"
"ESV_2990","Bacteria","Actinomycetota","MB-A2-108","Incertae Sedis","Incertae Sedis","Incertae Sedis","metagenome"
"ESV_3002","Bacteria","Pseudomonadota","Alphaproteobacteria","Hyphomicrobiales","Methyloligellaceae","Incertae Sedis","metagenome"
"ESV_3003","Bacteria","Pseudomonadota","Alphaproteobacteria","Hyphomicrobiales","Methyloligellaceae","Incertae Sedis","metagenome"
"ESV_3019","Bacteria","Pseudomonadota","Alphaproteobacteria","Hyphomicrobiales","Xanthobacteraceae","Bradyrhizobium","Bradyrhizobium sp. SEMIA 6399"
"ESV_3020","Bacteria","Pseudomonadota","Alphaproteobacteria","Hyphomicrobiales","Xanthobacteraceae","Bradyrhizobium","Bradyrhizobium sp. SEMIA 6399"
"ESV_3049","Bacteria","Actinomycetota","Actinobacteria","Micrococcales","Micrococcaceae","Pseudarthrobacter","Arthrobacter sp. Hiyo4"
"ESV_3050","Bacteria","Actinomycetota","Actinobacteria","Micrococcales","Micrococcaceae","Pseudarthrobacter","Arthrobacter sp. Hiyo4"
"ESV_3052","Bacteria","Pseudomonadota","Alphaproteobacteria","Hyphomicrobiales","Kaistiaceae","Kaistia","Kaistia defluvii"
"ESV_3061","Bacteria","Pseudomonadota","Alphaproteobacteria","Hyphomicrobiales","Kaistiaceae","Kaistia","Kaistia defluvii"
"ESV_3065","Bacteria","Pseudomonadota","Alphaproteobacteria","Hyphomicrobiales","Rhizobiaceae","Mesorhizobium","metagenome"
"ESV_3066","Bacteria","Pseudomonadota","Alphaproteobacteria","Hyphomicrobiales","Rhizobiaceae","Mesorhizobium","metagenome"
"ESV_3067","Bacteria","Pseudomonadota","Alphaproteobacteria","Hyphomicrobiales","Xanthobacteraceae","Incertae Sedis","metagenome"
"ESV_3068","Bacteria","Pseudomonadota","Alphaproteobacteria","Hyphomicrobiales","Xanthobacteraceae","Incertae Sedis","metagenome"
"ESV_3087","Bacteria","Actinomycetota","Acidimicrobiia","Acidimicrobiales","Acidimicrobiaceae","Acidiferrimicrobium","uncultured bacterium"
"ESV_3088","Bacteria","Actinomycetota","Acidimicrobiia","Acidimicrobiales","Acidimicrobiaceae","Acidiferrimicrobium","uncultured bacterium"
"ESV_3089","Bacteria","Actinomycetota","Actinobacteria","Micrococcales","Intrasporangiaceae","Humibacillus","Humibacillus xanthopallidus"
"ESV_3090","Bacteria","Actinomycetota","Actinobacteria","Micrococcales","Intrasporangiaceae","Humibacillus","Humibacillus xanthopallidus"
"ESV_3101","Bacteria","Pseudomonadota","Alphaproteobacteria","Hyphomicrobiales","Beijerinckiaceae","Microvirga","metagenome"
"ESV_3102","Bacteria","Pseudomonadota","Alphaproteobacteria","Hyphomicrobiales","Beijerinckiaceae","Microvirga","metagenome"
"ESV_3135","Bacteria","Pseudomonadota","Alphaproteobacteria","Hyphomicrobiales","Methyloligellaceae","Incertae Sedis","metagenome"
"ESV_3136","Bacteria","Pseudomonadota","Alphaproteobacteria","Hyphomicrobiales","Methyloligellaceae","Incertae Sedis","metagenome"
"ESV_3139","Bacteria","Pseudomonadota","Alphaproteobacteria","Hyphomicrobiales","Xanthobacteraceae","Bradyrhizobium","Bradyrhizobium sp. SEMIA 6399"
"ESV_3157","Bacteria","Pseudomonadota","Alphaproteobacteria","Hyphomicrobiales","Xanthobacteraceae","Bradyrhizobium","Bradyrhizobium sp. SEMIA 6399"
"ESV_3183","Bacteria","Actinomycetota","Thermoleophilia","Gaiellales","Gaiellaceae","Gaiella","uncultured soil bacterium"
"ESV_3184","Bacteria","Actinomycetota","Thermoleophilia","Gaiellales","Gaiellaceae","Gaiella","uncultured soil bacterium"
"ESV_3185","Bacteria","Acidobacteriota","Blastocatellia","11-24","Incertae Sedis","Incertae Sedis","uncultured Acidobacteria bacterium"
"ESV_3186","Bacteria","Acidobacteriota","Blastocatellia","11-24","Incertae Sedis","Incertae Sedis","uncultured Acidobacteria bacterium"
"ESV_3193","Bacteria","Pseudomonadota","Alphaproteobacteria","Hyphomicrobiales","Xanthobacteraceae","Incertae Sedis","uncultured bacterium"
"ESV_3194","Bacteria","Pseudomonadota","Alphaproteobacteria","Hyphomicrobiales","Xanthobacteraceae","Incertae Sedis","uncultured bacterium"
"ESV_3199","Bacteria","Pseudomonadota","Gammaproteobacteria","Burkholderiales","SC-I-84","Incertae Sedis","uncultured beta proteobacterium"
"ESV_3200","Bacteria","Pseudomonadota","Gammaproteobacteria","Burkholderiales","SC-I-84","Incertae Sedis","uncultured beta proteobacterium"
"ESV_3201","Bacteria","Pseudomonadota","Alphaproteobacteria","Hyphomicrobiales","Xanthobacteraceae","Incertae Sedis","metagenome"
"ESV_3202","Bacteria","Pseudomonadota","Alphaproteobacteria","Hyphomicrobiales","Xanthobacteraceae","Incertae Sedis","metagenome"
"ESV_3205","Bacteria","Pseudomonadota","Alphaproteobacteria","Hyphomicrobiales","Methyloligellaceae","Incertae Sedis","metagenome"
"ESV_3206","Bacteria","Pseudomonadota","Alphaproteobacteria","Hyphomicrobiales","Methyloligellaceae","Incertae Sedis","metagenome"
"ESV_3233","Bacteria","Nitrospirota","Nitrospiria","Nitrospirales","Nitrospiraceae","Nitrospira","uncultured Nitrospira sp."
"ESV_3234","Bacteria","Nitrospirota","Nitrospiria","Nitrospirales","Nitrospiraceae","Nitrospira","uncultured Nitrospira sp."
"ESV_3235","Bacteria","Pseudomonadota","Alphaproteobacteria","Hyphomicrobiales","Xanthobacteraceae","Bradyrhizobium","Bradyrhizobium lablabi"
"ESV_3236","Bacteria","Pseudomonadota","Alphaproteobacteria","Hyphomicrobiales","Xanthobacteraceae","Bradyrhizobium","Bradyrhizobium lablabi"
"ESV_3241","Bacteria","Pseudomonadota","Alphaproteobacteria","Hyphomicrobiales","Xanthobacteraceae","Incertae Sedis","uncultured bacterium"
"ESV_3242","Bacteria","Pseudomonadota","Alphaproteobacteria","Hyphomicrobiales","Xanthobacteraceae","Incertae Sedis","uncultured bacterium"
"ESV_3245","Bacteria","Pseudomonadota","Gammaproteobacteria","Burkholderiales","SC-I-84","Incertae Sedis","uncultured beta proteobacterium"
"ESV_3246","Bacteria","Pseudomonadota","Gammaproteobacteria","Burkholderiales","SC-I-84","Incertae Sedis","uncultured beta proteobacterium"
"ESV_3258","Bacteria","Actinomycetota","Actinobacteria","Micrococcales","Micrococcaceae","Pseudarthrobacter","Arthrobacter sp. Hiyo4"
"ESV_3261","Bacteria","Actinomycetota","Actinobacteria","Micrococcales","Micrococcaceae","Pseudarthrobacter","Arthrobacter sp. Hiyo4"
"ESV_3273","Bacteria","Nitrospirota","Nitrospiria","Nitrospirales","Nitrospiraceae","Nitrospira","uncultured Nitrospira sp."
"ESV_3277","Bacteria","Nitrospirota","Nitrospiria","Nitrospirales","Nitrospiraceae","Nitrospira","uncultured Nitrospira sp."
"ESV_3292","Bacteria","Actinomycetota","Actinobacteria","Propionibacteriales","Propionibacteriaceae","Microlunatus","uncultured bacterium"
"ESV_3294","Bacteria","Actinomycetota","Actinobacteria","Propionibacteriales","Propionibacteriaceae","Microlunatus","uncultured bacterium"
"ESV_3321","Bacteria","Pseudomonadota","Alphaproteobacteria","Hyphomicrobiales","Xanthobacteraceae","Incertae Sedis","uncultured bacterium"
"ESV_3322","Bacteria","Pseudomonadota","Alphaproteobacteria","Hyphomicrobiales","Xanthobacteraceae","Incertae Sedis","uncultured bacterium"
"ESV_3325","Bacteria","Actinomycetota","Thermoleophilia","Gaiellales","Incertae Sedis","Incertae Sedis","metagenome"
"ESV_3326","Bacteria","Actinomycetota","Thermoleophilia","Gaiellales","Incertae Sedis","Incertae Sedis","metagenome"
"ESV_3327","Bacteria","Pseudomonadota","Alphaproteobacteria","Rickettsiales","Mitochondria","Incertae Sedis","uncultured bacterium"
"ESV_3328","Bacteria","Pseudomonadota","Alphaproteobacteria","Rickettsiales","Mitochondria","Incertae Sedis","uncultured bacterium"
"ESV_3329","Bacteria","Acidobacteriota","Subgroup 11","Incertae Sedis","Incertae Sedis","Incertae Sedis","uncultured bacterium"
"ESV_3330","Bacteria","Acidobacteriota","Subgroup 11","Incertae Sedis","Incertae Sedis","Incertae Sedis","uncultured bacterium"
"ESV_3359","Bacteria","Acidobacteriota","Subgroup 5","Incertae Sedis","Incertae Sedis","Incertae Sedis","uncultured Acidobacteria bacterium"
"ESV_3360","Bacteria","Acidobacteriota","Subgroup 5","Incertae Sedis","Incertae Sedis","Incertae Sedis","uncultured Acidobacteria bacterium"
"ESV_3361","Bacteria","Myxococcota","Polyangiia","Polyangiales","Sandaracinaceae","Incertae Sedis","metagenome"
"ESV_3362","Bacteria","Myxococcota","Polyangiia","Polyangiales","Sandaracinaceae","Incertae Sedis","metagenome"
"ESV_3393","Bacteria","Pseudomonadota","Alphaproteobacteria","Rickettsiales","Mitochondria","Incertae Sedis","uncultured bacterium"
"ESV_3394","Bacteria","Pseudomonadota","Alphaproteobacteria","Rickettsiales","Mitochondria","Incertae Sedis","uncultured bacterium"
"ESV_3399","Bacteria","Acidobacteriota","Subgroup 11","Incertae Sedis","Incertae Sedis","Incertae Sedis","uncultured bacterium"
"ESV_3400","Bacteria","Pseudomonadota","Alphaproteobacteria","Incertae Sedis","Incertae Sedis","Incertae Sedis","metagenome"
"ESV_3414","Bacteria","Acidobacteriota","Subgroup 11","Incertae Sedis","Incertae Sedis","Incertae Sedis","uncultured bacterium"
"ESV_3415","Bacteria","Pseudomonadota","Alphaproteobacteria","Incertae Sedis","Incertae Sedis","Incertae Sedis","metagenome"
"ESV_3523","Bacteria","Pseudomonadota","Alphaproteobacteria","Hyphomicrobiales","Hyphomicrobiaceae","Pedomicrobium","metagenome"
"ESV_3524","Bacteria","Pseudomonadota","Alphaproteobacteria","Hyphomicrobiales","Hyphomicrobiaceae","Pedomicrobium","metagenome"
"ESV_3525","Bacteria","Actinomycetota","Thermoleophilia","Gaiellales","Incertae Sedis","Incertae Sedis","uncultured bacterium"
"ESV_3538","Bacteria","Myxococcota","Polyangiia","Polyangiales","Sandaracinaceae","Incertae Sedis","metagenome"
"ESV_3539","Bacteria","Myxococcota","Polyangiia","Polyangiales","Sandaracinaceae","Incertae Sedis","metagenome"
"ESV_3542","Bacteria","Actinomycetota","Thermoleophilia","Gaiellales","Incertae Sedis","Incertae Sedis","uncultured bacterium"
"ESV_3553","Bacteria","Cyanobacteriota","Cyanobacteriia","Cyanobacteriales","Phormidiaceae","Tychonema CCAP 1459-11B","Oscillatoria nigro-viridis PCC 7112"
"ESV_3554","Bacteria","Cyanobacteriota","Cyanobacteriia","Cyanobacteriales","Phormidiaceae","Tychonema CCAP 1459-11B","Oscillatoria nigro-viridis PCC 7112"
"ESV_3561","Bacteria","Pseudomonadota","Alphaproteobacteria","Hyphomicrobiales","Xanthobacteraceae","Incertae Sedis","uncultured bacterium"
"ESV_3562","Bacteria","Pseudomonadota","Alphaproteobacteria","Hyphomicrobiales","Xanthobacteraceae","Incertae Sedis","uncultured bacterium"
"ESV_3563","Bacteria","Myxococcota","bacteriap25","Incertae Sedis","Incertae Sedis","Incertae Sedis","uncultured bacterium"
"ESV_3568","Bacteria","Pseudomonadota","Alphaproteobacteria","Hyphomicrobiales","Beijerinckiaceae","Microvirga","metagenome"
"ESV_3571","Bacteria","Pseudomonadota","Alphaproteobacteria","Hyphomicrobiales","Beijerinckiaceae","Microvirga","metagenome"
"ESV_3573","Bacteria","Myxococcota","bacteriap25","Incertae Sedis","Incertae Sedis","Incertae Sedis","uncultured bacterium"
"ESV_3585","Bacteria","Pseudomonadota","Gammaproteobacteria","Pseudomonadales","Pseudomonadaceae","Pseudomonas","Pseudomonas koreensis"
"ESV_3586","Bacteria","Pseudomonadota","Gammaproteobacteria","Pseudomonadales","Pseudomonadaceae","Pseudomonas","Pseudomonas koreensis"
"ESV_3591","Bacteria","Acidobacteriota","Subgroup 11","Incertae Sedis","Incertae Sedis","Incertae Sedis","uncultured bacterium"
"ESV_3594","Bacteria","Pseudomonadota","Gammaproteobacteria","Burkholderiales","SC-I-84","Incertae Sedis","uncultured bacterium"
"ESV_3599","Bacteria","Pseudomonadota","Gammaproteobacteria","Burkholderiales","SC-I-84","Incertae Sedis","uncultured bacterium"
"ESV_3602","Bacteria","Acidobacteriota","Subgroup 11","Incertae Sedis","Incertae Sedis","Incertae Sedis","uncultured bacterium"
"ESV_3613","Bacteria","Pseudomonadota","Alphaproteobacteria","Rickettsiales","Mitochondria","Incertae Sedis","uncultured bacterium"
"ESV_3614","Bacteria","Pseudomonadota","Alphaproteobacteria","Rickettsiales","Mitochondria","Incertae Sedis","uncultured bacterium"
"ESV_3619","Bacteria","Acidobacteriota","Vicinamibacteria","Vicinamibacterales","Vicinamibacteraceae","Incertae Sedis","uncultured bacterium"
"ESV_3620","Bacteria","Acidobacteriota","Vicinamibacteria","Vicinamibacterales","Vicinamibacteraceae","Incertae Sedis","uncultured bacterium"
"ESV_3629","Bacteria","Pseudomonadota","Alphaproteobacteria","Hyphomicrobiales","Hyphomicrobiaceae","Pedomicrobium","metagenome"
"ESV_3632","Bacteria","Pseudomonadota","Alphaproteobacteria","Hyphomicrobiales","Hyphomicrobiaceae","Pedomicrobium","metagenome"
"ESV_3649","Bacteria","RCP2-54","Incertae Sedis","Incertae Sedis","Incertae Sedis","Incertae Sedis","uncultured delta proteobacterium"
"ESV_3650","Bacteria","RCP2-54","Incertae Sedis","Incertae Sedis","Incertae Sedis","Incertae Sedis","uncultured delta proteobacterium"
"ESV_3660","Bacteria","Pseudomonadota","Alphaproteobacteria","Hyphomicrobiales","Methyloligellaceae","Incertae Sedis","metagenome"
"ESV_3665","Bacteria","Pseudomonadota","Alphaproteobacteria","Hyphomicrobiales","Methyloligellaceae","Incertae Sedis","metagenome"
"ESV_3673","Bacteria","Pseudomonadota","Alphaproteobacteria","Hyphomicrobiales","Methyloligellaceae","Incertae Sedis","metagenome"
"ESV_3674","Bacteria","Pseudomonadota","Alphaproteobacteria","Hyphomicrobiales","Methyloligellaceae","Incertae Sedis","metagenome"
"ESV_3681","Bacteria","Actinomycetota","Actinobacteria","Micrococcales","Micrococcaceae","Arthrobacter","Arthrobacter sp. J3.49"
"ESV_3682","Bacteria","Actinomycetota","Acidimicrobiia","Microtrichales","Ilumatobacteraceae","Ilumatobacter","metagenome"
"ESV_3683","Bacteria","Pseudomonadota","Alphaproteobacteria","Hyphomicrobiales","Rhizobiaceae","Mesorhizobium","metagenome"
"ESV_3699","Bacteria","Actinomycetota","Actinobacteria","Micrococcales","Micrococcaceae","Arthrobacter","Arthrobacter sp. J3.49"
"ESV_3700","Bacteria","Actinomycetota","Acidimicrobiia","Microtrichales","Ilumatobacteraceae","Ilumatobacter","metagenome"
"ESV_3701","Bacteria","Pseudomonadota","Alphaproteobacteria","Hyphomicrobiales","Rhizobiaceae","Mesorhizobium","metagenome"
"ESV_3713","Bacteria","Pseudomonadota","Alphaproteobacteria","Hyphomicrobiales","Beijerinckiaceae","Microvirga","uncultured bacterium"
"ESV_3714","Bacteria","Pseudomonadota","Alphaproteobacteria","Hyphomicrobiales","Beijerinckiaceae","Microvirga","uncultured bacterium"
"ESV_3715","Bacteria","Pseudomonadota","Alphaproteobacteria","Hyphomicrobiales","Xanthobacteraceae","Bradyrhizobium","Bradyrhizobium lablabi"
"ESV_3716","Bacteria","Pseudomonadota","Alphaproteobacteria","Hyphomicrobiales","Xanthobacteraceae","Bradyrhizobium","Bradyrhizobium lablabi"
"ESV_3719","Eukaryota","Archaeplastida","Chloroplastida","Charophyta","Phragmoplastophyta","Streptophyta","Embryophyta"
"ESV_3720","Eukaryota","Archaeplastida","Chloroplastida","Charophyta","Phragmoplastophyta","Streptophyta","Embryophyta"
"ESV_3723","Bacteria","Actinomycetota","Acidimicrobiia","Acidimicrobiales","Acidimicrobiaceae","Acidiferrimicrobium","uncultured bacterium"
"ESV_3724","Bacteria","Actinomycetota","Acidimicrobiia","Acidimicrobiales","Acidimicrobiaceae","Acidiferrimicrobium","uncultured bacterium"
"ESV_3731","Bacteria","Actinomycetota","Actinobacteria","Mycobacteriales","Mycobacteriaceae","Mycobacterium","Mycobacterium sp. 1274761.0"
"ESV_3740","Bacteria","Nitrospirota","Nitrospiria","Nitrospirales","Nitrospiraceae","Nitrospira","uncultured Nitrospira sp."
"ESV_3749","Bacteria","Nitrospirota","Nitrospiria","Nitrospirales","Nitrospiraceae","Nitrospira","uncultured Nitrospira sp."
"ESV_3750","Bacteria","Actinomycetota","Actinobacteria","Mycobacteriales","Mycobacteriaceae","Mycobacterium","Mycobacterium sp. 1274761.0"
"ESV_3761","Bacteria","Nitrospirota","Nitrospiria","Nitrospirales","Nitrospiraceae","Nitrospira","uncultured Nitrospira sp."
"ESV_3762","Bacteria","Nitrospirota","Nitrospiria","Nitrospirales","Nitrospiraceae","Nitrospira","uncultured Nitrospira sp."
"ESV_3779","Bacteria","Acidobacteriota","Vicinamibacteria","Vicinamibacterales","Vicinamibacteraceae","Incertae Sedis","uncultured bacterium"
"ESV_3784","Bacteria","Pseudomonadota","Alphaproteobacteria","Hyphomicrobiales","Xanthobacteraceae","Bradyrhizobium","Bradyrhizobium lablabi"
"ESV_3786","Bacteria","Pseudomonadota","Alphaproteobacteria","Hyphomicrobiales","Hyphomicrobiaceae","Pedomicrobium","uncultured bacterium"
"ESV_3793","Bacteria","Acidobacteriota","Vicinamibacteria","Vicinamibacterales","Vicinamibacteraceae","Incertae Sedis","uncultured bacterium"
"ESV_3798","Bacteria","Pseudomonadota","Alphaproteobacteria","Hyphomicrobiales","Xanthobacteraceae","Bradyrhizobium","Bradyrhizobium lablabi"
"ESV_3800","Bacteria","Pseudomonadota","Alphaproteobacteria","Hyphomicrobiales","Hyphomicrobiaceae","Pedomicrobium","uncultured bacterium"
"ESV_3807","Bacteria","Nitrospirota","Nitrospiria","Nitrospirales","Nitrospiraceae","Nitrospira","uncultured Nitrospira sp."
"ESV_3808","Bacteria","Nitrospirota","Nitrospiria","Nitrospirales","Nitrospiraceae","Nitrospira","uncultured Nitrospira sp."
"ESV_3813","Bacteria","Bacteroidota","Bacteroidia","Chitinophagales","Chitinophagaceae","Incertae Sedis","metagenome"
"ESV_3814","Bacteria","Bacteroidota","Bacteroidia","Chitinophagales","Chitinophagaceae","Incertae Sedis","metagenome"
"ESV_3820","Bacteria","Pseudomonadota","Gammaproteobacteria","Burkholderiales","Nitrosomonadaceae","Ellin6067","uncultured bacterium"
"ESV_3834","Bacteria","Pseudomonadota","Gammaproteobacteria","Burkholderiales","Nitrosomonadaceae","Ellin6067","uncultured bacterium"
"ESV_3841","Bacteria","Pseudomonadota","Alphaproteobacteria","Hyphomicrobiales","Xanthobacteraceae","Incertae Sedis","metagenome"
"ESV_3842","Bacteria","Pseudomonadota","Alphaproteobacteria","Hyphomicrobiales","Xanthobacteraceae","Incertae Sedis","metagenome"
"ESV_3847","Bacteria","Pseudomonadota","Gammaproteobacteria","Pseudomonadales","Pseudomonadaceae","Pseudomonas","Pseudomonas koreensis"
"ESV_3848","Bacteria","Pseudomonadota","Gammaproteobacteria","Pseudomonadales","Pseudomonadaceae","Pseudomonas","Pseudomonas koreensis"
"ESV_3852","Bacteria","Verrucomicrobiota","Verrucomicrobiia","Chthoniobacterales","Xiphinematobacteraceae","Candidatus Xiphinematobacter","uncultured bacterium"
"ESV_3853","Bacteria","Verrucomicrobiota","Verrucomicrobiia","Chthoniobacterales","Xiphinematobacteraceae","Candidatus Xiphinematobacter","uncultured bacterium"
"ESV_3855","Bacteria","Pseudomonadota","Gammaproteobacteria","Burkholderiales","Sutterellaceae","Incertae Sedis","uncultured bacterium"
"ESV_3856","Bacteria","Pseudomonadota","Gammaproteobacteria","Burkholderiales","Sutterellaceae","Incertae Sedis","uncultured bacterium"
"ESV_3879","Bacteria","Bacteroidota","Bacteroidia","Bacteroidales","Bacteroidaceae","Bacteroides","Bacteroides uniformis"
"ESV_3880","Bacteria","Bacteroidota","Bacteroidia","Bacteroidales","Bacteroidaceae","Bacteroides","Bacteroides uniformis"
"ESV_3881","Bacteria","Acidobacteriota","Vicinamibacteria","Vicinamibacterales","Incertae Sedis","Incertae Sedis","uncultured Acidobacteria bacterium"
"ESV_3882","Bacteria","Acidobacteriota","Vicinamibacteria","Vicinamibacterales","Incertae Sedis","Incertae Sedis","uncultured Acidobacteria bacterium"
"ESV_3893","Bacteria","Pseudomonadota","Gammaproteobacteria","Gammaproteobacteria Incertae Sedis","Unknown Family","Acidibacter","uncultured gamma proteobacterium"
"ESV_3911","Bacteria","Pseudomonadota","Gammaproteobacteria","Gammaproteobacteria Incertae Sedis","Unknown Family","Acidibacter","uncultured gamma proteobacterium"
"ESV_3927","Bacteria","Pseudomonadota","Alphaproteobacteria","Hyphomicrobiales","Hyphomicrobiaceae","Pedomicrobium","metagenome"
"ESV_3928","Bacteria","Pseudomonadota","Alphaproteobacteria","Hyphomicrobiales","Hyphomicrobiaceae","Pedomicrobium","metagenome"
"ESV_3951","Bacteria","Pseudomonadota","Alphaproteobacteria","Hyphomicrobiales","Methyloligellaceae","Incertae Sedis","metagenome"
"ESV_3952","Bacteria","Pseudomonadota","Alphaproteobacteria","Hyphomicrobiales","Methyloligellaceae","Incertae Sedis","metagenome"
"ESV_3953","Bacteria","Pseudomonadota","Alphaproteobacteria","Rickettsiales","Mitochondria","Incertae Sedis","uncultured bacterium"
"ESV_3954","Bacteria","Pseudomonadota","Alphaproteobacteria","Rickettsiales","Mitochondria","Incertae Sedis","uncultured bacterium"
"ESV_3957","Bacteria","Acidobacteriota","Subgroup 5","Incertae Sedis","Incertae Sedis","Incertae Sedis","uncultured Acidobacteria bacterium"
"ESV_3958","Bacteria","Acidobacteriota","Subgroup 5","Incertae Sedis","Incertae Sedis","Incertae Sedis","uncultured Acidobacteria bacterium"
"ESV_3995","Bacteria","Pseudomonadota","Alphaproteobacteria","Hyphomicrobiales","Xanthobacteraceae","Bradyrhizobium","Bradyrhizobium lablabi"
"ESV_3996","Bacteria","Pseudomonadota","Alphaproteobacteria","Hyphomicrobiales","Xanthobacteraceae","Bradyrhizobium","Bradyrhizobium lablabi"
"ESV_3999","Bacteria","Verrucomicrobiota","Verrucomicrobiia","Chthoniobacterales","Chthoniobacteraceae","Candidatus Udaeobacter","uncultured Spartobacteria bacterium"
"ESV_4000","Bacteria","Verrucomicrobiota","Verrucomicrobiia","Chthoniobacterales","Chthoniobacteraceae","Candidatus Udaeobacter","uncultured Spartobacteria bacterium"
"ESV_4003","Bacteria","Actinomycetota","Thermoleophilia","Gaiellales","Gaiellaceae","Gaiella","uncultured actinobacterium"
"ESV_4009","Bacteria","Actinomycetota","Thermoleophilia","Gaiellales","Gaiellaceae","Gaiella","uncultured actinobacterium"
"ESV_4017","Bacteria","Bacteroidota","Bacteroidia","Chitinophagales","Chitinophagaceae","Incertae Sedis","metagenome"
"ESV_4018","Bacteria","Bacteroidota","Bacteroidia","Chitinophagales","Chitinophagaceae","Incertae Sedis","metagenome"
"ESV_4025","Bacteria","Bacteroidota","Bacteroidia","Cytophagales","Microscillaceae","Incertae Sedis","uncultured bacterium"
"ESV_4027","Bacteria","Actinomycetota","Thermoleophilia","Solirubrobacterales","67-14","Incertae Sedis","uncultured bacterium"
"ESV_4039","Bacteria","Bacteroidota","Bacteroidia","Cytophagales","Microscillaceae","Incertae Sedis","uncultured bacterium"
"ESV_4041","Bacteria","Actinomycetota","Thermoleophilia","Solirubrobacterales","67-14","Incertae Sedis","uncultured bacterium"
"ESV_4057","Bacteria","Pseudomonadota","Alphaproteobacteria","Hyphomicrobiales","Xanthobacteraceae","Bradyrhizobium","Bradyrhizobium sp. SEMIA 6399"
"ESV_4058","Bacteria","Pseudomonadota","Alphaproteobacteria","Hyphomicrobiales","Xanthobacteraceae","Bradyrhizobium","Bradyrhizobium sp. SEMIA 6399"
"ESV_4091","Bacteria","Verrucomicrobiota","Verrucomicrobiia","Chthoniobacterales","Xiphinematobacteraceae","Candidatus Xiphinematobacter","uncultured bacterium"
"ESV_4092","Bacteria","Verrucomicrobiota","Verrucomicrobiia","Chthoniobacterales","Xiphinematobacteraceae","Candidatus Xiphinematobacter","uncultured bacterium"
"ESV_4106","Bacteria","Pseudomonadota","Alphaproteobacteria","Hyphomicrobiales","Xanthobacteraceae","Incertae Sedis","uncultured bacterium"
"ESV_4107","Bacteria","Pseudomonadota","Alphaproteobacteria","Hyphomicrobiales","Xanthobacteraceae","Incertae Sedis","uncultured bacterium"
"ESV_4119","Bacteria","Acidobacteriota","Vicinamibacteria","Vicinamibacterales","Vicinamibacteraceae","Incertae Sedis","uncultured Acidobacteria bacterium"
"ESV_4120","Bacteria","Acidobacteriota","Vicinamibacteria","Vicinamibacterales","Vicinamibacteraceae","Incertae Sedis","uncultured Acidobacteria bacterium"
"ESV_4121","Bacteria","Verrucomicrobiota","Verrucomicrobiia","Chthoniobacterales","Chthoniobacteraceae","Candidatus Udaeobacter","uncultured Spartobacteria bacterium"
"ESV_4122","Bacteria","Verrucomicrobiota","Verrucomicrobiia","Chthoniobacterales","Chthoniobacteraceae","Candidatus Udaeobacter","uncultured Spartobacteria bacterium"
"ESV_4127","Bacteria","Pseudomonadota","Alphaproteobacteria","Hyphomicrobiales","Beijerinckiaceae","Microvirga","Microvirga ossetica"
"ESV_4128","Bacteria","Pseudomonadota","Alphaproteobacteria","Hyphomicrobiales","Beijerinckiaceae","Microvirga","Microvirga ossetica"
"ESV_4134","Bacteria","Pseudomonadota","Alphaproteobacteria","Hyphomicrobiales","Xanthobacteraceae","Bradyrhizobium","Bradyrhizobium lablabi"
"ESV_4146","Bacteria","Actinomycetota","Thermoleophilia","Gaiellales","Incertae Sedis","Incertae Sedis","metagenome"
"ESV_4155","Bacteria","Actinomycetota","Thermoleophilia","Gaiellales","Incertae Sedis","Incertae Sedis","metagenome"
"ESV_4157","Bacteria","Pseudomonadota","Alphaproteobacteria","Hyphomicrobiales","Xanthobacteraceae","Bradyrhizobium","Bradyrhizobium lablabi"
"ESV_4169","Bacteria","Pseudomonadota","Alphaproteobacteria","Hyphomicrobiales","Xanthobacteraceae","Incertae Sedis","uncultured bacterium"
"ESV_4170","Bacteria","Pseudomonadota","Alphaproteobacteria","Hyphomicrobiales","Xanthobacteraceae","Incertae Sedis","uncultured bacterium"
"ESV_4181","Bacteria","Actinomycetota","Thermoleophilia","Gaiellales","Incertae Sedis","Incertae Sedis","uncultured bacterium"
"ESV_4182","Bacteria","Actinomycetota","Thermoleophilia","Gaiellales","Incertae Sedis","Incertae Sedis","uncultured bacterium"
"ESV_4193","Bacteria","Pseudomonadota","Alphaproteobacteria","Hyphomicrobiales","Xanthobacteraceae","Bradyrhizobium","Bradyrhizobium lablabi"
"ESV_4194","Bacteria","Pseudomonadota","Alphaproteobacteria","Hyphomicrobiales","Xanthobacteraceae","Bradyrhizobium","Bradyrhizobium lablabi"
"ESV_4195","Bacteria","Acidobacteriota","Vicinamibacteria","Vicinamibacterales","Vicinamibacteraceae","Incertae Sedis","uncultured Acidobacteria bacterium"
"ESV_4204","Bacteria","Actinomycetota","Thermoleophilia","Gaiellales","Gaiellaceae","Gaiella","uncultured actinobacterium"
"ESV_4205","Bacteria","Pseudomonadota","Alphaproteobacteria","Hyphomicrobiales","Rhizobiaceae","Mesorhizobium","metagenome"
"ESV_4210","Bacteria","Pseudomonadota","Alphaproteobacteria","Hyphomicrobiales","Rhizobiaceae","Mesorhizobium","metagenome"
"ESV_4211","Bacteria","Actinomycetota","Thermoleophilia","Gaiellales","Gaiellaceae","Gaiella","uncultured actinobacterium"
"ESV_4212","Bacteria","Acidobacteriota","Vicinamibacteria","Vicinamibacterales","Vicinamibacteraceae","Incertae Sedis","uncultured Acidobacteria bacterium"
"ESV_4241","Bacteria","Acidobacteriota","Vicinamibacteria","Vicinamibacterales","Incertae Sedis","Incertae Sedis","uncultured Acidobacteria bacterium"
"ESV_4242","Bacteria","Acidobacteriota","Vicinamibacteria","Vicinamibacterales","Incertae Sedis","Incertae Sedis","uncultured Acidobacteria bacterium"
"ESV_4249","Bacteria","Actinomycetota","Actinobacteria","Micrococcales","Microbacteriaceae","Agromyces","Agromyces subbeticus DSM 16689"
"ESV_4267","Bacteria","Actinomycetota","Actinobacteria","Micrococcales","Microbacteriaceae","Agromyces","Agromyces subbeticus DSM 16689"
"ESV_4279","Bacteria","Pseudomonadota","Alphaproteobacteria","Hyphomicrobiales","Methyloligellaceae","Incertae Sedis","metagenome"
"ESV_4280","Bacteria","Pseudomonadota","Alphaproteobacteria","Hyphomicrobiales","Methyloligellaceae","Incertae Sedis","metagenome"
"ESV_4283","Bacteria","Pseudomonadota","Alphaproteobacteria","Rickettsiales","Mitochondria","Incertae Sedis","metagenome"
"ESV_4284","Bacteria","Pseudomonadota","Alphaproteobacteria","Rickettsiales","Mitochondria","Incertae Sedis","metagenome"
"ESV_4289","Bacteria","Actinomycetota","Acidimicrobiia","Acidimicrobiales","Acidimicrobiaceae","Acidiferrimicrobium","metagenome"
"ESV_4290","Bacteria","Actinomycetota","Acidimicrobiia","Acidimicrobiales","Acidimicrobiaceae","Acidiferrimicrobium","metagenome"
"ESV_4329","Bacteria","Actinomycetota","Actinobacteria","Micrococcales","Micrococcaceae","Pseudarthrobacter","Arthrobacter sp. Hiyo4"
"ESV_4330","Bacteria","Actinomycetota","Actinobacteria","Micrococcales","Micrococcaceae","Pseudarthrobacter","Arthrobacter sp. Hiyo4"
"ESV_4331","Bacteria","Pseudomonadota","Gammaproteobacteria","Burkholderiales","Nitrosomonadaceae","Nitrosospira","Nitrosospira multiformis ATCC 25196"
"ESV_4332","Bacteria","Pseudomonadota","Gammaproteobacteria","Burkholderiales","Nitrosomonadaceae","Nitrosospira","Nitrosospira multiformis ATCC 25196"
"ESV_4369","Bacteria","Pseudomonadota","Alphaproteobacteria","Hyphomicrobiales","Xanthobacteraceae","Incertae Sedis","uncultured bacterium"
"ESV_4370","Bacteria","Pseudomonadota","Alphaproteobacteria","Hyphomicrobiales","Xanthobacteraceae","Incertae Sedis","uncultured bacterium"
"ESV_4371","Bacteria","Acidobacteriota","Vicinamibacteria","Vicinamibacterales","Vicinamibacteraceae","Incertae Sedis","uncultured bacterium"
"ESV_4372","Bacteria","Acidobacteriota","Vicinamibacteria","Vicinamibacterales","Vicinamibacteraceae","Incertae Sedis","uncultured bacterium"
"ESV_4391","Bacteria","Actinomycetota","Actinobacteria","Mycobacteriales","Mycobacteriaceae","Mycobacterium","Mycobacterium sp. JS621"
"ESV_4392","Bacteria","Actinomycetota","Actinobacteria","Mycobacteriales","Mycobacteriaceae","Mycobacterium","Mycobacterium sp. JS621"
"ESV_4403","Bacteria","Pseudomonadota","Alphaproteobacteria","Hyphomicrobiales","Hyphomicrobiaceae","Hyphomicrobium","metagenome"
"ESV_4412","Bacteria","Pseudomonadota","Alphaproteobacteria","Hyphomicrobiales","Hyphomicrobiaceae","Hyphomicrobium","metagenome"
"ESV_4425","Bacteria","Pseudomonadota","Alphaproteobacteria","Hyphomicrobiales","Xanthobacteraceae","Incertae Sedis","uncultured bacterium"
"ESV_4426","Bacteria","Pseudomonadota","Alphaproteobacteria","Hyphomicrobiales","Xanthobacteraceae","Incertae Sedis","uncultured bacterium"
"ESV_4437","Eukaryota","Archaeplastida","Chloroplastida","Charophyta","Phragmoplastophyta","Streptophyta","Embryophyta"
"ESV_4440","Eukaryota","Archaeplastida","Chloroplastida","Charophyta","Phragmoplastophyta","Streptophyta","Embryophyta"
"ESV_4491","Bacteria","Pseudomonadota","Alphaproteobacteria","Rickettsiales","Mitochondria","Incertae Sedis","uncultured bacterium"
"ESV_4492","Bacteria","Pseudomonadota","Alphaproteobacteria","Rickettsiales","Mitochondria","Incertae Sedis","uncultured bacterium"
"ESV_4542","Bacteria","Actinomycetota","Thermoleophilia","Gaiellales","Gaiellaceae","Gaiella","uncultured actinobacterium"
"ESV_4545","Bacteria","Actinomycetota","Thermoleophilia","Gaiellales","Gaiellaceae","Gaiella","uncultured actinobacterium"
"ESV_4563","Bacteria","Pseudomonadota","Alphaproteobacteria","Hyphomicrobiales","Xanthobacteraceae","Incertae Sedis","metagenome"
"ESV_4564","Bacteria","Pseudomonadota","Alphaproteobacteria","Hyphomicrobiales","Xanthobacteraceae","Incertae Sedis","metagenome"
"ESV_4569","Bacteria","Pseudomonadota","Alphaproteobacteria","Hyphomicrobiales","Methyloligellaceae","Incertae Sedis","uncultured bacterium"
"ESV_4570","Bacteria","Pseudomonadota","Alphaproteobacteria","Hyphomicrobiales","Methyloligellaceae","Incertae Sedis","uncultured bacterium"
"ESV_4571","Bacteria","Acidobacteriota","Vicinamibacteria","Vicinamibacterales","Vicinamibacteraceae","Incertae Sedis","uncultured bacterium"
"ESV_4574","Bacteria","Acidobacteriota","Vicinamibacteria","Vicinamibacterales","Vicinamibacteraceae","Incertae Sedis","uncultured bacterium"
"ESV_4575","Bacteria","Myxococcota","bacteriap25","Incertae Sedis","Incertae Sedis","Incertae Sedis","uncultured bacterium"
"ESV_4576","Bacteria","Myxococcota","bacteriap25","Incertae Sedis","Incertae Sedis","Incertae Sedis","uncultured bacterium"
"ESV_4582","Bacteria","Acidobacteriota","Vicinamibacteria","Subgroup 17","Incertae Sedis","Incertae Sedis","uncultured Acidobacteria bacterium"
"ESV_4591","Bacteria","Actinomycetota","Actinobacteria","Micrococcales","Micrococcaceae","Arthrobacter","Arthrobacter sp. J3.49"
"ESV_4594","Bacteria","Actinomycetota","Actinobacteria","Micrococcales","Micrococcaceae","Arthrobacter","Arthrobacter sp. J3.49"
"ESV_4598","Bacteria","Acidobacteriota","Vicinamibacteria","Subgroup 17","Incertae Sedis","Incertae Sedis","uncultured Acidobacteria bacterium"
"ESV_4609","Bacteria","Actinomycetota","Actinobacteria","Micrococcales","Micrococcaceae","Pseudarthrobacter","Arthrobacter sp. Hiyo4"
"ESV_4610","Bacteria","Actinomycetota","Actinobacteria","Micrococcales","Micrococcaceae","Pseudarthrobacter","Arthrobacter sp. Hiyo4"
"ESV_4611","Bacteria","Pseudomonadota","Alphaproteobacteria","Hyphomicrobiales","Beijerinckiaceae","Microvirga","Microvirga ossetica"
"ESV_4612","Bacteria","Pseudomonadota","Alphaproteobacteria","Hyphomicrobiales","Beijerinckiaceae","Microvirga","Microvirga ossetica"
"ESV_4617","Bacteria","Myxococcota","bacteriap25","Incertae Sedis","Incertae Sedis","Incertae Sedis","uncultured bacterium"
"ESV_4618","Bacteria","Myxococcota","bacteriap25","Incertae Sedis","Incertae Sedis","Incertae Sedis","uncultured bacterium"
"ESV_4624","Bacteria","Actinomycetota","Thermoleophilia","Gaiellales","Gaiellaceae","Gaiella","metagenome"
"ESV_4638","Bacteria","Actinomycetota","Thermoleophilia","Gaiellales","Gaiellaceae","Gaiella","metagenome"
"ESV_4667","Bacteria","Actinomycetota","Thermoleophilia","Solirubrobacterales","67-14","Incertae Sedis","uncultured bacterium"
"ESV_4668","Bacteria","Actinomycetota","Thermoleophilia","Solirubrobacterales","67-14","Incertae Sedis","uncultured bacterium"
"ESV_4669","Bacteria","Pseudomonadota","Alphaproteobacteria","Hyphomicrobiales","Hyphomicrobiaceae","Pedomicrobium","metagenome"
"ESV_4670","Bacteria","Pseudomonadota","Alphaproteobacteria","Hyphomicrobiales","Hyphomicrobiaceae","Pedomicrobium","metagenome"
"ESV_4675","Bacteria","Pseudomonadota","Alphaproteobacteria","Hyphomicrobiales","Hyphomicrobiaceae","Pedomicrobium","uncultured bacterium"
"ESV_4676","Bacteria","Pseudomonadota","Alphaproteobacteria","Hyphomicrobiales","Hyphomicrobiaceae","Pedomicrobium","uncultured bacterium"
"ESV_4703","Bacteria","Pseudomonadota","Alphaproteobacteria","Hyphomicrobiales","Hyphomicrobiaceae","Pedomicrobium","metagenome"
"ESV_4706","Bacteria","Pseudomonadota","Alphaproteobacteria","Hyphomicrobiales","Hyphomicrobiaceae","Pedomicrobium","metagenome"
"ESV_4747","Bacteria","Pseudomonadota","Alphaproteobacteria","Rickettsiales","Mitochondria","Incertae Sedis","metagenome"
"ESV_4748","Bacteria","Pseudomonadota","Alphaproteobacteria","Rickettsiales","Mitochondria","Incertae Sedis","metagenome"
"ESV_4749","Bacteria","Methylomirabilota","Methylomirabilia","Rokubacteriales","Incertae Sedis","Incertae Sedis","uncultured bacterium"
"ESV_4750","Bacteria","Methylomirabilota","Methylomirabilia","Rokubacteriales","Incertae Sedis","Incertae Sedis","uncultured bacterium"
"ESV_4757","Bacteria","Pseudomonadota","Gammaproteobacteria","Burkholderiales","SC-I-84","Incertae Sedis","uncultured beta proteobacterium"
"ESV_4758","Bacteria","Pseudomonadota","Gammaproteobacteria","Burkholderiales","SC-I-84","Incertae Sedis","uncultured beta proteobacterium"
"ESV_4759","Bacteria","Acidobacteriota","Vicinamibacteria","Vicinamibacterales","Vicinamibacteraceae","Incertae Sedis","uncultured bacterium"
"ESV_4760","Bacteria","Acidobacteriota","Vicinamibacteria","Vicinamibacterales","Vicinamibacteraceae","Incertae Sedis","uncultured bacterium"
"ESV_4761","Bacteria","Pseudomonadota","Alphaproteobacteria","Hyphomicrobiales","Xanthobacteraceae","Incertae Sedis","uncultured bacterium"
"ESV_4765","Bacteria","Myxococcota","bacteriap25","Incertae Sedis","Incertae Sedis","Incertae Sedis","uncultured bacterium"
"ESV_4768","Bacteria","Actinomycetota","Actinobacteria","Micrococcales","Micrococcaceae","Arthrobacter","Arthrobacter sp. J3.49"
"ESV_4780","Bacteria","Pseudomonadota","Alphaproteobacteria","Hyphomicrobiales","Xanthobacteraceae","Incertae Sedis","uncultured bacterium"
"ESV_4784","Bacteria","Myxococcota","bacteriap25","Incertae Sedis","Incertae Sedis","Incertae Sedis","uncultured bacterium"
"ESV_4787","Bacteria","Actinomycetota","Actinobacteria","Micrococcales","Micrococcaceae","Arthrobacter","Arthrobacter sp. J3.49"
"ESV_4793","Bacteria","Pseudomonadota","Alphaproteobacteria","Hyphomicrobiales","Methyloligellaceae","Incertae Sedis","metagenome"
"ESV_4794","Bacteria","Pseudomonadota","Alphaproteobacteria","Hyphomicrobiales","Methyloligellaceae","Incertae Sedis","metagenome"
"ESV_4795","Bacteria","Bacteroidota","Bacteroidia","Cytophagales","Microscillaceae","Incertae Sedis","uncultured bacterium"
"ESV_4796","Bacteria","Bacteroidota","Bacteroidia","Cytophagales","Microscillaceae","Incertae Sedis","uncultured bacterium"
"ESV_4809","Bacteria","Pseudomonadota","Alphaproteobacteria","Hyphomicrobiales","Xanthobacteraceae","Incertae Sedis","uncultured bacterium"
"ESV_4810","Bacteria","Pseudomonadota","Alphaproteobacteria","Hyphomicrobiales","Xanthobacteraceae","Incertae Sedis","uncultured bacterium"
"ESV_4814","Bacteria","Bacteroidota","Bacteroidia","Cytophagales","Microscillaceae","Incertae Sedis","uncultured bacterium"
"ESV_4815","Bacteria","Pseudomonadota","Alphaproteobacteria","Hyphomicrobiales","Methyloligellaceae","Incertae Sedis","metagenome"
"ESV_4824","Bacteria","Bacteroidota","Bacteroidia","Cytophagales","Microscillaceae","Incertae Sedis","uncultured bacterium"
"ESV_4825","Bacteria","Pseudomonadota","Alphaproteobacteria","Hyphomicrobiales","Methyloligellaceae","Incertae Sedis","metagenome"
"ESV_4833","Bacteria","Pseudomonadota","Gammaproteobacteria","Burkholderiales","Sutterellaceae","Incertae Sedis","uncultured bacterium"
"ESV_4834","Bacteria","Pseudomonadota","Gammaproteobacteria","Burkholderiales","Sutterellaceae","Incertae Sedis","uncultured bacterium"
"ESV_4880","Bacteria","Pseudomonadota","Alphaproteobacteria","Tistrellales","Geminicoccaceae","Incertae Sedis","uncultured Rhodospirillales bacterium"
"ESV_4882","Bacteria","Pseudomonadota","Alphaproteobacteria","Tistrellales","Geminicoccaceae","Incertae Sedis","uncultured Rhodospirillales bacterium"
"ESV_4893","Bacteria","Pseudomonadota","Alphaproteobacteria","Hyphomicrobiales","Methyloligellaceae","Incertae Sedis","metagenome"
"ESV_4894","Bacteria","Pseudomonadota","Alphaproteobacteria","Hyphomicrobiales","Methyloligellaceae","Incertae Sedis","metagenome"
"ESV_4903","Bacteria","Pseudomonadota","Alphaproteobacteria","Hyphomicrobiales","Hyphomicrobiaceae","Pedomicrobium","uncultured bacterium"
"ESV_4904","Bacteria","Pseudomonadota","Alphaproteobacteria","Hyphomicrobiales","Hyphomicrobiaceae","Pedomicrobium","uncultured bacterium"
"ESV_4905","Bacteria","Pseudomonadota","Alphaproteobacteria","Hyphomicrobiales","Rhizobiaceae","Phyllobacterium","Phyllobacterium trifolii"
"ESV_4926","Bacteria","Pseudomonadota","Alphaproteobacteria","Dongiales","Dongiaceae","Dongia","uncultured bacterium"
"ESV_4929","Bacteria","Pseudomonadota","Alphaproteobacteria","Dongiales","Dongiaceae","Dongia","uncultured bacterium"
"ESV_4931","Bacteria","Pseudomonadota","Alphaproteobacteria","Hyphomicrobiales","Rhizobiaceae","Phyllobacterium","Phyllobacterium trifolii"
"ESV_4957","Bacteria","Actinomycetota","Acidimicrobiia","Microtrichales","Ilumatobacteraceae","Incertae Sedis","uncultured bacterium"
"ESV_4958","Bacteria","Actinomycetota","Acidimicrobiia","Microtrichales","Ilumatobacteraceae","Incertae Sedis","uncultured bacterium"
"ESV_4961","Bacteria","Pseudomonadota","Alphaproteobacteria","Rickettsiales","Mitochondria","Incertae Sedis","uncultured bacterium"
"ESV_4962","Bacteria","Pseudomonadota","Alphaproteobacteria","Rickettsiales","Mitochondria","Incertae Sedis","uncultured bacterium"
"ESV_4974","Bacteria","Acidobacteriota","Blastocatellia","Pyrinomonadales","Pyrinomonadaceae","Incertae Sedis","uncultured bacterium"
"ESV_4975","Bacteria","Acidobacteriota","Blastocatellia","Pyrinomonadales","Pyrinomonadaceae","Incertae Sedis","uncultured bacterium"
"ESV_5023","Bacteria","Cyanobacteriota","Cyanobacteriia","Chloroplast","Incertae Sedis","Incertae Sedis","Bryum argenteum"
"ESV_5025","Bacteria","Cyanobacteriota","Cyanobacteriia","Chloroplast","Incertae Sedis","Incertae Sedis","Bryum argenteum"
"ESV_5027","Bacteria","Pseudomonadota","Alphaproteobacteria","Hyphomicrobiales","Beijerinckiaceae","Microvirga","Microvirga ossetica"
"ESV_5028","Bacteria","Pseudomonadota","Alphaproteobacteria","Hyphomicrobiales","Beijerinckiaceae","Microvirga","Microvirga ossetica"
"ESV_5037","Bacteria","Bacillota","Bacilli","Bacillales","Bacillaceae","Niallia","uncultured Bacillus sp."
"ESV_5049","Bacteria","Pseudomonadota","Alphaproteobacteria","Hyphomicrobiales","Beijerinckiaceae","Microvirga","metagenome"
"ESV_5052","Bacteria","Pseudomonadota","Alphaproteobacteria","Hyphomicrobiales","Beijerinckiaceae","Microvirga","metagenome"
"ESV_5062","Bacteria","Bacillota","Bacilli","Bacillales","Bacillaceae","Niallia","uncultured Bacillus sp."
"ESV_5073","Bacteria","Acidobacteriota","Vicinamibacteria","Vicinamibacterales","Incertae Sedis","Incertae Sedis","uncultured Acidobacteria bacterium"
"ESV_5074","Bacteria","Acidobacteriota","Vicinamibacteria","Vicinamibacterales","Incertae Sedis","Incertae Sedis","uncultured Acidobacteria bacterium"
"ESV_5101","Bacteria","Pseudomonadota","Alphaproteobacteria","Hyphomicrobiales","Methyloligellaceae","Incertae Sedis","metagenome"
"ESV_5127","Bacteria","Pseudomonadota","Alphaproteobacteria","Hyphomicrobiales","Methyloligellaceae","Incertae Sedis","metagenome"
"ESV_5157","Bacteria","Pseudomonadota","Alphaproteobacteria","Rickettsiales","Mitochondria","Incertae Sedis","uncultured bacterium"
"ESV_5159","Bacteria","Pseudomonadota","Alphaproteobacteria","Rickettsiales","Mitochondria","Incertae Sedis","uncultured bacterium"
"ESV_5161","Bacteria","Verrucomicrobiota","Verrucomicrobiia","Chthoniobacterales","Chthoniobacteraceae","Candidatus Udaeobacter","uncultured bacterium"
"ESV_5162","Bacteria","Verrucomicrobiota","Verrucomicrobiia","Chthoniobacterales","Chthoniobacteraceae","Candidatus Udaeobacter","uncultured bacterium"
"ESV_5169","Bacteria","Acidobacteriota","Vicinamibacteria","Vicinamibacterales","Vicinamibacteraceae","Incertae Sedis","uncultured Acidobacteria bacterium"
"ESV_5170","Bacteria","Acidobacteriota","Vicinamibacteria","Vicinamibacterales","Vicinamibacteraceae","Incertae Sedis","uncultured Acidobacteria bacterium"
"ESV_5173","Bacteria","Nitrospirota","Nitrospiria","Nitrospirales","Nitrospiraceae","Nitrospira","uncultured Nitrospira sp."
"ESV_5187","Bacteria","Nitrospirota","Nitrospiria","Nitrospirales","Nitrospiraceae","Nitrospira","uncultured Nitrospira sp."
"ESV_5193","Bacteria","Actinomycetota","Thermoleophilia","Gaiellales","Gaiellaceae","Gaiella","uncultured bacterium"
"ESV_5194","Bacteria","Actinomycetota","Thermoleophilia","Gaiellales","Gaiellaceae","Gaiella","uncultured bacterium"
"ESV_5207","Bacteria","Verrucomicrobiota","Verrucomicrobiia","Pedosphaerales","Pedosphaeraceae","Incertae Sedis","uncultured Verrucomicrobia bacterium"
"ESV_5208","Bacteria","Verrucomicrobiota","Verrucomicrobiia","Pedosphaerales","Pedosphaeraceae","Incertae Sedis","uncultured Verrucomicrobia bacterium"
"ESV_5224","Bacteria","Bacillota","Bacilli","Bacillales","Bacillaceae","Niallia","uncultured bacterium"
"ESV_5228","Bacteria","Actinomycetota","Thermoleophilia","Gaiellales","Gaiellaceae","Gaiella","uncultured soil bacterium"
"ESV_5251","Bacteria","Bacillota","Bacilli","Bacillales","Bacillaceae","Niallia","uncultured bacterium"
"ESV_5255","Bacteria","Actinomycetota","Thermoleophilia","Gaiellales","Gaiellaceae","Gaiella","uncultured soil bacterium"
"ESV_5269","Bacteria","Actinomycetota","Acidimicrobiia","Acidimicrobiales","Acidimicrobiaceae","Acidiferrimicrobium","metagenome"
"ESV_5270","Bacteria","Actinomycetota","Acidimicrobiia","Acidimicrobiales","Acidimicrobiaceae","Acidiferrimicrobium","metagenome"
"ESV_5283","Bacteria","Acidobacteriota","Vicinamibacteria","Vicinamibacterales","Incertae Sedis","Incertae Sedis","uncultured Acidobacteria bacterium"
"ESV_5284","Bacteria","Acidobacteriota","Vicinamibacteria","Vicinamibacterales","Incertae Sedis","Incertae Sedis","uncultured Acidobacteria bacterium"
"ESV_5305","Bacteria","Pseudomonadota","Alphaproteobacteria","Reyranellales","Reyranellaceae","Reyranella","metagenome"
"ESV_5311","Bacteria","Acidobacteriota","Vicinamibacteria","Vicinamibacterales","Vicinamibacteraceae","Incertae Sedis","uncultured Acidobacteria bacterium"
"ESV_5312","Bacteria","Acidobacteriota","Vicinamibacteria","Vicinamibacterales","Vicinamibacteraceae","Incertae Sedis","uncultured bacterium"
"ESV_5333","Bacteria","Pseudomonadota","Alphaproteobacteria","Dongiales","Dongiaceae","Dongia","uncultured bacterium"
"ESV_5340","Bacteria","Pseudomonadota","Alphaproteobacteria","Dongiales","Dongiaceae","Dongia","uncultured bacterium"
"ESV_5341","Bacteria","Pseudomonadota","Alphaproteobacteria","Reyranellales","Reyranellaceae","Reyranella","metagenome"
"ESV_5347","Bacteria","Acidobacteriota","Vicinamibacteria","Vicinamibacterales","Vicinamibacteraceae","Incertae Sedis","uncultured Acidobacteria bacterium"
"ESV_5348","Bacteria","Acidobacteriota","Vicinamibacteria","Vicinamibacterales","Vicinamibacteraceae","Incertae Sedis","uncultured bacterium"
"ESV_5369","Bacteria","Pseudomonadota","Gammaproteobacteria","Gammaproteobacteria Incertae Sedis","Unknown Family","Acidibacter","uncultured gamma proteobacterium"
"ESV_5370","Bacteria","Pseudomonadota","Gammaproteobacteria","Gammaproteobacteria Incertae Sedis","Unknown Family","Acidibacter","uncultured gamma proteobacterium"
"ESV_5371","Bacteria","Actinomycetota","Actinobacteria","Propionibacteriales","Propionibacteriaceae","Microlunatus","uncultured bacterium"
"ESV_5372","Bacteria","Actinomycetota","Actinobacteria","Propionibacteriales","Propionibacteriaceae","Microlunatus","uncultured bacterium"
"ESV_5375","Bacteria","Actinomycetota","Actinobacteria","Propionibacteriales","Propionibacteriaceae","Microlunatus","uncultured bacterium"
"ESV_5376","Bacteria","Actinomycetota","Actinobacteria","Propionibacteriales","Propionibacteriaceae","Microlunatus","uncultured bacterium"
"ESV_5393","Bacteria","Pseudomonadota","Alphaproteobacteria","Hyphomicrobiales","Methyloligellaceae","Incertae Sedis","metagenome"
"ESV_5394","Bacteria","Pseudomonadota","Alphaproteobacteria","Hyphomicrobiales","Methyloligellaceae","Incertae Sedis","metagenome"
"ESV_5439","Bacteria","Verrucomicrobiota","Verrucomicrobiia","Verrucomicrobiales","Akkermansiaceae","Akkermansia","Akkermansia muciniphila"
"ESV_5440","Bacteria","Verrucomicrobiota","Verrucomicrobiia","Verrucomicrobiales","Akkermansiaceae","Akkermansia","Akkermansia muciniphila"
"ESV_5453","Bacteria","Acidobacteriota","Vicinamibacteria","Vicinamibacterales","Incertae Sedis","Incertae Sedis","uncultured bacterium"
"ESV_5454","Bacteria","Acidobacteriota","Vicinamibacteria","Vicinamibacterales","Incertae Sedis","Incertae Sedis","uncultured bacterium"
"ESV_5464","Bacteria","Actinomycetota","Thermoleophilia","Gaiellales","Gaiellaceae","Gaiella","uncultured actinobacterium"
"ESV_5469","Bacteria","Actinomycetota","Thermoleophilia","Gaiellales","Gaiellaceae","Gaiella","uncultured actinobacterium"
"ESV_5483","Bacteria","Pseudomonadota","Alphaproteobacteria","Hyphomicrobiales","Methyloligellaceae","Incertae Sedis","metagenome"
"ESV_5484","Bacteria","Pseudomonadota","Alphaproteobacteria","Hyphomicrobiales","Methyloligellaceae","Incertae Sedis","metagenome"
"ESV_5501","Bacteria","Pseudomonadota","Alphaproteobacteria","Dongiales","Dongiaceae","Dongia","uncultured bacterium"
"ESV_5502","Bacteria","Pseudomonadota","Alphaproteobacteria","Dongiales","Dongiaceae","Dongia","uncultured bacterium"
"ESV_5505","Bacteria","Pseudomonadota","Alphaproteobacteria","Rickettsiales","Mitochondria","Incertae Sedis","uncultured bacterium"
"ESV_5506","Bacteria","Pseudomonadota","Alphaproteobacteria","Rickettsiales","Mitochondria","Incertae Sedis","uncultured bacterium"
"ESV_5515","Bacteria","Pseudomonadota","Gammaproteobacteria","Gammaproteobacteria Incertae Sedis","Unknown Family","Acidibacter","metagenome"
"ESV_5516","Bacteria","Pseudomonadota","Gammaproteobacteria","Gammaproteobacteria Incertae Sedis","Unknown Family","Acidibacter","metagenome"
"ESV_5523","Bacteria","Pseudomonadota","Alphaproteobacteria","Hyphomicrobiales","Xanthobacteraceae","Incertae Sedis","metagenome"
"ESV_5524","Bacteria","Pseudomonadota","Alphaproteobacteria","Hyphomicrobiales","Xanthobacteraceae","Incertae Sedis","metagenome"
"ESV_5528","Bacteria","Actinomycetota","Actinobacteria","Mycobacteriales","Mycobacteriaceae","Mycobacterium","Mycobacterium sp. JS621"
"ESV_5529","Bacteria","Myxococcota","bacteriap25","Incertae Sedis","Incertae Sedis","Incertae Sedis","metagenome"
"ESV_5530","Bacteria","Verrucomicrobiota","Verrucomicrobiia","Chthoniobacterales","Chthoniobacteraceae","Candidatus Udaeobacter","uncultured bacterium"
"ESV_5546","Bacteria","Actinomycetota","Thermoleophilia","Gaiellales","Incertae Sedis","Incertae Sedis","uncultured actinobacterium"
"ESV_5549","Bacteria","Actinomycetota","Thermoleophilia","Gaiellales","Incertae Sedis","Incertae Sedis","uncultured actinobacterium"
"ESV_5555","Bacteria","Actinomycetota","Actinobacteria","Mycobacteriales","Mycobacteriaceae","Mycobacterium","Mycobacterium sp. JS621"
"ESV_5556","Bacteria","Myxococcota","bacteriap25","Incertae Sedis","Incertae Sedis","Incertae Sedis","metagenome"
"ESV_5557","Bacteria","Verrucomicrobiota","Verrucomicrobiia","Chthoniobacterales","Chthoniobacteraceae","Candidatus Udaeobacter","uncultured bacterium"
"ESV_5583","Bacteria","Cyanobacteriota","Cyanobacteriia","Cyanobacteriales","Phormidiaceae","Tychonema CCAP 1459-11B","Oscillatoria nigro-viridis PCC 7112"
"ESV_5584","Bacteria","Cyanobacteriota","Cyanobacteriia","Cyanobacteriales","Phormidiaceae","Tychonema CCAP 1459-11B","Oscillatoria nigro-viridis PCC 7112"
"ESV_5587","Bacteria","Verrucomicrobiota","Verrucomicrobiia","Chthoniobacterales","Xiphinematobacteraceae","Candidatus Xiphinematobacter","metagenome"
"ESV_5588","Bacteria","Verrucomicrobiota","Verrucomicrobiia","Chthoniobacterales","Xiphinematobacteraceae","Candidatus Xiphinematobacter","metagenome"
"ESV_5625","Bacteria","Pseudomonadota","Alphaproteobacteria","Hyphomicrobiales","Hyphomicrobiaceae","Pedomicrobium","uncultured bacterium"
"ESV_5626","Bacteria","Pseudomonadota","Alphaproteobacteria","Hyphomicrobiales","Hyphomicrobiaceae","Pedomicrobium","uncultured bacterium"
"ESV_5637","Bacteria","Pseudomonadota","Alphaproteobacteria","Hyphomicrobiales","Xanthobacteraceae","Bradyrhizobium","Bradyrhizobium erythrophlei"
"ESV_5638","Bacteria","Pseudomonadota","Alphaproteobacteria","Hyphomicrobiales","Xanthobacteraceae","Bradyrhizobium","Bradyrhizobium erythrophlei"
"ESV_5645","Bacteria","Planctomycetota","Planctomycetes","Planctomycetales","Rubinisphaeraceae","SH-PL14","uncultured bacterium"
"ESV_5646","Bacteria","Planctomycetota","Planctomycetes","Planctomycetales","Rubinisphaeraceae","SH-PL14","uncultured bacterium"
"ESV_5647","Bacteria","Nitrospirota","Nitrospiria","Nitrospirales","Nitrospiraceae","Nitrospira","uncultured Nitrospira sp."
"ESV_5648","Bacteria","Nitrospirota","Nitrospiria","Nitrospirales","Nitrospiraceae","Nitrospira","uncultured Nitrospira sp."
"ESV_5649","Bacteria","Actinomycetota","MB-A2-108","Incertae Sedis","Incertae Sedis","Incertae Sedis","uncultured bacterium"
"ESV_5652","Bacteria","Pseudomonadota","Alphaproteobacteria","Hyphomicrobiales","Hyphomicrobiaceae","Pedomicrobium","uncultured bacterium"
"ESV_5669","Bacteria","Actinomycetota","MB-A2-108","Incertae Sedis","Incertae Sedis","Incertae Sedis","uncultured bacterium"
"ESV_5672","Bacteria","Pseudomonadota","Alphaproteobacteria","Hyphomicrobiales","Hyphomicrobiaceae","Pedomicrobium","uncultured bacterium"
"ESV_5687","Bacteria","Actinomycetota","Actinobacteria","Micrococcales","Intrasporangiaceae","Humibacillus","Humibacillus xanthopallidus"
"ESV_5688","Bacteria","Actinomycetota","Actinobacteria","Micrococcales","Intrasporangiaceae","Humibacillus","Humibacillus xanthopallidus"
"ESV_5707","Bacteria","Myxococcota","bacteriap25","Incertae Sedis","Incertae Sedis","Incertae Sedis","metagenome"
"ESV_5711","Bacteria","Pseudomonadota","Alphaproteobacteria","Hyphomicrobiales","Xanthobacteraceae","Bradyrhizobium","Bradyrhizobium lablabi"
"ESV_5714","Bacteria","Actinomycetota","Actinobacteria","Propionibacteriales","Propionibacteriaceae","Microlunatus","uncultured bacterium"
"ESV_5717","Bacteria","Pseudomonadota","Alphaproteobacteria","Hyphomicrobiales","Methyloligellaceae","Incertae Sedis","metagenome"
"ESV_5736","Bacteria","Myxococcota","bacteriap25","Incertae Sedis","Incertae Sedis","Incertae Sedis","metagenome"
"ESV_5740","Bacteria","Pseudomonadota","Alphaproteobacteria","Hyphomicrobiales","Xanthobacteraceae","Bradyrhizobium","Bradyrhizobium lablabi"
"ESV_5743","Bacteria","Actinomycetota","Actinobacteria","Propionibacteriales","Propionibacteriaceae","Microlunatus","uncultured bacterium"
"ESV_5746","Bacteria","Pseudomonadota","Alphaproteobacteria","Hyphomicrobiales","Methyloligellaceae","Incertae Sedis","metagenome"
"ESV_5757","Bacteria","Acidobacteriota","Vicinamibacteria","Vicinamibacterales","Vicinamibacteraceae","Incertae Sedis","uncultured bacterium"
"ESV_5758","Bacteria","Acidobacteriota","Vicinamibacteria","Vicinamibacterales","Vicinamibacteraceae","Incertae Sedis","uncultured bacterium"
"ESV_5759","Bacteria","Pseudomonadota","Alphaproteobacteria","Incertae Sedis","Incertae Sedis","Incertae Sedis","metagenome"
"ESV_5760","Bacteria","Pseudomonadota","Alphaproteobacteria","Incertae Sedis","Incertae Sedis","Incertae Sedis","metagenome"
"ESV_5779","Bacteria","Cyanobacteriota","Cyanobacteriia","Chloroplast","Incertae Sedis","Incertae Sedis","Bryum argenteum"
"ESV_5781","Bacteria","Cyanobacteriota","Cyanobacteriia","Chloroplast","Incertae Sedis","Incertae Sedis","Bryum argenteum"
"ESV_5796","Bacteria","Pseudomonadota","Gammaproteobacteria","Burkholderiales","Rhodocyclaceae","Azospira","uncultured Rhodocyclaceae bacterium"
"ESV_5797","Bacteria","Acidobacteriota","Vicinamibacteria","Vicinamibacterales","Vicinamibacteraceae","Incertae Sedis","uncultured Acidobacteria bacterium"
"ESV_5828","Bacteria","Pseudomonadota","Gammaproteobacteria","Burkholderiales","Rhodocyclaceae","Azospira","uncultured Rhodocyclaceae bacterium"
"ESV_5829","Bacteria","Acidobacteriota","Vicinamibacteria","Vicinamibacterales","Vicinamibacteraceae","Incertae Sedis","uncultured Acidobacteria bacterium"
"ESV_5871","Bacteria","Pseudomonadota","Alphaproteobacteria","Incertae Sedis","Incertae Sedis","Incertae Sedis","metagenome"
"ESV_5872","Bacteria","Pseudomonadota","Alphaproteobacteria","Incertae Sedis","Incertae Sedis","Incertae Sedis","metagenome"
"ESV_5877","Bacteria","Acidobacteriota","Vicinamibacteria","Vicinamibacterales","Vicinamibacteraceae","Incertae Sedis","uncultured bacterium"
"ESV_5878","Bacteria","Acidobacteriota","Vicinamibacteria","Vicinamibacterales","Vicinamibacteraceae","Incertae Sedis","uncultured bacterium"
"ESV_5888","Bacteria","Actinomycetota","Thermoleophilia","Gaiellales","Incertae Sedis","Incertae Sedis","uncultured bacterium"
"ESV_5911","Bacteria","Actinomycetota","Thermoleophilia","Gaiellales","Incertae Sedis","Incertae Sedis","uncultured bacterium"
"ESV_5927","Bacteria","Pseudomonadota","Alphaproteobacteria","Hyphomicrobiales","Beijerinckiaceae","Microvirga","metagenome"
"ESV_5928","Bacteria","Pseudomonadota","Alphaproteobacteria","Hyphomicrobiales","Beijerinckiaceae","Microvirga","metagenome"
"ESV_5939","Bacteria","Actinomycetota","Actinobacteria","Propionibacteriales","Propionibacteriaceae","Microlunatus","uncultured bacterium"
"ESV_5940","Bacteria","Actinomycetota","Actinobacteria","Propionibacteriales","Propionibacteriaceae","Microlunatus","uncultured bacterium"
"ESV_5944","Eukaryota","Archaeplastida","Chloroplastida","Charophyta","Klebsormidiophyceae","Klebsormidiales","Klebsormidium"
"ESV_5945","Eukaryota","Archaeplastida","Chloroplastida","Charophyta","Klebsormidiophyceae","Klebsormidiales","Klebsormidium"
"ESV_5949","Bacteria","Actinomycetota","MB-A2-108","Incertae Sedis","Incertae Sedis","Incertae Sedis","metagenome"
"ESV_5950","Bacteria","Actinomycetota","MB-A2-108","Incertae Sedis","Incertae Sedis","Incertae Sedis","metagenome"
"ESV_5951","Bacteria","Actinomycetota","Thermoleophilia","Gaiellales","Incertae Sedis","Incertae Sedis","uncultured actinobacterium"
"ESV_5952","Bacteria","Actinomycetota","Thermoleophilia","Gaiellales","Incertae Sedis","Incertae Sedis","uncultured actinobacterium"
"ESV_5953","Bacteria","Bacteroidota","Bacteroidia","Chitinophagales","Chitinophagaceae","Incertae Sedis","metagenome"
"ESV_5954","Bacteria","Bacteroidota","Bacteroidia","Chitinophagales","Chitinophagaceae","Incertae Sedis","metagenome"
"ESV_5955","Bacteria","Actinomycetota","Actinobacteria","Micrococcales","Intrasporangiaceae","Lapillicoccus","metagenome"
"ESV_5988","Bacteria","Actinomycetota","Actinobacteria","Micrococcales","Intrasporangiaceae","Lapillicoccus","metagenome"
"ESV_6013","Bacteria","Actinomycetota","Thermoleophilia","Gaiellales","Incertae Sedis","Incertae Sedis","uncultured actinobacterium"
"ESV_6014","Bacteria","Actinomycetota","Thermoleophilia","Gaiellales","Incertae Sedis","Incertae Sedis","uncultured actinobacterium"
"ESV_6017","Bacteria","Actinomycetota","Actinobacteria","Micrococcales","Micrococcaceae","Pseudarthrobacter","Arthrobacter sp. Hiyo4"
"ESV_6018","Bacteria","Actinomycetota","Actinobacteria","Micrococcales","Micrococcaceae","Pseudarthrobacter","Arthrobacter sp. Hiyo4"
"ESV_6019","Bacteria","Pseudomonadota","Alphaproteobacteria","Rickettsiales","Mitochondria","Incertae Sedis","uncultured bacterium"
"ESV_6020","Bacteria","Pseudomonadota","Alphaproteobacteria","Rickettsiales","Mitochondria","Incertae Sedis","uncultured bacterium"
"ESV_6027","Bacteria","Pseudomonadota","Alphaproteobacteria","Hyphomicrobiales","Methyloligellaceae","Incertae Sedis","metagenome"
"ESV_6028","Bacteria","Pseudomonadota","Alphaproteobacteria","Hyphomicrobiales","Methyloligellaceae","Incertae Sedis","metagenome"
"ESV_6037","Bacteria","Actinomycetota","Actinobacteria","Micrococcales","Micrococcaceae","Arthrobacter","Arthrobacter sp. ES3-54"
"ESV_6038","Bacteria","Acidobacteriota","Vicinamibacteria","Vicinamibacterales","Vicinamibacteraceae","Incertae Sedis","uncultured bacterium"
"ESV_6042","Bacteria","Pseudomonadota","Alphaproteobacteria","Hyphomicrobiales","Hyphomicrobiaceae","Hyphomicrobium","uncultured bacterium"
"ESV_6045","Bacteria","Actinomycetota","Acidimicrobiia","Acidimicrobiales","Acidimicrobiaceae","Acidiferrimicrobium","metagenome"
"ESV_6068","Bacteria","Actinomycetota","Actinobacteria","Micrococcales","Micrococcaceae","Arthrobacter","Arthrobacter sp. ES3-54"
"ESV_6069","Bacteria","Acidobacteriota","Vicinamibacteria","Vicinamibacterales","Vicinamibacteraceae","Incertae Sedis","uncultured bacterium"
"ESV_6073","Bacteria","Pseudomonadota","Alphaproteobacteria","Hyphomicrobiales","Hyphomicrobiaceae","Hyphomicrobium","uncultured bacterium"
"ESV_6076","Bacteria","Actinomycetota","Acidimicrobiia","Acidimicrobiales","Acidimicrobiaceae","Acidiferrimicrobium","metagenome"
"ESV_6119","Bacteria","Verrucomicrobiota","Verrucomicrobiia","Chthoniobacterales","Xiphinematobacteraceae","Candidatus Xiphinematobacter","metagenome"
"ESV_6120","Bacteria","Verrucomicrobiota","Verrucomicrobiia","Chthoniobacterales","Xiphinematobacteraceae","Candidatus Xiphinematobacter","metagenome"
"ESV_6133","Bacteria","Pseudomonadota","Alphaproteobacteria","Hyphomicrobiales","Hyphomicrobiaceae","Pedomicrobium","metagenome"
"ESV_6134","Bacteria","Pseudomonadota","Alphaproteobacteria","Hyphomicrobiales","Hyphomicrobiaceae","Pedomicrobium","metagenome"
"ESV_6136","Bacteria","Actinomycetota","Actinobacteria","Micrococcales","Micrococcaceae","Pseudarthrobacter","Arthrobacter sp. Hiyo4"
"ESV_6140","Bacteria","Actinomycetota","Actinobacteria","Micrococcales","Micrococcaceae","Pseudarthrobacter","Arthrobacter sp. Hiyo4"
"ESV_6163","Bacteria","Actinomycetota","Actinobacteria","Micrococcales","Micrococcaceae","Pseudarthrobacter","Arthrobacter sp. Hiyo4"
"ESV_6167","Bacteria","Actinomycetota","Actinobacteria","Micrococcales","Micrococcaceae","Pseudarthrobacter","Arthrobacter sp. Hiyo4"
"ESV_6193","Bacteria","Pseudomonadota","Alphaproteobacteria","Hyphomicrobiales","Xanthobacteraceae","Incertae Sedis","uncultured bacterium"
"ESV_6194","Bacteria","Pseudomonadota","Alphaproteobacteria","Hyphomicrobiales","Xanthobacteraceae","Incertae Sedis","uncultured bacterium"
"ESV_6218","Bacteria","Myxococcota","bacteriap25","Incertae Sedis","Incertae Sedis","Incertae Sedis","uncultured bacterium"
"ESV_6231","Bacteria","Pseudomonadota","Alphaproteobacteria","Hyphomicrobiales","Hyphomicrobiaceae","Hyphomicrobium","uncultured bacterium"
"ESV_6234","Bacteria","Pseudomonadota","Alphaproteobacteria","Hyphomicrobiales","Hyphomicrobiaceae","Hyphomicrobium","uncultured bacterium"
"ESV_6243","Bacteria","Myxococcota","bacteriap25","Incertae Sedis","Incertae Sedis","Incertae Sedis","uncultured bacterium"
"ESV_6277","Bacteria","Pseudomonadota","Alphaproteobacteria","Hyphomicrobiales","Methyloligellaceae","Incertae Sedis","metagenome"
"ESV_6278","Bacteria","Pseudomonadota","Alphaproteobacteria","Hyphomicrobiales","Methyloligellaceae","Incertae Sedis","metagenome"
"ESV_6294","Bacteria","Actinomycetota","Actinobacteria","Micrococcales","Micrococcaceae","Pseudarthrobacter","Arthrobacter sp. Hiyo4"
"ESV_6295","Bacteria","Bacteroidota","Bacteroidia","Cytophagales","Microscillaceae","Incertae Sedis","uncultured bacterium"
"ESV_6322","Bacteria","Actinomycetota","Actinobacteria","Micrococcales","Micrococcaceae","Pseudarthrobacter","Arthrobacter sp. Hiyo4"
"ESV_6323","Bacteria","Bacteroidota","Bacteroidia","Cytophagales","Microscillaceae","Incertae Sedis","uncultured bacterium"
"ESV_6357","Bacteria","Pseudomonadota","Gammaproteobacteria","CCD24","Incertae Sedis","Incertae Sedis","uncultured bacterium"
"ESV_6358","Bacteria","Pseudomonadota","Gammaproteobacteria","CCD24","Incertae Sedis","Incertae Sedis","uncultured bacterium"
"ESV_6421","Bacteria","Pseudomonadota","Alphaproteobacteria","Hyphomicrobiales","Beijerinckiaceae","Incertae Sedis","uncultured bacterium"
"ESV_6422","Bacteria","Pseudomonadota","Alphaproteobacteria","Hyphomicrobiales","Beijerinckiaceae","Incertae Sedis","uncultured bacterium"
"ESV_6462","Bacteria","Myxococcota","bacteriap25","Incertae Sedis","Incertae Sedis","Incertae Sedis","uncultured bacterium"
"ESV_6463","Bacteria","Pseudomonadota","Alphaproteobacteria","Hyphomicrobiales","Hyphomicrobiaceae","Hyphomicrobium","metagenome"
"ESV_6493","Bacteria","Myxococcota","bacteriap25","Incertae Sedis","Incertae Sedis","Incertae Sedis","uncultured bacterium"
"ESV_6494","Bacteria","Pseudomonadota","Alphaproteobacteria","Hyphomicrobiales","Hyphomicrobiaceae","Hyphomicrobium","metagenome"
"ESV_6515","Bacteria","Actinomycetota","Thermoleophilia","Gaiellales","Gaiellaceae","Gaiella","uncultured bacterium"
"ESV_6516","Bacteria","Actinomycetota","Thermoleophilia","Gaiellales","Gaiellaceae","Gaiella","uncultured bacterium"
"ESV_6535","Bacteria","Acidobacteriota","Vicinamibacteria","Vicinamibacterales","Incertae Sedis","Incertae Sedis","uncultured bacterium"
"ESV_6536","Bacteria","Acidobacteriota","Vicinamibacteria","Vicinamibacterales","Incertae Sedis","Incertae Sedis","uncultured bacterium"
"ESV_6547","Bacteria","Myxococcota","bacteriap25","Incertae Sedis","Incertae Sedis","Incertae Sedis","uncultured bacterium"
"ESV_6548","Bacteria","Myxococcota","bacteriap25","Incertae Sedis","Incertae Sedis","Incertae Sedis","uncultured bacterium"
"ESV_6567","Bacteria","Pseudomonadota","Alphaproteobacteria","Hyphomicrobiales","Methyloligellaceae","Incertae Sedis","metagenome"
"ESV_6568","Bacteria","Pseudomonadota","Alphaproteobacteria","Hyphomicrobiales","Methyloligellaceae","Incertae Sedis","metagenome"
"ESV_6587","Bacteria","Pseudomonadota","Alphaproteobacteria","Hyphomicrobiales","Xanthobacteraceae","Incertae Sedis","metagenome"
"ESV_6588","Bacteria","Pseudomonadota","Alphaproteobacteria","Hyphomicrobiales","Xanthobacteraceae","Incertae Sedis","metagenome"
"ESV_6609","Bacteria","Pseudomonadota","Alphaproteobacteria","Hyphomicrobiales","Xanthobacteraceae","Rhodoplanes","uncultured bacterium"
"ESV_6610","Bacteria","Pseudomonadota","Alphaproteobacteria","Hyphomicrobiales","Xanthobacteraceae","Rhodoplanes","uncultured bacterium"
"ESV_6624","Bacteria","Pseudomonadota","Alphaproteobacteria","Hyphomicrobiales","Beijerinckiaceae","Microvirga","Microvirga ossetica"
"ESV_6625","Bacteria","Pseudomonadota","Alphaproteobacteria","Hyphomicrobiales","Beijerinckiaceae","Microvirga","Microvirga ossetica"
"ESV_6632","Bacteria","Verrucomicrobiota","Verrucomicrobiia","Chthoniobacterales","Chthoniobacteraceae","Candidatus Udaeobacter","uncultured bacterium"
"ESV_6633","Bacteria","Actinomycetota","Actinobacteria","Propionibacteriales","Propionibacteriaceae","Microlunatus","uncultured bacterium"
"ESV_6637","Bacteria","Actinomycetota","MB-A2-108","Incertae Sedis","Incertae Sedis","Incertae Sedis","uncultured bacterium"
"ESV_6664","Bacteria","Planctomycetota","Planctomycetes","Pirellulales","Pirellulaceae","Pir4 lineage","metagenome"
"ESV_6667","Bacteria","Planctomycetota","Planctomycetes","Pirellulales","Pirellulaceae","Pir4 lineage","metagenome"
"ESV_6673","Bacteria","Verrucomicrobiota","Verrucomicrobiia","Chthoniobacterales","Chthoniobacteraceae","Candidatus Udaeobacter","uncultured bacterium"
"ESV_6674","Bacteria","Actinomycetota","Actinobacteria","Propionibacteriales","Propionibacteriaceae","Microlunatus","uncultured bacterium"
"ESV_6678","Bacteria","Actinomycetota","MB-A2-108","Incertae Sedis","Incertae Sedis","Incertae Sedis","uncultured bacterium"
"ESV_6739","Bacteria","Pseudomonadota","Alphaproteobacteria","Hyphomicrobiales","Xanthobacteraceae","Incertae Sedis","metagenome"
"ESV_6740","Bacteria","Pseudomonadota","Alphaproteobacteria","Hyphomicrobiales","Xanthobacteraceae","Incertae Sedis","metagenome"
"ESV_6747","Bacteria","Actinomycetota","Thermoleophilia","Gaiellales","Incertae Sedis","Incertae Sedis","uncultured actinobacterium"
"ESV_6753","Bacteria","Actinomycetota","Thermoleophilia","Gaiellales","Incertae Sedis","Incertae Sedis","uncultured actinobacterium"
"ESV_6759","Bacteria","Pseudomonadota","Alphaproteobacteria","Hyphomicrobiales","Xanthobacteraceae","Incertae Sedis","uncultured bacterium"
"ESV_6760","Bacteria","Pseudomonadota","Alphaproteobacteria","Hyphomicrobiales","Xanthobacteraceae","Incertae Sedis","uncultured bacterium"
"ESV_6762","Bacteria","Acidobacteriota","Vicinamibacteria","Vicinamibacterales","Incertae Sedis","Incertae Sedis","uncultured Acidobacteria bacterium"
"ESV_6764","Bacteria","Acidobacteriota","Vicinamibacteria","Vicinamibacterales","Incertae Sedis","Incertae Sedis","uncultured Acidobacteria bacterium"
"ESV_6768","Bacteria","Pseudomonadota","Alphaproteobacteria","Tistrellales","Geminicoccaceae","Incertae Sedis","uncultured Rhodospirillales bacterium"
"ESV_6769","Bacteria","Pseudomonadota","Alphaproteobacteria","Sphingomonadales","Sphingomonadaceae","Sphingomonas","metagenome"
"ESV_6777","Bacteria","Bacteroidota","Bacteroidia","Chitinophagales","Chitinophagaceae","Incertae Sedis","metagenome"
"ESV_6785","Bacteria","Nitrospirota","Nitrospiria","Nitrospirales","Nitrospiraceae","Nitrospira","uncultured Nitrospira sp."
"ESV_6795","Bacteria","Pseudomonadota","Alphaproteobacteria","Tistrellales","Geminicoccaceae","Incertae Sedis","uncultured Rhodospirillales bacterium"
"ESV_6796","Bacteria","Pseudomonadota","Alphaproteobacteria","Sphingomonadales","Sphingomonadaceae","Sphingomonas","metagenome"
"ESV_6804","Bacteria","Bacteroidota","Bacteroidia","Chitinophagales","Chitinophagaceae","Incertae Sedis","metagenome"
"ESV_6812","Bacteria","Nitrospirota","Nitrospiria","Nitrospirales","Nitrospiraceae","Nitrospira","uncultured Nitrospira sp."
"ESV_6819","Bacteria","Pseudomonadota","Alphaproteobacteria","Hyphomicrobiales","Xanthobacteraceae","Incertae Sedis","uncultured bacterium"
"ESV_6820","Bacteria","Pseudomonadota","Alphaproteobacteria","Hyphomicrobiales","Xanthobacteraceae","Incertae Sedis","uncultured bacterium"
"ESV_6867","Bacteria","Acidobacteriota","Vicinamibacteria","Vicinamibacterales","Vicinamibacteraceae","Incertae Sedis","uncultured bacterium"
"ESV_6870","Bacteria","Acidobacteriota","Vicinamibacteria","Vicinamibacterales","Vicinamibacteraceae","Incertae Sedis","uncultured bacterium"
"ESV_6879","Bacteria","Pseudomonadota","Alphaproteobacteria","Hyphomicrobiales","Xanthobacteraceae","Bradyrhizobium","Bradyrhizobium erythrophlei"
"ESV_6908","Bacteria","Pseudomonadota","Alphaproteobacteria","Hyphomicrobiales","Xanthobacteraceae","Bradyrhizobium","Bradyrhizobium erythrophlei"
"ESV_6927","Bacteria","Myxococcota","bacteriap25","Incertae Sedis","Incertae Sedis","Incertae Sedis","uncultured bacterium"
"ESV_6928","Bacteria","Myxococcota","bacteriap25","Incertae Sedis","Incertae Sedis","Incertae Sedis","uncultured bacterium"
"ESV_6929","Bacteria","Actinomycetota","Actinobacteria","Micrococcales","Micrococcaceae","Arthrobacter","Arthrobacter sp. ES3-54"
"ESV_6930","Bacteria","Actinomycetota","Actinobacteria","Micrococcales","Micrococcaceae","Arthrobacter","Arthrobacter sp. ES3-54"
"ESV_6947","Bacteria","Actinomycetota","Thermoleophilia","Gaiellales","Gaiellaceae","Gaiella","uncultured soil bacterium"
"ESV_6948","Bacteria","Actinomycetota","Thermoleophilia","Gaiellales","Gaiellaceae","Gaiella","uncultured soil bacterium"
"ESV_6949","Bacteria","Pseudomonadota","Gammaproteobacteria","Burkholderiales","SC-I-84","Incertae Sedis","uncultured beta proteobacterium"
"ESV_6950","Bacteria","Pseudomonadota","Gammaproteobacteria","Burkholderiales","SC-I-84","Incertae Sedis","uncultured beta proteobacterium"
"ESV_6957","Bacteria","Verrucomicrobiota","Verrucomicrobiia","Chthoniobacterales","Chthoniobacteraceae","Candidatus Udaeobacter","uncultured bacterium"
"ESV_6958","Bacteria","Verrucomicrobiota","Verrucomicrobiia","Chthoniobacterales","Chthoniobacteraceae","Candidatus Udaeobacter","uncultured bacterium"
"ESV_6962","Bacteria","Actinomycetota","Thermoleophilia","Gaiellales","Gaiellaceae","Gaiella","uncultured bacterium"
"ESV_6963","Bacteria","Pseudomonadota","Alphaproteobacteria","Tistrellales","Geminicoccaceae","Candidatus Alysiosphaera","uncultured Alphaproteobacteria bacterium"
"ESV_7004","Bacteria","Actinomycetota","Thermoleophilia","Gaiellales","Gaiellaceae","Gaiella","uncultured bacterium"
"ESV_7005","Bacteria","Pseudomonadota","Alphaproteobacteria","Tistrellales","Geminicoccaceae","Candidatus Alysiosphaera","uncultured Alphaproteobacteria bacterium"
"ESV_7082","Bacteria","Pseudomonadota","Alphaproteobacteria","Hyphomicrobiales","Methyloligellaceae","Incertae Sedis","metagenome"
"ESV_7086","Bacteria","Pseudomonadota","Alphaproteobacteria","Tistrellales","Geminicoccaceae","Incertae Sedis","uncultured Rhodospirillales bacterium"
"ESV_7087","Bacteria","Actinomycetota","Thermoleophilia","Gaiellales","Incertae Sedis","Incertae Sedis","uncultured actinobacterium"
"ESV_7090","Bacteria","Pseudomonadota","Alphaproteobacteria","Hyphomicrobiales","Beijerinckiaceae","Microvirga","metagenome"
"ESV_7091","Bacteria","Verrucomicrobiota","Verrucomicrobiia","Chthoniobacterales","Chthoniobacteraceae","Candidatus Udaeobacter","uncultured Spartobacteria bacterium"
"ESV_7117","Bacteria","Pseudomonadota","Alphaproteobacteria","Hyphomicrobiales","Methyloligellaceae","Incertae Sedis","metagenome"
"ESV_7121","Bacteria","Pseudomonadota","Alphaproteobacteria","Tistrellales","Geminicoccaceae","Incertae Sedis","uncultured Rhodospirillales bacterium"
"ESV_7122","Bacteria","Actinomycetota","Thermoleophilia","Gaiellales","Incertae Sedis","Incertae Sedis","uncultured actinobacterium"
"ESV_7125","Bacteria","Pseudomonadota","Alphaproteobacteria","Hyphomicrobiales","Beijerinckiaceae","Microvirga","metagenome"
"ESV_7126","Bacteria","Verrucomicrobiota","Verrucomicrobiia","Chthoniobacterales","Chthoniobacteraceae","Candidatus Udaeobacter","uncultured Spartobacteria bacterium"
"ESV_7183","Bacteria","Acidobacteriota","Vicinamibacteria","Vicinamibacterales","Vicinamibacteraceae","Incertae Sedis","uncultured Acidobacteria bacterium"
"ESV_7186","Bacteria","Acidobacteriota","Vicinamibacteria","Vicinamibacterales","Vicinamibacteraceae","Incertae Sedis","uncultured Acidobacteria bacterium"
"ESV_7193","Bacteria","Bacteroidota","Bacteroidia","Cytophagales","Microscillaceae","Incertae Sedis","uncultured bacterium"
"ESV_7194","Bacteria","Pseudomonadota","Alphaproteobacteria","Hyphomicrobiales","Xanthobacteraceae","Incertae Sedis","uncultured bacterium"
"ESV_7200","Bacteria","Actinomycetota","Thermoleophilia","Gaiellales","Gaiellaceae","Gaiella","uncultured bacterium"
"ESV_7201","Bacteria","Actinomycetota","Thermoleophilia","Gaiellales","Incertae Sedis","Incertae Sedis","uncultured bacterium"
"ESV_7207","Bacteria","Pseudomonadota","Alphaproteobacteria","Hyphomicrobiales","Xanthobacteraceae","Incertae Sedis","uncultured bacterium"
"ESV_7219","Bacteria","Actinomycetota","MB-A2-108","Incertae Sedis","Incertae Sedis","Incertae Sedis","metagenome"
"ESV_7236","Bacteria","Bacteroidota","Bacteroidia","Cytophagales","Microscillaceae","Incertae Sedis","uncultured bacterium"
"ESV_7237","Bacteria","Pseudomonadota","Alphaproteobacteria","Hyphomicrobiales","Xanthobacteraceae","Incertae Sedis","uncultured bacterium"
"ESV_7243","Bacteria","Actinomycetota","Thermoleophilia","Gaiellales","Gaiellaceae","Gaiella","uncultured bacterium"
"ESV_7244","Bacteria","Actinomycetota","Thermoleophilia","Gaiellales","Incertae Sedis","Incertae Sedis","uncultured bacterium"
"ESV_7250","Bacteria","Pseudomonadota","Alphaproteobacteria","Hyphomicrobiales","Xanthobacteraceae","Incertae Sedis","uncultured bacterium"
"ESV_7262","Bacteria","Actinomycetota","MB-A2-108","Incertae Sedis","Incertae Sedis","Incertae Sedis","metagenome"
"ESV_7277","Bacteria","Acidobacteriota","Vicinamibacteria","Vicinamibacterales","Vicinamibacteraceae","Incertae Sedis","uncultured bacterium"
"ESV_7278","Bacteria","Acidobacteriota","Vicinamibacteria","Vicinamibacterales","Vicinamibacteraceae","Incertae Sedis","uncultured bacterium"
"ESV_7293","Bacteria","Pseudomonadota","Alphaproteobacteria","Tistrellales","Geminicoccaceae","Incertae Sedis","uncultured Rhodospirillales bacterium"
"ESV_7296","Bacteria","Pseudomonadota","Alphaproteobacteria","Tistrellales","Geminicoccaceae","Incertae Sedis","uncultured Rhodospirillales bacterium"
"ESV_7302","Bacteria","Pseudomonadota","Alphaproteobacteria","Rickettsiales","Mitochondria","Incertae Sedis","uncultured bacterium"
"ESV_7303","Bacteria","Pseudomonadota","Alphaproteobacteria","Rickettsiales","Mitochondria","Incertae Sedis","uncultured bacterium"
"ESV_7332","Bacteria","Pseudomonadota","Alphaproteobacteria","Hyphomicrobiales","Hyphomicrobiaceae","Pedomicrobium","metagenome"
"ESV_7365","Bacteria","Pseudomonadota","Alphaproteobacteria","Hyphomicrobiales","Hyphomicrobiaceae","Pedomicrobium","metagenome"
"ESV_7401","Bacteria","Pseudomonadota","Alphaproteobacteria","Rickettsiales","Mitochondria","Incertae Sedis","metagenome"
"ESV_7403","Bacteria","Pseudomonadota","Alphaproteobacteria","Rickettsiales","Mitochondria","Incertae Sedis","metagenome"
"ESV_7421","Bacteria","Planctomycetota","Planctomycetes","Pirellulales","Pirellulaceae","Incertae Sedis","metagenome"
"ESV_7422","Bacteria","Planctomycetota","Planctomycetes","Pirellulales","Pirellulaceae","Incertae Sedis","metagenome"
"ESV_7439","Bacteria","Actinomycetota","Thermoleophilia","Gaiellales","Incertae Sedis","Incertae Sedis","uncultured actinobacterium"
"ESV_7442","Bacteria","Actinomycetota","Thermoleophilia","Gaiellales","Incertae Sedis","Incertae Sedis","uncultured actinobacterium"
"ESV_7453","Bacteria","Pseudomonadota","Alphaproteobacteria","Hyphomicrobiales","Xanthobacteraceae","Incertae Sedis","uncultured bacterium"
"ESV_7466","Bacteria","Bacillota","Bacilli","Bacillales","Bacillaceae","Niallia","uncultured bacterium"
"ESV_7471","Bacteria","Acidobacteriota","Vicinamibacteria","Vicinamibacterales","Incertae Sedis","Incertae Sedis","uncultured bacterium"
"ESV_7491","Bacteria","Pseudomonadota","Alphaproteobacteria","Hyphomicrobiales","Xanthobacteraceae","Incertae Sedis","uncultured bacterium"
"ESV_7504","Bacteria","Bacillota","Bacilli","Bacillales","Bacillaceae","Niallia","uncultured bacterium"
"ESV_7509","Bacteria","Acidobacteriota","Vicinamibacteria","Vicinamibacterales","Incertae Sedis","Incertae Sedis","uncultured bacterium"
"ESV_7529","Bacteria","Pseudomonadota","Gammaproteobacteria","Gammaproteobacteria Incertae Sedis","Unknown Family","Acidibacter","uncultured gamma proteobacterium"
"ESV_7530","Bacteria","Pseudomonadota","Gammaproteobacteria","Gammaproteobacteria Incertae Sedis","Unknown Family","Acidibacter","uncultured gamma proteobacterium"
"ESV_7533","Bacteria","Actinomycetota","Thermoleophilia","Gaiellales","Incertae Sedis","Incertae Sedis","uncultured bacterium"
"ESV_7534","Bacteria","Actinomycetota","Thermoleophilia","Gaiellales","Incertae Sedis","Incertae Sedis","uncultured bacterium"
"ESV_7535","Bacteria","Verrucomicrobiota","Verrucomicrobiia","Chthoniobacterales","Chthoniobacteraceae","Candidatus Udaeobacter","uncultured bacterium"
"ESV_7536","Bacteria","Verrucomicrobiota","Verrucomicrobiia","Chthoniobacterales","Chthoniobacteraceae","Candidatus Udaeobacter","uncultured bacterium"
"ESV_7561","Bacteria","Actinomycetota","Thermoleophilia","Gaiellales","Gaiellaceae","Gaiella","uncultured soil bacterium"
"ESV_7562","Bacteria","Actinomycetota","Thermoleophilia","Gaiellales","Gaiellaceae","Gaiella","uncultured soil bacterium"
"ESV_7571","Bacteria","Actinomycetota","Actinobacteria","Propionibacteriales","Propionibacteriaceae","Microlunatus","uncultured bacterium"
"ESV_7572","Bacteria","Actinomycetota","Actinobacteria","Propionibacteriales","Propionibacteriaceae","Microlunatus","uncultured bacterium"
"ESV_7575","Bacteria","Bacteroidota","Bacteroidia","Chitinophagales","Chitinophagaceae","Incertae Sedis","metagenome"
"ESV_7577","Bacteria","Pseudomonadota","Alphaproteobacteria","Hyphomicrobiales","Xanthobacteraceae","Bradyrhizobium","Bradyrhizobium lablabi"
"ESV_7599","Bacteria","Actinomycetota","Actinobacteria","Micrococcales","Micrococcaceae","Arthrobacter","Arthrobacter sp. FB24"
"ESV_7614","Bacteria","Bacteroidota","Bacteroidia","Chitinophagales","Chitinophagaceae","Incertae Sedis","metagenome"
"ESV_7616","Bacteria","Pseudomonadota","Alphaproteobacteria","Hyphomicrobiales","Xanthobacteraceae","Bradyrhizobium","Bradyrhizobium lablabi"
"ESV_7638","Bacteria","Actinomycetota","Actinobacteria","Micrococcales","Micrococcaceae","Arthrobacter","Arthrobacter sp. FB24"
"ESV_7653","Bacteria","Actinomycetota","Thermoleophilia","Gaiellales","Incertae Sedis","Incertae Sedis","uncultured actinobacterium"
"ESV_7654","Bacteria","Actinomycetota","Thermoleophilia","Gaiellales","Incertae Sedis","Incertae Sedis","uncultured actinobacterium"
"ESV_7688","Bacteria","Cyanobacteriota","Cyanobacteriia","Chloroplast","Incertae Sedis","Incertae Sedis","Bryum argenteum"
"ESV_7690","Bacteria","Pseudomonadota","Gammaproteobacteria","Pseudomonadales","Pseudomonadaceae","Pseudomonas","uncultured bacterium"
"ESV_7694","Bacteria","Cyanobacteriota","Cyanobacteriia","Chloroplast","Incertae Sedis","Incertae Sedis","Bryum argenteum"
"ESV_7696","Bacteria","Pseudomonadota","Gammaproteobacteria","Pseudomonadales","Pseudomonadaceae","Pseudomonas","uncultured bacterium"
"ESV_7705","Bacteria","Actinomycetota","Actinobacteria","Micrococcales","Microbacteriaceae","Microbacterium","metagenome"
"ESV_7706","Bacteria","Actinomycetota","Actinobacteria","Micrococcales","Microbacteriaceae","Microbacterium","metagenome"
"ESV_7711","Bacteria","Acidobacteriota","Vicinamibacteria","Vicinamibacterales","Vicinamibacteraceae","Incertae Sedis","uncultured bacterium"
"ESV_7712","Bacteria","Acidobacteriota","Vicinamibacteria","Vicinamibacterales","Vicinamibacteraceae","Incertae Sedis","uncultured bacterium"
"ESV_7729","Bacteria","Actinomycetota","Actinobacteria","Micrococcales","Micrococcaceae","Pseudarthrobacter","Arthrobacter sp. Hiyo4"
"ESV_7773","Bacteria","Actinomycetota","Actinobacteria","Micrococcales","Micrococcaceae","Pseudarthrobacter","Arthrobacter sp. Hiyo4"
"ESV_7799","Bacteria","Nitrospirota","Nitrospiria","Nitrospirales","Nitrospiraceae","Nitrospira","uncultured Nitrospira sp."
"ESV_7800","Bacteria","Nitrospirota","Nitrospiria","Nitrospirales","Nitrospiraceae","Nitrospira","uncultured Nitrospira sp."
"ESV_7821","Bacteria","Verrucomicrobiota","Verrucomicrobiia","Chthoniobacterales","Xiphinematobacteraceae","Candidatus Xiphinematobacter","uncultured bacterium"
"ESV_7822","Bacteria","Verrucomicrobiota","Verrucomicrobiia","Chthoniobacterales","Xiphinematobacteraceae","Candidatus Xiphinematobacter","uncultured bacterium"
"ESV_7845","Bacteria","Actinomycetota","Actinobacteria","Micrococcales","Micrococcaceae","Pseudarthrobacter","Arthrobacter sp. Hiyo4"
"ESV_7852","Bacteria","Actinomycetota","Thermoleophilia","Gaiellales","Incertae Sedis","Incertae Sedis","uncultured bacterium"
"ESV_7898","Bacteria","Actinomycetota","Actinobacteria","Micrococcales","Micrococcaceae","Pseudarthrobacter","Arthrobacter sp. Hiyo4"
"ESV_7905","Bacteria","Actinomycetota","Thermoleophilia","Gaiellales","Incertae Sedis","Incertae Sedis","uncultured bacterium"
"ESV_7943","Bacteria","Actinomycetota","Thermoleophilia","Gaiellales","Incertae Sedis","Incertae Sedis","uncultured bacterium"
"ESV_7944","Bacteria","Actinomycetota","Thermoleophilia","Gaiellales","Incertae Sedis","Incertae Sedis","uncultured bacterium"
"ESV_7945","Bacteria","Actinomycetota","Acidimicrobiia","Microtrichales","Ilumatobacteraceae","Incertae Sedis","uncultured Acidimicrobiaceae bacterium"
"ESV_7946","Bacteria","Actinomycetota","Acidimicrobiia","Microtrichales","Ilumatobacteraceae","Incertae Sedis","uncultured Acidimicrobiaceae bacterium"
"ESV_8005","Bacteria","Pseudomonadota","Alphaproteobacteria","Hyphomicrobiales","Xanthobacteraceae","Incertae Sedis","uncultured bacterium"
"ESV_8006","Bacteria","Pseudomonadota","Alphaproteobacteria","Hyphomicrobiales","Xanthobacteraceae","Incertae Sedis","uncultured bacterium"
"ESV_8027","Bacteria","Verrucomicrobiota","Verrucomicrobiia","Chthoniobacterales","Xiphinematobacteraceae","Candidatus Xiphinematobacter","metagenome"
"ESV_8072","Bacteria","Verrucomicrobiota","Verrucomicrobiia","Chthoniobacterales","Xiphinematobacteraceae","Candidatus Xiphinematobacter","metagenome"
"ESV_8135","Bacteria","Pseudomonadota","Alphaproteobacteria","Hyphomicrobiales","Xanthobacteraceae","Bradyrhizobium","Bradyrhizobium sp. SEMIA 6399"
"ESV_8142","Bacteria","Pseudomonadota","Alphaproteobacteria","Hyphomicrobiales","Xanthobacteraceae","Bradyrhizobium","Bradyrhizobium sp. SEMIA 6399"
"ESV_8162","Bacteria","Verrucomicrobiota","Verrucomicrobiia","Chthoniobacterales","Chthoniobacteraceae","Candidatus Udaeobacter","uncultured Spartobacteria bacterium"
"ESV_8202","Bacteria","Verrucomicrobiota","Verrucomicrobiia","Chthoniobacterales","Chthoniobacteraceae","Candidatus Udaeobacter","uncultured Spartobacteria bacterium"
"ESV_8251","Bacteria","Cyanobacteriota","Cyanobacteriia","Chloroplast","Incertae Sedis","Incertae Sedis","uncultured Cyanobacterium sp."
"ESV_8252","Bacteria","Cyanobacteriota","Cyanobacteriia","Chloroplast","Incertae Sedis","Incertae Sedis","uncultured Cyanobacterium sp."
"ESV_8267","Bacteria","Verrucomicrobiota","Verrucomicrobiia","Chthoniobacterales","Chthoniobacteraceae","Candidatus Udaeobacter","uncultured bacterium"
"ESV_8272","Bacteria","Verrucomicrobiota","Verrucomicrobiia","Chthoniobacterales","Chthoniobacteraceae","Candidatus Udaeobacter","uncultured bacterium"
"ESV_8293","Bacteria","Actinomycetota","Actinobacteria","Micrococcales","Micrococcaceae","Arthrobacter","Arthrobacter sp. J3.49"
"ESV_8294","Bacteria","Actinomycetota","Thermoleophilia","Gaiellales","Gaiellaceae","Gaiella","uncultured actinobacterium"
"ESV_8302","Bacteria","Actinomycetota","MB-A2-108","Incertae Sedis","Incertae Sedis","Incertae Sedis","uncultured bacterium"
"ESV_8342","Bacteria","Actinomycetota","Actinobacteria","Micrococcales","Micrococcaceae","Arthrobacter","Arthrobacter sp. J3.49"
"ESV_8343","Bacteria","Actinomycetota","Thermoleophilia","Gaiellales","Gaiellaceae","Gaiella","uncultured actinobacterium"
"ESV_8351","Bacteria","Actinomycetota","MB-A2-108","Incertae Sedis","Incertae Sedis","Incertae Sedis","uncultured bacterium"
"ESV_8385","Bacteria","Pseudomonadota","Alphaproteobacteria","Hyphomicrobiales","Beijerinckiaceae","Microvirga","metagenome"
"ESV_8386","Bacteria","Pseudomonadota","Alphaproteobacteria","Hyphomicrobiales","Beijerinckiaceae","Microvirga","metagenome"
"ESV_8421","Bacteria","Verrucomicrobiota","Verrucomicrobiia","Chthoniobacterales","Chthoniobacteraceae","Candidatus Udaeobacter","uncultured bacterium"
"ESV_8422","Bacteria","Verrucomicrobiota","Verrucomicrobiia","Chthoniobacterales","Chthoniobacteraceae","Candidatus Udaeobacter","uncultured bacterium"
"ESV_8479","Bacteria","Pseudomonadota","Alphaproteobacteria","Hyphomicrobiales","Hyphomicrobiaceae","Pedomicrobium","metagenome"
"ESV_8481","Bacteria","Actinomycetota","Thermoleophilia","Gaiellales","Gaiellaceae","Gaiella","uncultured actinobacterium"
"ESV_8488","Bacteria","Actinomycetota","MB-A2-108","Incertae Sedis","Incertae Sedis","Incertae Sedis","uncultured bacterium"
"ESV_8489","Bacteria","Pseudomonadota","Alphaproteobacteria","Hyphomicrobiales","Xanthobacteraceae","Bradyrhizobium","Bradyrhizobium sp."
"ESV_8493","Bacteria","Verrucomicrobiota","Verrucomicrobiia","Chthoniobacterales","Chthoniobacteraceae","Candidatus Udaeobacter","uncultured bacterium"
"ESV_8494","Bacteria","Bacillota","Bacilli","Bacillales","Bacillaceae","Niallia","uncultured bacterium"
"ESV_8495","Bacteria","Actinomycetota","Actinobacteria","Propionibacteriales","Propionibacteriaceae","Microlunatus","uncultured bacterium"
"ESV_8519","Bacteria","Pseudomonadota","Alphaproteobacteria","Hyphomicrobiales","Hyphomicrobiaceae","Pedomicrobium","metagenome"
"ESV_8521","Bacteria","Actinomycetota","Thermoleophilia","Gaiellales","Gaiellaceae","Gaiella","uncultured actinobacterium"
"ESV_8528","Bacteria","Actinomycetota","MB-A2-108","Incertae Sedis","Incertae Sedis","Incertae Sedis","uncultured bacterium"
"ESV_8529","Bacteria","Pseudomonadota","Alphaproteobacteria","Hyphomicrobiales","Xanthobacteraceae","Bradyrhizobium","Bradyrhizobium sp."
"ESV_8533","Bacteria","Verrucomicrobiota","Verrucomicrobiia","Chthoniobacterales","Chthoniobacteraceae","Candidatus Udaeobacter","uncultured bacterium"
"ESV_8534","Bacteria","Bacillota","Bacilli","Bacillales","Bacillaceae","Niallia","uncultured bacterium"
"ESV_8535","Bacteria","Actinomycetota","Actinobacteria","Propionibacteriales","Propionibacteriaceae","Microlunatus","uncultured bacterium"
"ESV_8557","Bacteria","Bacillota","Bacilli","Bacillales","Bacillaceae","Niallia","uncultured Bacillus sp."
"ESV_8558","Bacteria","Bacillota","Bacilli","Bacillales","Bacillaceae","Niallia","uncultured Bacillus sp."
"ESV_8597","Bacteria","Pseudomonadota","Alphaproteobacteria","Hyphomicrobiales","Methyloligellaceae","Incertae Sedis","metagenome"
"ESV_8598","Bacteria","Pseudomonadota","Alphaproteobacteria","Hyphomicrobiales","Methyloligellaceae","Incertae Sedis","metagenome"
"ESV_8608","Bacteria","Pseudomonadota","Alphaproteobacteria","Hyphomicrobiales","Rhizobiaceae","Phyllobacterium","Phyllobacterium zundukense"
"ESV_8613","Bacteria","Pseudomonadota","Alphaproteobacteria","Hyphomicrobiales","Rhizobiaceae","Phyllobacterium","Phyllobacterium zundukense"
"ESV_8663","Bacteria","Actinomycetota","Thermoleophilia","Solirubrobacterales","67-14","Incertae Sedis","uncultured bacterium"
"ESV_8666","Bacteria","Actinomycetota","Thermoleophilia","Solirubrobacterales","67-14","Incertae Sedis","uncultured bacterium"
"ESV_8713","Bacteria","Actinomycetota","Actinobacteria","Micrococcales","Micrococcaceae","Pseudarthrobacter","Arthrobacter sp. Hiyo4"
"ESV_8714","Bacteria","Actinomycetota","Actinobacteria","Micrococcales","Micrococcaceae","Pseudarthrobacter","Arthrobacter sp. Hiyo4"
"ESV_8719","Bacteria","Pseudomonadota","Alphaproteobacteria","Hyphomicrobiales","Incertae Sedis","Incertae Sedis","uncultured bacterium"
"ESV_8720","Bacteria","Pseudomonadota","Alphaproteobacteria","Hyphomicrobiales","Incertae Sedis","Incertae Sedis","uncultured bacterium"
"ESV_8761","Bacteria","Actinomycetota","Actinobacteria","Propionibacteriales","Propionibacteriaceae","Microlunatus","uncultured bacterium"
"ESV_8764","Bacteria","Cyanobacteriota","Cyanobacteriia","Cyanobacteriales","Phormidiaceae","Tychonema CCAP 1459-11B","Oscillatoria nigro-viridis PCC 7112"
"ESV_8765","Bacteria","Actinomycetota","Actinobacteria","Propionibacteriales","Propionibacteriaceae","Microlunatus","uncultured bacterium"
"ESV_8768","Bacteria","Cyanobacteriota","Cyanobacteriia","Cyanobacteriales","Phormidiaceae","Tychonema CCAP 1459-11B","Oscillatoria nigro-viridis PCC 7112"
"ESV_8781","Bacteria","Actinomycetota","MB-A2-108","Incertae Sedis","Incertae Sedis","Incertae Sedis","metagenome"
"ESV_8782","Bacteria","Actinomycetota","MB-A2-108","Incertae Sedis","Incertae Sedis","Incertae Sedis","metagenome"
"ESV_8787","Bacteria","Actinomycetota","Thermoleophilia","Gaiellales","Gaiellaceae","Gaiella","uncultured bacterium"
"ESV_8788","Bacteria","Actinomycetota","Thermoleophilia","Gaiellales","Gaiellaceae","Gaiella","uncultured bacterium"
"ESV_8789","Bacteria","Pseudomonadota","Gammaproteobacteria","Burkholderiales","Nitrosomonadaceae","IS-44","uncultured bacterium"
"ESV_8790","Bacteria","Pseudomonadota","Gammaproteobacteria","Burkholderiales","Nitrosomonadaceae","IS-44","uncultured bacterium"
"ESV_8793","Bacteria","Actinomycetota","Actinobacteria","Micrococcales","Micrococcaceae","Pseudarthrobacter","Arthrobacter sp. Hiyo4"
"ESV_8798","Bacteria","Actinomycetota","Acidimicrobiia","Acidimicrobiales","Acidimicrobiaceae","Acidiferrimicrobium","metagenome"
"ESV_8848","Bacteria","Actinomycetota","Actinobacteria","Micrococcales","Micrococcaceae","Pseudarthrobacter","Arthrobacter sp. Hiyo4"
"ESV_8853","Bacteria","Actinomycetota","Acidimicrobiia","Acidimicrobiales","Acidimicrobiaceae","Acidiferrimicrobium","metagenome"
"ESV_8899","Bacteria","Actinomycetota","Thermoleophilia","Gaiellales","Gaiellaceae","Gaiella","uncultured bacterium"
"ESV_8901","Bacteria","Planctomycetota","Planctomycetes","Pirellulales","Pirellulaceae","Pir4 lineage","uncultured soil bacterium"
"ESV_8902","Bacteria","Actinomycetota","Thermoleophilia","Gaiellales","Gaiellaceae","Gaiella","uncultured bacterium"
"ESV_8904","Bacteria","Planctomycetota","Planctomycetes","Pirellulales","Pirellulaceae","Pir4 lineage","uncultured soil bacterium"
"ESV_8909","Bacteria","Actinomycetota","Thermoleophilia","Gaiellales","Incertae Sedis","Incertae Sedis","uncultured bacterium"
"ESV_8911","Bacteria","Actinomycetota","Thermoleophilia","Gaiellales","Incertae Sedis","Incertae Sedis","uncultured bacterium"
"ESV_8913","Bacteria","Pseudomonadota","Alphaproteobacteria","Hyphomicrobiales","Rhizobiaceae","Incertae Sedis","metagenome"
"ESV_8914","Bacteria","Pseudomonadota","Alphaproteobacteria","Hyphomicrobiales","Rhizobiaceae","Incertae Sedis","metagenome"
"ESV_8915","Bacteria","Verrucomicrobiota","Verrucomicrobiia","Chthoniobacterales","Xiphinematobacteraceae","Candidatus Xiphinematobacter","metagenome"
"ESV_8916","Bacteria","Verrucomicrobiota","Verrucomicrobiia","Chthoniobacterales","Xiphinematobacteraceae","Candidatus Xiphinematobacter","metagenome"
"ESV_8957","Bacteria","Pseudomonadota","Alphaproteobacteria","Hyphomicrobiales","Xanthobacteraceae","Incertae Sedis","uncultured bacterium"
"ESV_8959","Bacteria","Pseudomonadota","Alphaproteobacteria","Hyphomicrobiales","Xanthobacteraceae","Incertae Sedis","uncultured bacterium"
"ESV_8961","Bacteria","Pseudomonadota","Alphaproteobacteria","Rickettsiales","Mitochondria","Incertae Sedis","uncultured bacterium"
"ESV_8964","Bacteria","Pseudomonadota","Alphaproteobacteria","Rickettsiales","Mitochondria","Incertae Sedis","uncultured bacterium"
"ESV_9006","Bacteria","Pseudomonadota","Gammaproteobacteria","Burkholderiales","Comamonadaceae","Rhizobacter","metagenome"
"ESV_9013","Bacteria","Pseudomonadota","Alphaproteobacteria","Hyphomicrobiales","Rhizobiaceae","Mesorhizobium","metagenome"
"ESV_9014","Bacteria","Pseudomonadota","Gammaproteobacteria","Burkholderiales","Nitrosomonadaceae","Ellin6067","uncultured bacterium"
"ESV_9015","Bacteria","Verrucomicrobiota","Verrucomicrobiia","Chthoniobacterales","Chthoniobacteraceae","Candidatus Udaeobacter","uncultured bacterium"
"ESV_9029","Bacteria","Actinomycetota","Actinobacteria","Micrococcales","Micrococcaceae","Arthrobacter","Arthrobacter sp. FB24"
"ESV_9063","Bacteria","Pseudomonadota","Gammaproteobacteria","Burkholderiales","Comamonadaceae","Rhizobacter","metagenome"
"ESV_9070","Bacteria","Pseudomonadota","Alphaproteobacteria","Hyphomicrobiales","Rhizobiaceae","Mesorhizobium","metagenome"
"ESV_9071","Bacteria","Pseudomonadota","Gammaproteobacteria","Burkholderiales","Nitrosomonadaceae","Ellin6067","uncultured bacterium"
"ESV_9072","Bacteria","Verrucomicrobiota","Verrucomicrobiia","Chthoniobacterales","Chthoniobacteraceae","Candidatus Udaeobacter","uncultured bacterium"
"ESV_9086","Bacteria","Actinomycetota","Actinobacteria","Micrococcales","Micrococcaceae","Arthrobacter","Arthrobacter sp. FB24"
"ESV_9113","Bacteria","Actinomycetota","Acidimicrobiia","Microtrichales","Ilumatobacteraceae","Incertae Sedis","uncultured Acidimicrobiaceae bacterium"
"ESV_9114","Bacteria","Actinomycetota","Acidimicrobiia","Microtrichales","Ilumatobacteraceae","Incertae Sedis","uncultured Acidimicrobiaceae bacterium"
"ESV_9155","Bacteria","Pseudomonadota","Alphaproteobacteria","Tistrellales","Geminicoccaceae","Incertae Sedis","uncultured Rhodospirillales bacterium"
"ESV_9157","Bacteria","Pseudomonadota","Alphaproteobacteria","Tistrellales","Geminicoccaceae","Incertae Sedis","uncultured Rhodospirillales bacterium"
"ESV_9163","Bacteria","Methylomirabilota","Methylomirabilia","Rokubacteriales","Incertae Sedis","Incertae Sedis","uncultured bacterium"
"ESV_9164","Bacteria","Methylomirabilota","Methylomirabilia","Rokubacteriales","Incertae Sedis","Incertae Sedis","uncultured bacterium"
"ESV_9166","Bacteria","Cyanobacteriota","Cyanobacteriia","Chloroplast","Incertae Sedis","Incertae Sedis","Bryum argenteum"
"ESV_9171","Bacteria","Cyanobacteriota","Cyanobacteriia","Chloroplast","Incertae Sedis","Incertae Sedis","Bryum argenteum"
"ESV_9175","Bacteria","Pseudomonadota","Alphaproteobacteria","Hyphomicrobiales","Xanthobacteraceae","Incertae Sedis","uncultured bacterium"
"ESV_9176","Bacteria","Pseudomonadota","Alphaproteobacteria","Hyphomicrobiales","Xanthobacteraceae","Incertae Sedis","uncultured bacterium"
"ESV_9185","Bacteria","Pseudomonadota","Alphaproteobacteria","Hyphomicrobiales","Xanthobacteraceae","Incertae Sedis","uncultured bacterium"
"ESV_9189","Bacteria","Pseudomonadota","Alphaproteobacteria","Hyphomicrobiales","Xanthobacteraceae","Incertae Sedis","uncultured bacterium"
"ESV_9193","Bacteria","Acidobacteriota","Vicinamibacteria","Vicinamibacterales","Vicinamibacteraceae","Incertae Sedis","uncultured bacterium"
"ESV_9194","Bacteria","Acidobacteriota","Vicinamibacteria","Vicinamibacterales","Vicinamibacteraceae","Incertae Sedis","uncultured bacterium"
"ESV_9198","Bacteria","Actinomycetota","Actinobacteria","Micrococcales","Microbacteriaceae","Microbacterium","metagenome"
"ESV_9208","Bacteria","Pseudomonadota","Gammaproteobacteria","Burkholderiales","Sutterellaceae","Incertae Sedis","uncultured bacterium"
"ESV_9246","Bacteria","Pseudomonadota","Alphaproteobacteria","Rickettsiales","Mitochondria","Incertae Sedis","uncultured bacterium"
"ESV_9254","Bacteria","Acidobacteriota","Subgroup 11","Incertae Sedis","Incertae Sedis","Incertae Sedis","uncultured bacterium"
"ESV_9265","Bacteria","Actinomycetota","Actinobacteria","Micrococcales","Microbacteriaceae","Microbacterium","metagenome"
"ESV_9275","Bacteria","Pseudomonadota","Gammaproteobacteria","Burkholderiales","Sutterellaceae","Incertae Sedis","uncultured bacterium"
"ESV_9313","Bacteria","Pseudomonadota","Alphaproteobacteria","Rickettsiales","Mitochondria","Incertae Sedis","uncultured bacterium"
"ESV_9321","Bacteria","Acidobacteriota","Subgroup 11","Incertae Sedis","Incertae Sedis","Incertae Sedis","uncultured bacterium"
"ESV_9325","Bacteria","Pseudomonadota","Gammaproteobacteria","Burkholderiales","SC-I-84","Incertae Sedis","uncultured beta proteobacterium"
"ESV_9326","Bacteria","Pseudomonadota","Gammaproteobacteria","Burkholderiales","SC-I-84","Incertae Sedis","uncultured beta proteobacterium"
"ESV_9365","Bacteria","Acidobacteriota","Vicinamibacteria","Vicinamibacterales","Incertae Sedis","Incertae Sedis","uncultured bacterium"
"ESV_9366","Bacteria","Acidobacteriota","Vicinamibacteria","Vicinamibacterales","Incertae Sedis","Incertae Sedis","uncultured bacterium"
"ESV_9408","Bacteria","Actinomycetota","Acidimicrobiia","Acidimicrobiales","Acidimicrobiaceae","Acidiferrimicrobium","uncultured bacterium"
"ESV_9409","Bacteria","Pseudomonadota","Alphaproteobacteria","Hyphomicrobiales","Xanthobacteraceae","Rhodoplanes","uncultured bacterium"
"ESV_9410","Bacteria","Actinomycetota","Acidimicrobiia","Microtrichales","Incertae Sedis","Incertae Sedis","wastewater metagenome"
"ESV_9421","Bacteria","Actinomycetota","Acidimicrobiia","Acidimicrobiales","Acidimicrobiaceae","Acidiferrimicrobium","uncultured bacterium"
"ESV_9422","Bacteria","Verrucomicrobiota","Verrucomicrobiia","Chthoniobacterales","Xiphinematobacteraceae","Candidatus Xiphinematobacter","metagenome"
"ESV_9439","Bacteria","Pseudomonadota","Gammaproteobacteria","Burkholderiales","Nitrosomonadaceae","Nitrosospira","Nitrosospira multiformis ATCC 25196"
"ESV_9467","Bacteria","Actinomycetota","Acidimicrobiia","Acidimicrobiales","Acidimicrobiaceae","Acidiferrimicrobium","uncultured bacterium"
"ESV_9468","Bacteria","Pseudomonadota","Alphaproteobacteria","Hyphomicrobiales","Xanthobacteraceae","Rhodoplanes","uncultured bacterium"
"ESV_9469","Bacteria","Actinomycetota","Acidimicrobiia","Microtrichales","Incertae Sedis","Incertae Sedis","wastewater metagenome"
"ESV_9480","Bacteria","Actinomycetota","Acidimicrobiia","Acidimicrobiales","Acidimicrobiaceae","Acidiferrimicrobium","uncultured bacterium"
"ESV_9481","Bacteria","Verrucomicrobiota","Verrucomicrobiia","Chthoniobacterales","Xiphinematobacteraceae","Candidatus Xiphinematobacter","metagenome"
"ESV_9498","Bacteria","Pseudomonadota","Gammaproteobacteria","Burkholderiales","Nitrosomonadaceae","Nitrosospira","Nitrosospira multiformis ATCC 25196"
"ESV_9589","Bacteria","Actinomycetota","Acidimicrobiia","Microtrichales","Incertae Sedis","Incertae Sedis","wastewater metagenome"
"ESV_9590","Bacteria","Actinomycetota","Acidimicrobiia","Microtrichales","Incertae Sedis","Incertae Sedis","wastewater metagenome"
"ESV_9592","Bacteria","Acidobacteriota","Blastocatellia","Pyrinomonadales","Pyrinomonadaceae","Incertae Sedis","uncultured bacterium"
"ESV_9594","Bacteria","Acidobacteriota","Blastocatellia","Pyrinomonadales","Pyrinomonadaceae","Incertae Sedis","uncultured bacterium"
"ESV_9606","Bacteria","Actinomycetota","Thermoleophilia","Gaiellales","Gaiellaceae","Gaiella","uncultured bacterium"
"ESV_9612","Bacteria","Acidobacteriota","Vicinamibacteria","Vicinamibacterales","Incertae Sedis","Incertae Sedis","uncultured Acidobacteria bacterium"
"ESV_9629","Bacteria","Bacillota","Bacilli","Bacillales","Bacillaceae","Niallia","uncultured Bacillus sp."
"ESV_9638","Bacteria","Actinomycetota","Thermoleophilia","Gaiellales","Gaiellaceae","Gaiella","uncultured Conexibacter sp."
"ESV_9677","Bacteria","Actinomycetota","Thermoleophilia","Gaiellales","Gaiellaceae","Gaiella","uncultured bacterium"
"ESV_9683","Bacteria","Acidobacteriota","Vicinamibacteria","Vicinamibacterales","Incertae Sedis","Incertae Sedis","uncultured Acidobacteria bacterium"
"ESV_9700","Bacteria","Bacillota","Bacilli","Bacillales","Bacillaceae","Niallia","uncultured Bacillus sp."
"ESV_9709","Bacteria","Actinomycetota","Thermoleophilia","Gaiellales","Gaiellaceae","Gaiella","uncultured Conexibacter sp."
"ESV_9737","Bacteria","Pseudomonadota","Alphaproteobacteria","Hyphomicrobiales","Xanthobacteraceae","Incertae Sedis","uncultured bacterium"
"ESV_9738","Bacteria","Pseudomonadota","Alphaproteobacteria","Hyphomicrobiales","Xanthobacteraceae","Incertae Sedis","uncultured bacterium"
"ESV_9741","Bacteria","Actinomycetota","Thermoleophilia","Gaiellales","Gaiellaceae","Gaiella","metagenome"
"ESV_9742","Bacteria","Actinomycetota","Thermoleophilia","Gaiellales","Gaiellaceae","Gaiella","metagenome"
"ESV_9815","Bacteria","Planctomycetota","Planctomycetes","Pirellulales","Pirellulaceae","Pirellula","uncultured planctomycete"
"ESV_9816","Bacteria","Planctomycetota","Planctomycetes","Pirellulales","Pirellulaceae","Pirellula","uncultured planctomycete"
"ESV_9835","Bacteria","Pseudomonadota","Alphaproteobacteria","Tistrellales","Geminicoccaceae","Incertae Sedis","uncultured Rhodospirillales bacterium"
"ESV_9836","Bacteria","Pseudomonadota","Alphaproteobacteria","Hyphomicrobiales","Xanthobacteraceae","Bradyrhizobium","Bradyrhizobium sp. SEMIA 6399"
"ESV_9850","Bacteria","Verrucomicrobiota","Verrucomicrobiia","Chthoniobacterales","Chthoniobacteraceae","Candidatus Udaeobacter","uncultured bacterium"
"ESV_9851","Bacteria","Acidobacteriota","Vicinamibacteria","Vicinamibacterales","Vicinamibacteraceae","Incertae Sedis","uncultured bacterium"
"ESV_9855","Bacteria","Bacillota","Clostridia","Peptostreptococcales-Tissierellales","Peptostreptococcaceae","Paeniclostridium","uncultured bacterium"
"ESV_9860","Bacteria","Pseudomonadota","Gammaproteobacteria","Steroidobacterales","Steroidobacteraceae","Incertae Sedis","uncultured bacterium"
"ESV_9868","Bacteria","Bacillota","Bacilli","Bacillales","Bacillaceae","Peribacillus","[Brevibacterium] frigoritolerans"
"ESV_9879","Bacteria","Pseudomonadota","Alphaproteobacteria","Hyphomicrobiales","Xanthobacteraceae","Bradyrhizobium","Afipia sp. GAS231"
"ESV_9894","Bacteria","Pseudomonadota","Alphaproteobacteria","Tistrellales","Geminicoccaceae","Incertae Sedis","uncultured Rhodospirillales bacterium"
"ESV_9895","Bacteria","Pseudomonadota","Alphaproteobacteria","Hyphomicrobiales","Xanthobacteraceae","Bradyrhizobium","Bradyrhizobium sp. SEMIA 6399"
"ESV_9909","Bacteria","Verrucomicrobiota","Verrucomicrobiia","Chthoniobacterales","Chthoniobacteraceae","Candidatus Udaeobacter","uncultured bacterium"
"ESV_9910","Bacteria","Acidobacteriota","Vicinamibacteria","Vicinamibacterales","Vicinamibacteraceae","Incertae Sedis","uncultured bacterium"
"ESV_9914","Bacteria","Bacillota","Clostridia","Peptostreptococcales-Tissierellales","Peptostreptococcaceae","Paeniclostridium","uncultured bacterium"
"ESV_9919","Bacteria","Pseudomonadota","Gammaproteobacteria","Steroidobacterales","Steroidobacteraceae","Incertae Sedis","uncultured bacterium"
"ESV_9927","Bacteria","Bacillota","Bacilli","Bacillales","Bacillaceae","Peribacillus","[Brevibacterium] frigoritolerans"
"ESV_9938","Bacteria","Pseudomonadota","Alphaproteobacteria","Hyphomicrobiales","Xanthobacteraceae","Bradyrhizobium","Afipia sp. GAS231"
"ESV_9994","Bacteria","Pseudomonadota","Alphaproteobacteria","Hyphomicrobiales","Beijerinckiaceae","Microvirga","Microvirga ossetica"
"ESV_9995","Bacteria","Pseudomonadota","Alphaproteobacteria","Hyphomicrobiales","Beijerinckiaceae","Microvirga","Microvirga ossetica"
"ESV_9999","Bacteria","Actinomycetota","Actinobacteria","Propionibacteriales","Propionibacteriaceae","Microlunatus","uncultured bacterium"
"ESV_10005","Bacteria","Actinomycetota","Actinobacteria","Propionibacteriales","Propionibacteriaceae","Microlunatus","uncultured bacterium"
"ESV_10017","Bacteria","Acidobacteriota","Vicinamibacteria","Vicinamibacterales","Vicinamibacteraceae","Incertae Sedis","uncultured Acidobacteria bacterium"
"ESV_10018","Bacteria","Acidobacteriota","Vicinamibacteria","Vicinamibacterales","Vicinamibacteraceae","Incertae Sedis","uncultured Acidobacteria bacterium"
"ESV_10037","Bacteria","Acidobacteriota","Vicinamibacteria","Vicinamibacterales","Incertae Sedis","Incertae Sedis","uncultured Acidobacteria bacterium"
"ESV_10038","Bacteria","Acidobacteriota","Vicinamibacteria","Vicinamibacterales","Incertae Sedis","Incertae Sedis","uncultured Acidobacteria bacterium"
"ESV_10044","Bacteria","Pseudomonadota","Alphaproteobacteria","Hyphomicrobiales","Methyloligellaceae","Incertae Sedis","uncultured bacterium"
"ESV_10065","Bacteria","Verrucomicrobiota","Verrucomicrobiia","Chthoniobacterales","Chthoniobacteraceae","Candidatus Udaeobacter","uncultured bacterium"
"ESV_10104","Bacteria","Pseudomonadota","Alphaproteobacteria","Hyphomicrobiales","Methyloligellaceae","Incertae Sedis","uncultured bacterium"
"ESV_10125","Bacteria","Verrucomicrobiota","Verrucomicrobiia","Chthoniobacterales","Chthoniobacteraceae","Candidatus Udaeobacter","uncultured bacterium"
"ESV_10227","Bacteria","Verrucomicrobiota","Verrucomicrobiia","Chthoniobacterales","Chthoniobacteraceae","Candidatus Udaeobacter","uncultured bacterium"
"ESV_10228","Bacteria","Verrucomicrobiota","Verrucomicrobiia","Chthoniobacterales","Chthoniobacteraceae","Candidatus Udaeobacter","uncultured bacterium"
"ESV_10243","Bacteria","Pseudomonadota","Alphaproteobacteria","Tistrellales","Geminicoccaceae","Incertae Sedis","uncultured Rhodospirillales bacterium"
"ESV_10244","Bacteria","Pseudomonadota","Alphaproteobacteria","Tistrellales","Geminicoccaceae","Incertae Sedis","uncultured Rhodospirillales bacterium"
"ESV_10249","Bacteria","Pseudomonadota","Alphaproteobacteria","Hyphomicrobiales","Methyloligellaceae","Incertae Sedis","uncultured bacterium"
"ESV_10256","Bacteria","Pseudomonadota","Alphaproteobacteria","Hyphomicrobiales","Methyloligellaceae","Incertae Sedis","uncultured bacterium"
"ESV_10273","Bacteria","Actinomycetota","Thermoleophilia","Gaiellales","Incertae Sedis","Incertae Sedis","uncultured actinobacterium"
"ESV_10274","Bacteria","Actinomycetota","Thermoleophilia","Solirubrobacterales","67-14","Incertae Sedis","uncultured bacterium"
"ESV_10275","Bacteria","Pseudomonadota","Alphaproteobacteria","Hyphomicrobiales","Xanthobacteraceae","Incertae Sedis","uncultured bacterium"
"ESV_10337","Bacteria","Chloroflexota","KD4-96","Incertae Sedis","Incertae Sedis","Incertae Sedis","metagenome"
"ESV_10342","Bacteria","Chloroflexota","KD4-96","Incertae Sedis","Incertae Sedis","Incertae Sedis","metagenome"
"ESV_10350","Bacteria","Actinomycetota","Thermoleophilia","Gaiellales","Incertae Sedis","Incertae Sedis","uncultured actinobacterium"
"ESV_10351","Bacteria","Actinomycetota","Thermoleophilia","Solirubrobacterales","67-14","Incertae Sedis","uncultured bacterium"
"ESV_10352","Bacteria","Pseudomonadota","Alphaproteobacteria","Hyphomicrobiales","Xanthobacteraceae","Incertae Sedis","uncultured bacterium"
"ESV_10539","Bacteria","Pseudomonadota","Alphaproteobacteria","Tistrellales","Geminicoccaceae","Candidatus Alysiosphaera","uncultured Alphaproteobacteria bacterium"
"ESV_10540","Bacteria","Pseudomonadota","Alphaproteobacteria","Hyphomicrobiales","Xanthobacteraceae","Rhodoplanes","uncultured bacterium"
"ESV_10541","Bacteria","Acidobacteriota","Vicinamibacteria","Vicinamibacterales","Vicinamibacteraceae","Incertae Sedis","uncultured Acidobacteria bacterium"
"ESV_10543","Bacteria","Bacteroidota","Bacteroidia","Chitinophagales","Chitinophagaceae","Incertae Sedis","metagenome"
"ESV_10550","Bacteria","Bacillota","Bacilli","Bacillales","Bacillaceae","Niallia","uncultured Bacillus sp."
"ESV_10551","Bacteria","Acidobacteriota","Vicinamibacteria","Vicinamibacterales","Incertae Sedis","Incertae Sedis","uncultured bacterium"
"ESV_10584","Bacteria","Acidobacteriota","Vicinamibacteria","Vicinamibacterales","Vicinamibacteraceae","Incertae Sedis","uncultured bacterium"
"ESV_10621","Bacteria","Pseudomonadota","Alphaproteobacteria","Tistrellales","Geminicoccaceae","Candidatus Alysiosphaera","uncultured Alphaproteobacteria bacterium"
"ESV_10622","Bacteria","Pseudomonadota","Alphaproteobacteria","Hyphomicrobiales","Xanthobacteraceae","Rhodoplanes","uncultured bacterium"
"ESV_10623","Bacteria","Acidobacteriota","Vicinamibacteria","Vicinamibacterales","Vicinamibacteraceae","Incertae Sedis","uncultured Acidobacteria bacterium"
"ESV_10625","Bacteria","Bacteroidota","Bacteroidia","Chitinophagales","Chitinophagaceae","Incertae Sedis","metagenome"
"ESV_10632","Bacteria","Bacillota","Bacilli","Bacillales","Bacillaceae","Niallia","uncultured Bacillus sp."
"ESV_10633","Bacteria","Acidobacteriota","Vicinamibacteria","Vicinamibacterales","Incertae Sedis","Incertae Sedis","uncultured bacterium"
"ESV_10666","Bacteria","Acidobacteriota","Vicinamibacteria","Vicinamibacterales","Vicinamibacteraceae","Incertae Sedis","uncultured bacterium"
"ESV_10685","Bacteria","Actinomycetota","Thermoleophilia","Gaiellales","Gaiellaceae","Gaiella","uncultured bacterium"
"ESV_10686","Bacteria","Actinomycetota","Thermoleophilia","Gaiellales","Gaiellaceae","Gaiella","uncultured bacterium"
"ESV_10687","Bacteria","Acidobacteriota","Vicinamibacteria","Vicinamibacterales","Incertae Sedis","Incertae Sedis","uncultured bacterium"
"ESV_10689","Bacteria","Acidobacteriota","Vicinamibacteria","Vicinamibacterales","Incertae Sedis","Incertae Sedis","uncultured bacterium"
"ESV_10755","Bacteria","Pseudomonadota","Alphaproteobacteria","Hyphomicrobiales","Xanthobacteraceae","Bradyrhizobium","Afipia sp. GAS231"
"ESV_10759","Bacteria","Pseudomonadota","Alphaproteobacteria","Hyphomicrobiales","Xanthobacteraceae","Bradyrhizobium","Afipia sp. GAS231"
"ESV_10787","Bacteria","Pseudomonadota","Gammaproteobacteria","Burkholderiales","Nitrosomonadaceae","MND1","uncultured beta proteobacterium"
"ESV_10789","Bacteria","Pseudomonadota","Gammaproteobacteria","Burkholderiales","Nitrosomonadaceae","MND1","uncultured beta proteobacterium"
"ESV_10797","Bacteria","Entotheonellaeota","Entotheonellia","Entotheonellales","Entotheonellaceae","Incertae Sedis","metagenome"
"ESV_10798","Bacteria","Acidobacteriota","Vicinamibacteria","Vicinamibacterales","Incertae Sedis","Incertae Sedis","uncultured bacterium"
"ESV_10799","Bacteria","Pseudomonadota","Gammaproteobacteria","Steroidobacterales","Steroidobacteraceae","Incertae Sedis","uncultured bacterium"
"ESV_10800","Bacteria","Actinomycetota","Actinobacteria","Micrococcales","Micrococcaceae","Pseudarthrobacter","Arthrobacter sp. Hiyo4"
"ESV_10805","Bacteria","Pseudomonadota","Gammaproteobacteria","Steroidobacterales","Steroidobacteraceae","Incertae Sedis","uncultured bacterium"
"ESV_10820","Bacteria","Actinomycetota","Thermoleophilia","Gaiellales","Incertae Sedis","Incertae Sedis","uncultured bacterium"
"ESV_10821","Bacteria","Verrucomicrobiota","Verrucomicrobiia","Chthoniobacterales","Chthoniobacteraceae","Candidatus Udaeobacter","uncultured Spartobacteria bacterium"
"ESV_10822","Bacteria","Actinomycetota","MB-A2-108","Incertae Sedis","Incertae Sedis","Incertae Sedis","metagenome"
"ESV_10831","Bacteria","Actinomycetota","Actinobacteria","Propionibacteriales","Propionibacteriaceae","Microlunatus","uncultured bacterium"
"ESV_10839","Bacteria","Pseudomonadota","Alphaproteobacteria","Hyphomicrobiales","Xanthobacteraceae","Incertae Sedis","uncultured bacterium"
"ESV_10876","Bacteria","Pseudomonadota","Alphaproteobacteria","Hyphomicrobiales","Xanthobacteraceae","Incertae Sedis","uncultured bacterium"
"ESV_10896","Bacteria","Entotheonellaeota","Entotheonellia","Entotheonellales","Entotheonellaceae","Incertae Sedis","metagenome"
"ESV_10897","Bacteria","Acidobacteriota","Vicinamibacteria","Vicinamibacterales","Incertae Sedis","Incertae Sedis","uncultured bacterium"
"ESV_10898","Bacteria","Pseudomonadota","Gammaproteobacteria","Steroidobacterales","Steroidobacteraceae","Incertae Sedis","uncultured bacterium"
"ESV_10899","Bacteria","Actinomycetota","Actinobacteria","Micrococcales","Micrococcaceae","Pseudarthrobacter","Arthrobacter sp. Hiyo4"
"ESV_10904","Bacteria","Pseudomonadota","Gammaproteobacteria","Steroidobacterales","Steroidobacteraceae","Incertae Sedis","uncultured bacterium"
"ESV_10919","Bacteria","Actinomycetota","Thermoleophilia","Gaiellales","Incertae Sedis","Incertae Sedis","uncultured bacterium"
"ESV_10920","Bacteria","Verrucomicrobiota","Verrucomicrobiia","Chthoniobacterales","Chthoniobacteraceae","Candidatus Udaeobacter","uncultured Spartobacteria bacterium"
"ESV_10921","Bacteria","Actinomycetota","MB-A2-108","Incertae Sedis","Incertae Sedis","Incertae Sedis","metagenome"
"ESV_10930","Bacteria","Actinomycetota","Actinobacteria","Propionibacteriales","Propionibacteriaceae","Microlunatus","uncultured bacterium"
"ESV_10938","Bacteria","Pseudomonadota","Alphaproteobacteria","Hyphomicrobiales","Xanthobacteraceae","Incertae Sedis","uncultured bacterium"
"ESV_10975","Bacteria","Pseudomonadota","Alphaproteobacteria","Hyphomicrobiales","Xanthobacteraceae","Incertae Sedis","uncultured bacterium"
"ESV_10981","Bacteria","Actinomycetota","Actinobacteria","Micrococcales","Intrasporangiaceae","Incertae Sedis","uncultured Terrabacter sp."
"ESV_10982","Bacteria","Actinomycetota","Actinobacteria","Micrococcales","Intrasporangiaceae","Incertae Sedis","uncultured Terrabacter sp."
"ESV_10983","Bacteria","Pseudomonadota","Gammaproteobacteria","Burkholderiales","Comamonadaceae","Rhizobacter","Rhizobacter dauci"
"ESV_10984","Bacteria","Pseudomonadota","Gammaproteobacteria","Burkholderiales","Comamonadaceae","Rhizobacter","Rhizobacter dauci"
"ESV_10985","Bacteria","Actinomycetota","Thermoleophilia","Solirubrobacterales","67-14","Incertae Sedis","uncultured bacterium"
"ESV_10986","Bacteria","Actinomycetota","Thermoleophilia","Solirubrobacterales","67-14","Incertae Sedis","uncultured bacterium"
"ESV_11055","Bacteria","Pseudomonadota","Alphaproteobacteria","Hyphomicrobiales","Beijerinckiaceae","Microvirga","Microvirga ossetica"
"ESV_11056","Bacteria","Pseudomonadota","Alphaproteobacteria","Hyphomicrobiales","Beijerinckiaceae","Microvirga","Microvirga ossetica"
"ESV_11069","Bacteria","Chloroflexota","KD4-96","Incertae Sedis","Incertae Sedis","Incertae Sedis","uncultured bacterium"
"ESV_11070","Bacteria","Chloroflexota","KD4-96","Incertae Sedis","Incertae Sedis","Incertae Sedis","uncultured bacterium"
"ESV_11093","Bacteria","Actinomycetota","Actinobacteria","Mycobacteriales","Mycobacteriaceae","Mycobacterium","metagenome"
"ESV_11094","Bacteria","Actinomycetota","Actinobacteria","Mycobacteriales","Mycobacteriaceae","Mycobacterium","metagenome"
"ESV_11104","Bacteria","Bacteroidota","Bacteroidia","Chitinophagales","Chitinophagaceae","Incertae Sedis","metagenome"
"ESV_11105","Bacteria","Acidobacteriota","Vicinamibacteria","Vicinamibacterales","Vicinamibacteraceae","Incertae Sedis","uncultured bacterium"
"ESV_11110","Bacteria","Bacteroidota","Bacteroidia","Chitinophagales","Chitinophagaceae","Incertae Sedis","metagenome"
"ESV_11111","Bacteria","Acidobacteriota","Vicinamibacteria","Vicinamibacterales","Vicinamibacteraceae","Incertae Sedis","uncultured bacterium"
"ESV_11118","Bacteria","Pseudomonadota","Alphaproteobacteria","Hyphomicrobiales","Xanthobacteraceae","Incertae Sedis","uncultured Hyphomicrobiaceae bacterium"
"ESV_11120","Bacteria","Pseudomonadota","Alphaproteobacteria","Hyphomicrobiales","Xanthobacteraceae","Incertae Sedis","uncultured Hyphomicrobiaceae bacterium"
"ESV_11123","Bacteria","Myxococcota","bacteriap25","Incertae Sedis","Incertae Sedis","Incertae Sedis","uncultured bacterium"
"ESV_11132","Bacteria","Pseudomonadota","Alphaproteobacteria","Hyphomicrobiales","Xanthobacteraceae","Incertae Sedis","uncultured bacterium"
"ESV_11133","Bacteria","Pseudomonadota","Alphaproteobacteria","Reyranellales","Reyranellaceae","Reyranella","Reyranella soli"
"ESV_11134","Bacteria","Actinomycetota","Actinobacteria","Propionibacteriales","Propionibacteriaceae","Incertae Sedis","uncultured bacterium"
"ESV_11135","Bacteria","Myxococcota","bacteriap25","Incertae Sedis","Incertae Sedis","Incertae Sedis","metagenome"
"ESV_11164","Bacteria","Pseudomonadota","Gammaproteobacteria","Steroidobacterales","Steroidobacteraceae","Incertae Sedis","uncultured bacterium"
"ESV_11174","Bacteria","Pseudomonadota","Alphaproteobacteria","Hyphomicrobiales","Xanthobacteraceae","Bradyrhizobium","Afipia sp. GAS231"
"ESV_11221","Bacteria","Myxococcota","bacteriap25","Incertae Sedis","Incertae Sedis","Incertae Sedis","uncultured bacterium"
"ESV_11230","Bacteria","Pseudomonadota","Alphaproteobacteria","Hyphomicrobiales","Xanthobacteraceae","Incertae Sedis","uncultured bacterium"
"ESV_11231","Bacteria","Pseudomonadota","Alphaproteobacteria","Reyranellales","Reyranellaceae","Reyranella","Reyranella soli"
"ESV_11232","Bacteria","Actinomycetota","Actinobacteria","Propionibacteriales","Propionibacteriaceae","Incertae Sedis","uncultured bacterium"
"ESV_11233","Bacteria","Myxococcota","bacteriap25","Incertae Sedis","Incertae Sedis","Incertae Sedis","metagenome"
"ESV_11262","Bacteria","Pseudomonadota","Gammaproteobacteria","Steroidobacterales","Steroidobacteraceae","Incertae Sedis","uncultured bacterium"
"ESV_11272","Bacteria","Pseudomonadota","Alphaproteobacteria","Hyphomicrobiales","Xanthobacteraceae","Bradyrhizobium","Afipia sp. GAS231"
"ESV_11313","Bacteria","Actinomycetota","Thermoleophilia","Solirubrobacterales","67-14","Incertae Sedis","uncultured bacterium"
"ESV_11314","Bacteria","Actinomycetota","Thermoleophilia","Solirubrobacterales","67-14","Incertae Sedis","uncultured bacterium"
"ESV_11378","Bacteria","Cyanobacteriota","Cyanobacteriia","Chloroplast","Incertae Sedis","Incertae Sedis","uncultured Cyanobacterium sp."
"ESV_11384","Bacteria","Cyanobacteriota","Cyanobacteriia","Chloroplast","Incertae Sedis","Incertae Sedis","uncultured Cyanobacterium sp."
"ESV_11411","Bacteria","Actinomycetota","Thermoleophilia","Gaiellales","Incertae Sedis","Incertae Sedis","metagenome"
"ESV_11412","Bacteria","Actinomycetota","Thermoleophilia","Gaiellales","Incertae Sedis","Incertae Sedis","metagenome"
"ESV_11455","Bacteria","Gemmatimonadota","Gemmatimonadia","Gemmatimonadales","Gemmatimonadaceae","Incertae Sedis","uncultured bacterium"
"ESV_11478","Bacteria","Verrucomicrobiota","Verrucomicrobiia","Chthoniobacterales","Chthoniobacteraceae","Candidatus Udaeobacter","uncultured bacterium"
"ESV_11543","Bacteria","Gemmatimonadota","Gemmatimonadia","Gemmatimonadales","Gemmatimonadaceae","Incertae Sedis","uncultured bacterium"
"ESV_11566","Bacteria","Verrucomicrobiota","Verrucomicrobiia","Chthoniobacterales","Chthoniobacteraceae","Candidatus Udaeobacter","uncultured bacterium"
"ESV_11627","Bacteria","Actinomycetota","Acidimicrobiia","Actinomarinales","Incertae Sedis","Incertae Sedis","uncultured bacterium"
"ESV_11628","Bacteria","Actinomycetota","Acidimicrobiia","Actinomarinales","Incertae Sedis","Incertae Sedis","uncultured bacterium"
"ESV_11698","Bacteria","Bacillota","Bacilli","Bacillales","Bacillaceae","Niallia","Bacillus longiquaesitum"
"ESV_11704","Bacteria","Bacillota","Bacilli","Bacillales","Bacillaceae","Niallia","Bacillus longiquaesitum"
"ESV_11723","Bacteria","Actinomycetota","Actinobacteria","Micrococcales","Micrococcaceae","Pseudarthrobacter","Arthrobacter sp. Hiyo4"
"ESV_11724","Bacteria","Actinomycetota","Actinobacteria","Micrococcales","Micrococcaceae","Pseudarthrobacter","Arthrobacter sp. Hiyo4"
"ESV_11727","Eukaryota","Archaeplastida","Chloroplastida","Charophyta","Phragmoplastophyta","Streptophyta","Embryophyta"
"ESV_11739","Eukaryota","Archaeplastida","Chloroplastida","Charophyta","Phragmoplastophyta","Streptophyta","Embryophyta"
"ESV_11782","Bacteria","Myxococcota","bacteriap25","Incertae Sedis","Incertae Sedis","Incertae Sedis","metagenome"
"ESV_11791","Bacteria","Actinomycetota","Thermoleophilia","Gaiellales","Gaiellaceae","Gaiella","uncultured bacterium"
"ESV_11792","Bacteria","Pseudomonadota","Alphaproteobacteria","Hyphomicrobiales","Methyloligellaceae","Incertae Sedis","metagenome"
"ESV_11825","Bacteria","Pseudomonadota","Gammaproteobacteria","Burkholderiales","B1-7BS","Incertae Sedis","uncultured beta proteobacterium"
"ESV_11830","Bacteria","Actinomycetota","Actinobacteria","Micrococcales","Microbacteriaceae","Incertae Sedis","metagenome"
"ESV_11831","Bacteria","Verrucomicrobiota","Verrucomicrobiia","Chthoniobacterales","Chthoniobacteraceae","Candidatus Udaeobacter","uncultured bacterium"
"ESV_11870","Bacteria","Myxococcota","bacteriap25","Incertae Sedis","Incertae Sedis","Incertae Sedis","metagenome"
"ESV_11879","Bacteria","Actinomycetota","Thermoleophilia","Gaiellales","Gaiellaceae","Gaiella","uncultured bacterium"
"ESV_11880","Bacteria","Pseudomonadota","Alphaproteobacteria","Hyphomicrobiales","Methyloligellaceae","Incertae Sedis","metagenome"
"ESV_11913","Bacteria","Pseudomonadota","Gammaproteobacteria","Burkholderiales","B1-7BS","Incertae Sedis","uncultured beta proteobacterium"
"ESV_11918","Bacteria","Actinomycetota","Actinobacteria","Micrococcales","Microbacteriaceae","Incertae Sedis","metagenome"
"ESV_11919","Bacteria","Verrucomicrobiota","Verrucomicrobiia","Chthoniobacterales","Chthoniobacteraceae","Candidatus Udaeobacter","uncultured bacterium"
"ESV_12061","Bacteria","Actinomycetota","Thermoleophilia","Solirubrobacterales","67-14","Incertae Sedis","uncultured bacterium"
"ESV_12063","Bacteria","Actinomycetota","Thermoleophilia","Solirubrobacterales","67-14","Incertae Sedis","uncultured bacterium"
"ESV_12067","Bacteria","Actinomycetota","Thermoleophilia","Solirubrobacterales","67-14","Incertae Sedis","uncultured bacterium"
"ESV_12068","Bacteria","Actinomycetota","Thermoleophilia","Solirubrobacterales","67-14","Incertae Sedis","uncultured bacterium"
"ESV_12074","Bacteria","Bacteroidota","Bacteroidia","Sphingobacteriales","Sphingobacteriaceae","Mucilaginibacter","Mucilaginibacter vulcanisilvae"
"ESV_12085","Bacteria","Bacteroidota","Bacteroidia","Sphingobacteriales","Sphingobacteriaceae","Mucilaginibacter","Mucilaginibacter vulcanisilvae"
"ESV_12091","Bacteria","Planctomycetota","Planctomycetes","Pirellulales","Pirellulaceae","Pir4 lineage","uncultured bacterium"
"ESV_12092","Bacteria","Planctomycetota","Planctomycetes","Pirellulales","Pirellulaceae","Pir4 lineage","uncultured bacterium"
"ESV_12095","Bacteria","Pseudomonadota","Gammaproteobacteria","Lysobacterales","Lysobacteraceae","Lysobacter","uncultured bacterium"
"ESV_12096","Bacteria","Pseudomonadota","Gammaproteobacteria","Lysobacterales","Lysobacteraceae","Lysobacter","uncultured bacterium"
"ESV_12101","Bacteria","Acidobacteriota","Subgroup 11","Incertae Sedis","Incertae Sedis","Incertae Sedis","uncultured bacterium"
"ESV_12111","Bacteria","Acidobacteriota","Subgroup 11","Incertae Sedis","Incertae Sedis","Incertae Sedis","uncultured bacterium"
"ESV_12126","Bacteria","Verrucomicrobiota","Verrucomicrobiia","Chthoniobacterales","Chthoniobacteraceae","Candidatus Udaeobacter","uncultured bacterium"
"ESV_12127","Bacteria","Pseudomonadota","Alphaproteobacteria","Tistrellales","Geminicoccaceae","Candidatus Alysiosphaera","uncultured Alphaproteobacteria bacterium"
"ESV_12128","Bacteria","Verrucomicrobiota","Verrucomicrobiia","Chthoniobacterales","Chthoniobacteraceae","Candidatus Udaeobacter","uncultured bacterium"
"ESV_12129","Bacteria","Actinomycetota","Acidimicrobiia","Microtrichales","Ilumatobacteraceae","Incertae Sedis","uncultured bacterium"
"ESV_12149","Bacteria","Actinomycetota","Thermoleophilia","Gaiellales","Incertae Sedis","Incertae Sedis","uncultured Conexibacteraceae bacterium"
"ESV_12150","Bacteria","Verrucomicrobiota","Verrucomicrobiia","Chthoniobacterales","Chthoniobacteraceae","Candidatus Udaeobacter","uncultured bacterium"
"ESV_12164","Bacteria","Pseudomonadota","Alphaproteobacteria","Hyphomicrobiales","Hyphomicrobiaceae","Pedomicrobium","metagenome"
"ESV_12165","Bacteria","Actinomycetota","Thermoleophilia","Gaiellales","Incertae Sedis","Incertae Sedis","metagenome"
"ESV_12166","Bacteria","Actinomycetota","Thermoleophilia","Gaiellales","Incertae Sedis","Incertae Sedis","uncultured Conexibacteraceae bacterium"
"ESV_12211","Bacteria","Verrucomicrobiota","Verrucomicrobiia","Chthoniobacterales","Chthoniobacteraceae","Candidatus Udaeobacter","uncultured bacterium"
"ESV_12212","Bacteria","Pseudomonadota","Alphaproteobacteria","Tistrellales","Geminicoccaceae","Candidatus Alysiosphaera","uncultured Alphaproteobacteria bacterium"
"ESV_12213","Bacteria","Verrucomicrobiota","Verrucomicrobiia","Chthoniobacterales","Chthoniobacteraceae","Candidatus Udaeobacter","uncultured bacterium"
"ESV_12214","Bacteria","Actinomycetota","Acidimicrobiia","Microtrichales","Ilumatobacteraceae","Incertae Sedis","uncultured bacterium"
"ESV_12234","Bacteria","Actinomycetota","Thermoleophilia","Gaiellales","Incertae Sedis","Incertae Sedis","uncultured Conexibacteraceae bacterium"
"ESV_12235","Bacteria","Verrucomicrobiota","Verrucomicrobiia","Chthoniobacterales","Chthoniobacteraceae","Candidatus Udaeobacter","uncultured bacterium"
"ESV_12249","Bacteria","Pseudomonadota","Alphaproteobacteria","Hyphomicrobiales","Hyphomicrobiaceae","Pedomicrobium","metagenome"
"ESV_12250","Bacteria","Actinomycetota","Thermoleophilia","Gaiellales","Incertae Sedis","Incertae Sedis","metagenome"
"ESV_12251","Bacteria","Actinomycetota","Thermoleophilia","Gaiellales","Incertae Sedis","Incertae Sedis","uncultured Conexibacteraceae bacterium"
"ESV_12283","Bacteria","Planctomycetota","Planctomycetes","Pirellulales","Pirellulaceae","Pir4 lineage","uncultured bacterium"
"ESV_12284","Bacteria","Planctomycetota","Planctomycetes","Pirellulales","Pirellulaceae","Pir4 lineage","uncultured bacterium"
"ESV_12383","Bacteria","Pseudomonadota","Alphaproteobacteria","Rickettsiales","Mitochondria","Incertae Sedis","uncultured bacterium"
"ESV_12387","Bacteria","Pseudomonadota","Alphaproteobacteria","Rickettsiales","Mitochondria","Incertae Sedis","uncultured bacterium"
"ESV_12391","Bacteria","Pseudomonadota","Gammaproteobacteria","Burkholderiales","Nitrosomonadaceae","Nitrosospira","Nitrosospira briensis C-128"
"ESV_12392","Bacteria","Pseudomonadota","Gammaproteobacteria","Burkholderiales","Nitrosomonadaceae","Nitrosospira","Nitrosospira briensis C-128"
"ESV_12395","Bacteria","RCP2-54","Incertae Sedis","Incertae Sedis","Incertae Sedis","Incertae Sedis","uncultured delta proteobacterium"
"ESV_12396","Bacteria","RCP2-54","Incertae Sedis","Incertae Sedis","Incertae Sedis","Incertae Sedis","uncultured delta proteobacterium"
"ESV_12417","Bacteria","Actinomycetota","MB-A2-108","Incertae Sedis","Incertae Sedis","Incertae Sedis","metagenome"
"ESV_12418","Bacteria","Actinomycetota","MB-A2-108","Incertae Sedis","Incertae Sedis","Incertae Sedis","metagenome"
"ESV_12439","Bacteria","Acidobacteriota","Vicinamibacteria","Vicinamibacterales","Incertae Sedis","Incertae Sedis","uncultured Acidobacteria bacterium"
"ESV_12452","Bacteria","Acidobacteriota","Vicinamibacteria","Vicinamibacterales","Incertae Sedis","Incertae Sedis","uncultured Acidobacteria bacterium"
"ESV_12457","Bacteria","Pseudomonadota","Alphaproteobacteria","Hyphomicrobiales","Xanthobacteraceae","Incertae Sedis","uncultured soil bacterium"
"ESV_12458","Bacteria","Pseudomonadota","Alphaproteobacteria","Hyphomicrobiales","Xanthobacteraceae","Incertae Sedis","uncultured soil bacterium"
"ESV_12459","Bacteria","Pseudomonadota","Alphaproteobacteria","Hyphomicrobiales","Hyphomicrobiaceae","Pedomicrobium","uncultured bacterium"
"ESV_12460","Bacteria","Pseudomonadota","Alphaproteobacteria","Hyphomicrobiales","Hyphomicrobiaceae","Pedomicrobium","uncultured bacterium"
"ESV_12483","Bacteria","Pseudomonadota","Gammaproteobacteria","Burkholderiales","Sutterellaceae","Incertae Sedis","uncultured bacterium"
"ESV_12484","Bacteria","Acidobacteriota","Vicinamibacteria","Vicinamibacterales","Incertae Sedis","Incertae Sedis","uncultured Acidobacteria bacterium"
"ESV_12485","Bacteria","Actinomycetota","Acidimicrobiia","Acidimicrobiales","Acidimicrobiaceae","Acidiferrimicrobium","uncultured bacterium"
"ESV_12486","Bacteria","Pseudomonadota","Alphaproteobacteria","Hyphomicrobiales","Methyloligellaceae","Incertae Sedis","metagenome"
"ESV_12505","Bacteria","Verrucomicrobiota","Verrucomicrobiia","Chthoniobacterales","Chthoniobacteraceae","Candidatus Udaeobacter","uncultured bacterium"
"ESV_12531","Bacteria","Verrucomicrobiota","Verrucomicrobiia","Chthoniobacterales","Chthoniobacteraceae","Candidatus Udaeobacter","uncultured Spartobacteria bacterium"
"ESV_12562","Bacteria","Bacteroidota","Bacteroidia","Chitinophagales","Chitinophagaceae","Ferruginibacter","metagenome"
"ESV_12573","Bacteria","Bacteroidota","Bacteroidia","Chitinophagales","Chitinophagaceae","Ferruginibacter","metagenome"
"ESV_12590","Bacteria","Pseudomonadota","Gammaproteobacteria","Burkholderiales","Sutterellaceae","Incertae Sedis","uncultured bacterium"
"ESV_12591","Bacteria","Acidobacteriota","Vicinamibacteria","Vicinamibacterales","Incertae Sedis","Incertae Sedis","uncultured Acidobacteria bacterium"
"ESV_12592","Bacteria","Actinomycetota","Acidimicrobiia","Acidimicrobiales","Acidimicrobiaceae","Acidiferrimicrobium","uncultured bacterium"
"ESV_12593","Bacteria","Pseudomonadota","Alphaproteobacteria","Hyphomicrobiales","Methyloligellaceae","Incertae Sedis","metagenome"
"ESV_12612","Bacteria","Verrucomicrobiota","Verrucomicrobiia","Chthoniobacterales","Chthoniobacteraceae","Candidatus Udaeobacter","uncultured bacterium"
"ESV_12638","Bacteria","Verrucomicrobiota","Verrucomicrobiia","Chthoniobacterales","Chthoniobacteraceae","Candidatus Udaeobacter","uncultured Spartobacteria bacterium"
"ESV_12747","Bacteria","Pseudomonadota","Gammaproteobacteria","Enterobacterales","Erwiniaceae","Erwinia","Erwinia persicina"
"ESV_12755","Bacteria","Pseudomonadota","Gammaproteobacteria","Enterobacterales","Erwiniaceae","Erwinia","Erwinia persicina"
"ESV_12765","Bacteria","Myxococcota","bacteriap25","Incertae Sedis","Incertae Sedis","Incertae Sedis","uncultured bacterium"
"ESV_12766","Bacteria","Myxococcota","bacteriap25","Incertae Sedis","Incertae Sedis","Incertae Sedis","uncultured bacterium"
"ESV_12768","Bacteria","Chloroflexota","Anaerolineae","Anaerolineales","Anaerolineaceae","Incertae Sedis","uncultured bacterium"
"ESV_12779","Bacteria","Chloroflexota","Anaerolineae","Anaerolineales","Anaerolineaceae","Incertae Sedis","uncultured bacterium"
"ESV_12793","Bacteria","Actinomycetota","Actinobacteria","Micrococcales","Micrococcaceae","Pseudarthrobacter","Arthrobacter sp. Hiyo4"
"ESV_12794","Bacteria","Actinomycetota","Actinobacteria","Micrococcales","Micrococcaceae","Pseudarthrobacter","Arthrobacter sp. Hiyo4"
"ESV_12802","Bacteria","Acidobacteriota","Vicinamibacteria","Vicinamibacterales","Vicinamibacteraceae","Incertae Sedis","uncultured Acidobacteria bacterium"
"ESV_12814","Bacteria","Acidobacteriota","Vicinamibacteria","Vicinamibacterales","Vicinamibacteraceae","Incertae Sedis","uncultured Acidobacteria bacterium"
"ESV_12819","Bacteria","Pseudomonadota","Alphaproteobacteria","Hyphomicrobiales","Hyphomicrobiaceae","Pedomicrobium","metagenome"
"ESV_12820","Bacteria","Pseudomonadota","Alphaproteobacteria","Hyphomicrobiales","Hyphomicrobiaceae","Pedomicrobium","metagenome"
"ESV_12825","Bacteria","Acidobacteriota","Vicinamibacteria","Vicinamibacterales","Incertae Sedis","Incertae Sedis","uncultured Acidobacteria bacterium"
"ESV_12826","Bacteria","Acidobacteriota","Vicinamibacteria","Vicinamibacterales","Incertae Sedis","Incertae Sedis","uncultured Acidobacteria bacterium"
"ESV_12827","Bacteria","Pseudomonadota","Gammaproteobacteria","Gammaproteobacteria Incertae Sedis","Unknown Family","Acidibacter","metagenome"
"ESV_12828","Bacteria","Pseudomonadota","Gammaproteobacteria","Gammaproteobacteria Incertae Sedis","Unknown Family","Acidibacter","metagenome"
"ESV_12831","Bacteria","Pseudomonadota","Alphaproteobacteria","Hyphomicrobiales","Hyphomicrobiaceae","Pedomicrobium","metagenome"
"ESV_12832","Bacteria","Pseudomonadota","Alphaproteobacteria","Hyphomicrobiales","Hyphomicrobiaceae","Pedomicrobium","metagenome"
"ESV_12842","Bacteria","Actinomycetota","Acidimicrobiia","Microtrichales","Incertae Sedis","Incertae Sedis","wastewater metagenome"
"ESV_12843","Bacteria","Actinomycetota","Acidimicrobiia","Actinomarinales","Incertae Sedis","Incertae Sedis","uncultured bacterium"
"ESV_12844","Bacteria","Actinomycetota","MB-A2-108","Incertae Sedis","Incertae Sedis","Incertae Sedis","uncultured bacterium"
"ESV_12845","Bacteria","Actinomycetota","Thermoleophilia","Gaiellales","Incertae Sedis","Incertae Sedis","uncultured bacterium"
"ESV_12846","Bacteria","Actinomycetota","Thermoleophilia","Gaiellales","Gaiellaceae","Gaiella","uncultured bacterium"
"ESV_12871","Bacteria","Actinomycetota","Thermoleophilia","Gaiellales","Incertae Sedis","Incertae Sedis","uncultured Rubrobacteria bacterium"
"ESV_12872","Bacteria","Verrucomicrobiota","Verrucomicrobiia","Chthoniobacterales","Chthoniobacteraceae","Candidatus Udaeobacter","uncultured Xiphinematobacteriaceae bacterium"
"ESV_12939","Bacteria","Verrucomicrobiota","Verrucomicrobiia","Chthoniobacterales","Chthoniobacteraceae","Candidatus Udaeobacter","uncultured soil bacterium"
"ESV_12964","Bacteria","Actinomycetota","Acidimicrobiia","Microtrichales","Incertae Sedis","Incertae Sedis","wastewater metagenome"
"ESV_12965","Bacteria","Actinomycetota","Acidimicrobiia","Actinomarinales","Incertae Sedis","Incertae Sedis","uncultured bacterium"
"ESV_12966","Bacteria","Actinomycetota","MB-A2-108","Incertae Sedis","Incertae Sedis","Incertae Sedis","uncultured bacterium"
"ESV_12967","Bacteria","Actinomycetota","Thermoleophilia","Gaiellales","Incertae Sedis","Incertae Sedis","uncultured bacterium"
"ESV_12968","Bacteria","Actinomycetota","Thermoleophilia","Gaiellales","Gaiellaceae","Gaiella","uncultured bacterium"
"ESV_12993","Bacteria","Actinomycetota","Thermoleophilia","Gaiellales","Incertae Sedis","Incertae Sedis","uncultured Rubrobacteria bacterium"
"ESV_12994","Bacteria","Verrucomicrobiota","Verrucomicrobiia","Chthoniobacterales","Chthoniobacteraceae","Candidatus Udaeobacter","uncultured Xiphinematobacteriaceae bacterium"
"ESV_13061","Bacteria","Verrucomicrobiota","Verrucomicrobiia","Chthoniobacterales","Chthoniobacteraceae","Candidatus Udaeobacter","uncultured soil bacterium"
"ESV_13069","Bacteria","Pseudomonadota","Gammaproteobacteria","Lysobacterales","Lysobacteraceae","Lysobacter","uncultured bacterium"
"ESV_13070","Bacteria","Pseudomonadota","Gammaproteobacteria","Lysobacterales","Lysobacteraceae","Lysobacter","uncultured bacterium"
"ESV_13159","Bacteria","Nitrospirota","Nitrospiria","Nitrospirales","Nitrospiraceae","Nitrospira","uncultured Nitrospira sp."
"ESV_13160","Bacteria","Nitrospirota","Nitrospiria","Nitrospirales","Nitrospiraceae","Nitrospira","uncultured Nitrospira sp."
"ESV_13161","Bacteria","Actinomycetota","Actinobacteria","Micrococcales","Intrasporangiaceae","Incertae Sedis","uncultured Terrabacter sp."
"ESV_13163","Bacteria","Actinomycetota","Actinobacteria","Micrococcales","Intrasporangiaceae","Incertae Sedis","uncultured Terrabacter sp."
"ESV_13166","Bacteria","Thermodesulfobacteriota","Desulfuromonadia","Desulfuromonadales","Desulfuromonadaceae","Desulfuromonas","uncultured bacterium"
"ESV_13168","Bacteria","Thermodesulfobacteriota","Desulfuromonadia","Desulfuromonadales","Desulfuromonadaceae","Desulfuromonas","uncultured bacterium"
"ESV_13189","Bacteria","Verrucomicrobiota","Verrucomicrobiia","Chthoniobacterales","Chthoniobacteraceae","Candidatus Udaeobacter","uncultured bacterium"
"ESV_13190","Bacteria","Verrucomicrobiota","Verrucomicrobiia","Chthoniobacterales","Chthoniobacteraceae","Candidatus Udaeobacter","uncultured bacterium"
"ESV_13232","Bacteria","Acidobacteriota","Blastocatellia","Pyrinomonadales","Pyrinomonadaceae","Incertae Sedis","uncultured bacterium"
"ESV_13233","Bacteria","Acidobacteriota","Vicinamibacteria","Vicinamibacterales","Vicinamibacteraceae","Incertae Sedis","uncultured bacterium"
"ESV_13239","Bacteria","Acidobacteriota","Blastocatellia","Pyrinomonadales","Pyrinomonadaceae","Incertae Sedis","uncultured bacterium"
"ESV_13240","Bacteria","Acidobacteriota","Vicinamibacteria","Vicinamibacterales","Vicinamibacteraceae","Incertae Sedis","uncultured bacterium"
"ESV_13263","Bacteria","Actinomycetota","Acidimicrobiia","Acidimicrobiales","Acidimicrobiaceae","Acidiferrimicrobium","uncultured bacterium"
"ESV_13264","Bacteria","Actinomycetota","Thermoleophilia","Solirubrobacterales","67-14","Incertae Sedis","uncultured bacterium"
"ESV_13265","Bacteria","Actinomycetota","Thermoleophilia","Solirubrobacterales","67-14","Incertae Sedis","uncultured bacterium"
"ESV_13266","Bacteria","Actinomycetota","Thermoleophilia","Gaiellales","Gaiellaceae","Gaiella","uncultured actinobacterium"
"ESV_13394","Bacteria","Actinomycetota","Acidimicrobiia","Acidimicrobiales","Acidimicrobiaceae","Acidiferrimicrobium","uncultured bacterium"
"ESV_13395","Bacteria","Actinomycetota","Thermoleophilia","Solirubrobacterales","67-14","Incertae Sedis","uncultured bacterium"
"ESV_13396","Bacteria","Actinomycetota","Thermoleophilia","Solirubrobacterales","67-14","Incertae Sedis","uncultured bacterium"
"ESV_13397","Bacteria","Actinomycetota","Thermoleophilia","Gaiellales","Gaiellaceae","Gaiella","uncultured actinobacterium"
"ESV_13665","Bacteria","Pseudomonadota","Alphaproteobacteria","Hyphomicrobiales","Methyloligellaceae","Incertae Sedis","uncultured bacterium"
"ESV_13667","Bacteria","Pseudomonadota","Alphaproteobacteria","Hyphomicrobiales","Methyloligellaceae","Incertae Sedis","uncultured bacterium"
"ESV_13697","Bacteria","Verrucomicrobiota","Verrucomicrobiia","Chthoniobacterales","Chthoniobacteraceae","Candidatus Udaeobacter","uncultured bacterium"
"ESV_13698","Bacteria","Verrucomicrobiota","Verrucomicrobiia","Chthoniobacterales","Chthoniobacteraceae","Candidatus Udaeobacter","uncultured bacterium"
"ESV_13763","Bacteria","Pseudomonadota","Alphaproteobacteria","Tistrellales","Geminicoccaceae","Incertae Sedis","uncultured bacterium"
"ESV_13764","Bacteria","Pseudomonadota","Gammaproteobacteria","Burkholderiales","SC-I-84","Incertae Sedis","uncultured beta proteobacterium"
"ESV_13765","Bacteria","Actinomycetota","Thermoleophilia","Gaiellales","Incertae Sedis","Incertae Sedis","uncultured actinobacterium"
"ESV_13790","Bacteria","Verrucomicrobiota","Verrucomicrobiia","Chthoniobacterales","Chthoniobacteraceae","Candidatus Udaeobacter","uncultured bacterium"
"ESV_13884","Bacteria","Pseudomonadota","Alphaproteobacteria","Tistrellales","Geminicoccaceae","Incertae Sedis","uncultured bacterium"
"ESV_13885","Bacteria","Pseudomonadota","Gammaproteobacteria","Burkholderiales","SC-I-84","Incertae Sedis","uncultured beta proteobacterium"
"ESV_13886","Bacteria","Actinomycetota","Thermoleophilia","Gaiellales","Incertae Sedis","Incertae Sedis","uncultured actinobacterium"
"ESV_13911","Bacteria","Verrucomicrobiota","Verrucomicrobiia","Chthoniobacterales","Chthoniobacteraceae","Candidatus Udaeobacter","uncultured bacterium"
"ESV_13993","Bacteria","Bacillota","Clostridia","Clostridiales","Clostridiaceae","Clostridium","Clostridium vincentii"
"ESV_13994","Bacteria","Bacillota","Clostridia","Clostridiales","Clostridiaceae","Clostridium","Clostridium vincentii"
"ESV_13995","Bacteria","Actinomycetota","Actinobacteria","Micrococcales","Intrasporangiaceae","Incertae Sedis","uncultured Terrabacter sp."
"ESV_13996","Bacteria","Actinomycetota","Actinobacteria","Micrococcales","Intrasporangiaceae","Incertae Sedis","uncultured Terrabacter sp."
"ESV_14001","Bacteria","Actinomycetota","MB-A2-108","Incertae Sedis","Incertae Sedis","Incertae Sedis","uncultured bacterium"
"ESV_14002","Bacteria","Actinomycetota","MB-A2-108","Incertae Sedis","Incertae Sedis","Incertae Sedis","uncultured bacterium"
"ESV_14123","Bacteria","Actinomycetota","Thermoleophilia","Gaiellales","Incertae Sedis","Incertae Sedis","uncultured bacterium"
"ESV_14124","Bacteria","Actinomycetota","Thermoleophilia","Gaiellales","Incertae Sedis","Incertae Sedis","uncultured bacterium"
"ESV_14189","Bacteria","Gemmatimonadota","Gemmatimonadia","Gemmatimonadales","Gemmatimonadaceae","Incertae Sedis","uncultured Gemmatimonas sp."
"ESV_14190","Bacteria","Gemmatimonadota","Gemmatimonadia","Gemmatimonadales","Gemmatimonadaceae","Incertae Sedis","uncultured Gemmatimonas sp."
"ESV_14213","Bacteria","Pseudomonadota","Alphaproteobacteria","Hyphomicrobiales","Beijerinckiaceae","Microvirga","uncultured bacterium"
"ESV_14214","Bacteria","Pseudomonadota","Alphaproteobacteria","Hyphomicrobiales","Beijerinckiaceae","Microvirga","uncultured bacterium"
"ESV_14227","Bacteria","Actinomycetota","Acidimicrobiia","Microtrichales","Iamiaceae","Iamia","metagenome"
"ESV_14228","Bacteria","Actinomycetota","Actinobacteria","Micrococcales","Microbacteriaceae","Agromyces","Agromyces sp. JCM 28256"
"ESV_14229","Bacteria","Pseudomonadota","Alphaproteobacteria","Hyphomicrobiales","Rhizobiaceae","Mesorhizobium","metagenome"
"ESV_14230","Bacteria","Actinomycetota","Actinobacteria","Micrococcales","Microbacteriaceae","Agromyces","Agromyces ramosus"
"ESV_14231","Bacteria","Actinomycetota","Thermoleophilia","Solirubrobacterales","67-14","Incertae Sedis","metagenome"
"ESV_14255","Bacteria","Pseudomonadota","Alphaproteobacteria","Hyphomicrobiales","Xanthobacteraceae","Incertae Sedis","uncultured Xanthobacteraceae bacterium"
"ESV_14283","Bacteria","Pseudomonadota","Alphaproteobacteria","Hyphomicrobiales","Hyphomicrobiaceae","Pedomicrobium","uncultured bacterium"
"ESV_14284","Bacteria","Actinomycetota","MB-A2-108","Incertae Sedis","Incertae Sedis","Incertae Sedis","uncultured bacterium"
"ESV_14297","Bacteria","Gemmatimonadota","Gemmatimonadia","Gemmatimonadales","Gemmatimonadaceae","Incertae Sedis","uncultured Gemmatimonas sp."
"ESV_14319","Bacteria","Pseudomonadota","Gammaproteobacteria","Burkholderiales","Nitrosomonadaceae","IS-44","uncultured bacterium"
"ESV_14372","Bacteria","Actinomycetota","Acidimicrobiia","Microtrichales","Iamiaceae","Iamia","metagenome"
"ESV_14373","Bacteria","Actinomycetota","Actinobacteria","Micrococcales","Microbacteriaceae","Agromyces","Agromyces sp. JCM 28256"
"ESV_14374","Bacteria","Pseudomonadota","Alphaproteobacteria","Hyphomicrobiales","Rhizobiaceae","Mesorhizobium","metagenome"
"ESV_14375","Bacteria","Actinomycetota","Actinobacteria","Micrococcales","Microbacteriaceae","Agromyces","Agromyces ramosus"
"ESV_14376","Bacteria","Actinomycetota","Thermoleophilia","Solirubrobacterales","67-14","Incertae Sedis","metagenome"
"ESV_14400","Bacteria","Pseudomonadota","Alphaproteobacteria","Hyphomicrobiales","Xanthobacteraceae","Incertae Sedis","uncultured Xanthobacteraceae bacterium"
"ESV_14428","Bacteria","Pseudomonadota","Alphaproteobacteria","Hyphomicrobiales","Hyphomicrobiaceae","Pedomicrobium","uncultured bacterium"
"ESV_14429","Bacteria","Actinomycetota","MB-A2-108","Incertae Sedis","Incertae Sedis","Incertae Sedis","uncultured bacterium"
"ESV_14442","Bacteria","Gemmatimonadota","Gemmatimonadia","Gemmatimonadales","Gemmatimonadaceae","Incertae Sedis","uncultured Gemmatimonas sp."
"ESV_14464","Bacteria","Pseudomonadota","Gammaproteobacteria","Burkholderiales","Nitrosomonadaceae","IS-44","uncultured bacterium"
"ESV_14503","Bacteria","Actinomycetota","Actinobacteria","Mycobacteriales","Mycobacteriaceae","Mycobacterium","Mycobacterium sp. 1274761.0"
"ESV_14504","Bacteria","Actinomycetota","Actinobacteria","Mycobacteriales","Mycobacteriaceae","Mycobacterium","Mycobacterium sp. 1274761.0"
"ESV_14631","Bacteria","Bacteroidota","Bacteroidia","Chitinophagales","Chitinophagaceae","Incertae Sedis","uncultured bacterium"
"ESV_14632","Bacteria","Bacteroidota","Bacteroidia","Chitinophagales","Chitinophagaceae","Incertae Sedis","uncultured bacterium"
"ESV_14633","Bacteria","Cyanobacteriota","Cyanobacteriia","Chloroplast","Incertae Sedis","Incertae Sedis","uncultured bacterium"
"ESV_14635","Bacteria","Cyanobacteriota","Cyanobacteriia","Chloroplast","Incertae Sedis","Incertae Sedis","uncultured bacterium"
"ESV_14649","Bacteria","Pseudomonadota","Alphaproteobacteria","Hyphomicrobiales","Methyloligellaceae","Incertae Sedis","uncultured bacterium"
"ESV_14650","Bacteria","Pseudomonadota","Alphaproteobacteria","Hyphomicrobiales","Methyloligellaceae","Incertae Sedis","uncultured bacterium"
"ESV_14653","Bacteria","Actinomycetota","Actinobacteria","Micrococcales","Intrasporangiaceae","Humibacillus","Humibacillus xanthopallidus"
"ESV_14654","Bacteria","Actinomycetota","Actinobacteria","Micrococcales","Intrasporangiaceae","Humibacillus","Humibacillus xanthopallidus"
"ESV_14727","Bacteria","Acidobacteriota","Vicinamibacteria","Vicinamibacterales","Incertae Sedis","Incertae Sedis","uncultured Acidobacteria bacterium"
"ESV_14728","Bacteria","Acidobacteriota","Vicinamibacteria","Vicinamibacterales","Incertae Sedis","Incertae Sedis","uncultured Acidobacteria bacterium"
"ESV_14743","Bacteria","Pseudomonadota","Alphaproteobacteria","Reyranellales","Reyranellaceae","Reyranella","uncultured bacterium"
"ESV_14744","Bacteria","Pseudomonadota","Gammaproteobacteria","Burkholderiales","TRA3-20","Incertae Sedis","uncultured bacterium"
"ESV_14745","Bacteria","Pseudomonadota","Alphaproteobacteria","Hyphomicrobiales","Methyloligellaceae","Incertae Sedis","uncultured bacterium"
"ESV_14746","Bacteria","Acidobacteriota","Vicinamibacteria","Vicinamibacterales","Vicinamibacteraceae","Incertae Sedis","uncultured Acidobacteria bacterium"
"ESV_14747","Bacteria","Pseudomonadota","Alphaproteobacteria","Hyphomicrobiales","Hyphomicrobiaceae","Pedomicrobium","uncultured bacterium"
"ESV_14764","Bacteria","Verrucomicrobiota","Verrucomicrobiia","Chthoniobacterales","Chthoniobacteraceae","Candidatus Udaeobacter","uncultured bacterium"
"ESV_14765","Bacteria","Verrucomicrobiota","Verrucomicrobiia","Chthoniobacterales","Chthoniobacteraceae","Candidatus Udaeobacter","uncultured Xiphinematobacteriaceae bacterium"
"ESV_14766","Bacteria","Myxococcota","bacteriap25","Incertae Sedis","Incertae Sedis","Incertae Sedis","uncultured bacterium"
"ESV_14814","Bacteria","Actinomycetota","MB-A2-108","Incertae Sedis","Incertae Sedis","Incertae Sedis","metagenome"
"ESV_14885","Bacteria","Pseudomonadota","Alphaproteobacteria","Reyranellales","Reyranellaceae","Reyranella","uncultured bacterium"
"ESV_14886","Bacteria","Pseudomonadota","Gammaproteobacteria","Burkholderiales","TRA3-20","Incertae Sedis","uncultured bacterium"
"ESV_14887","Bacteria","Pseudomonadota","Alphaproteobacteria","Hyphomicrobiales","Methyloligellaceae","Incertae Sedis","uncultured bacterium"
"ESV_14888","Bacteria","Acidobacteriota","Vicinamibacteria","Vicinamibacterales","Vicinamibacteraceae","Incertae Sedis","uncultured Acidobacteria bacterium"
"ESV_14889","Bacteria","Pseudomonadota","Alphaproteobacteria","Hyphomicrobiales","Hyphomicrobiaceae","Pedomicrobium","uncultured bacterium"
"ESV_14906","Bacteria","Verrucomicrobiota","Verrucomicrobiia","Chthoniobacterales","Chthoniobacteraceae","Candidatus Udaeobacter","uncultured bacterium"
"ESV_14907","Bacteria","Verrucomicrobiota","Verrucomicrobiia","Chthoniobacterales","Chthoniobacteraceae","Candidatus Udaeobacter","uncultured Xiphinematobacteriaceae bacterium"
"ESV_14908","Bacteria","Myxococcota","bacteriap25","Incertae Sedis","Incertae Sedis","Incertae Sedis","uncultured bacterium"
"ESV_14956","Bacteria","Actinomycetota","MB-A2-108","Incertae Sedis","Incertae Sedis","Incertae Sedis","metagenome"
"ESV_15191","Bacteria","Acidobacteriota","Vicinamibacteria","Vicinamibacterales","Incertae Sedis","Incertae Sedis","uncultured Acidobacteria bacterium"
"ESV_15192","Bacteria","Acidobacteriota","Vicinamibacteria","Vicinamibacterales","Incertae Sedis","Incertae Sedis","uncultured Acidobacteria bacterium"
"ESV_15197","Bacteria","Pseudomonadota","Gammaproteobacteria","Burkholderiales","SC-I-84","Incertae Sedis","uncultured beta proteobacterium"
"ESV_15198","Bacteria","Pseudomonadota","Gammaproteobacteria","Burkholderiales","SC-I-84","Incertae Sedis","uncultured beta proteobacterium"
"ESV_15200","Bacteria","Pseudomonadota","Alphaproteobacteria","Rickettsiales","Mitochondria","Incertae Sedis","Pythium ultimum"
"ESV_15202","Bacteria","Pseudomonadota","Alphaproteobacteria","Rickettsiales","Mitochondria","Incertae Sedis","Pythium ultimum"
"ESV_15203","Bacteria","Acidobacteriota","Vicinamibacteria","Vicinamibacterales","Incertae Sedis","Incertae Sedis","uncultured bacterium"
"ESV_15204","Bacteria","Acidobacteriota","Vicinamibacteria","Vicinamibacterales","Incertae Sedis","Incertae Sedis","uncultured bacterium"
"ESV_15227","Bacteria","Nitrospirota","Nitrospiria","Nitrospirales","Nitrospiraceae","Nitrospira","uncultured Nitrospira sp."
"ESV_15228","Bacteria","Nitrospirota","Nitrospiria","Nitrospirales","Nitrospiraceae","Nitrospira","uncultured Nitrospira sp."
"ESV_15235","Bacteria","Pseudomonadota","Alphaproteobacteria","Hyphomicrobiales","Methyloligellaceae","Incertae Sedis","uncultured bacterium"
"ESV_15256","Bacteria","Pseudomonadota","Alphaproteobacteria","Hyphomicrobiales","Methyloligellaceae","Incertae Sedis","uncultured bacterium"
"ESV_15273","Bacteria","Pseudomonadota","Gammaproteobacteria","Lysobacterales","Lysobacteraceae","Lysobacter","uncultured bacterium"
"ESV_15274","Bacteria","Pseudomonadota","Gammaproteobacteria","Lysobacterales","Lysobacteraceae","Lysobacter","uncultured bacterium"
"ESV_15279","Bacteria","Actinomycetota","Thermoleophilia","Gaiellales","Incertae Sedis","Incertae Sedis","uncultured actinobacterium"
"ESV_15283","Bacteria","Pseudomonadota","Gammaproteobacteria","Burkholderiales","Nitrosomonadaceae","IS-44","uncultured bacterium"
"ESV_15292","Bacteria","Actinomycetota","Thermoleophilia","Gaiellales","Incertae Sedis","Incertae Sedis","uncultured actinobacterium"
"ESV_15296","Bacteria","Pseudomonadota","Gammaproteobacteria","Burkholderiales","Nitrosomonadaceae","IS-44","uncultured bacterium"
"ESV_15307","Bacteria","Actinomycetota","Acidimicrobiia","Actinomarinales","Incertae Sedis","Incertae Sedis","uncultured actinobacterium"
"ESV_15308","Bacteria","Actinomycetota","Acidimicrobiia","Actinomarinales","Incertae Sedis","Incertae Sedis","uncultured actinobacterium"
"ESV_15323","Bacteria","Actinomycetota","Actinobacteria","Micrococcales","Intrasporangiaceae","Lapillicoccus","metagenome"
"ESV_15324","Bacteria","Pseudomonadota","Alphaproteobacteria","Reyranellales","Reyranellaceae","Reyranella","Reyranella soli"
"ESV_15361","Bacteria","Pseudomonadota","Gammaproteobacteria","Lysobacterales","Lysobacteraceae","Lysobacter","uncultured bacterium"
"ESV_15362","Bacteria","Pseudomonadota","Alphaproteobacteria","Hyphomicrobiales","Beijerinckiaceae","Microvirga","metagenome"
"ESV_15401","Bacteria","Acidobacteriota","Vicinamibacteria","Subgroup 17","Incertae Sedis","Incertae Sedis","uncultured Acidobacteria bacterium"
"ESV_15440","Bacteria","Actinomycetota","Thermoleophilia","Gaiellales","Gaiellaceae","Gaiella","uncultured actinobacterium"
"ESV_15441","Bacteria","Actinomycetota","Thermoleophilia","Gaiellales","Gaiellaceae","Gaiella","uncultured actinobacterium"
"ESV_15457","Bacteria","Actinomycetota","Actinobacteria","Micrococcales","Intrasporangiaceae","Lapillicoccus","metagenome"
"ESV_15458","Bacteria","Pseudomonadota","Alphaproteobacteria","Reyranellales","Reyranellaceae","Reyranella","Reyranella soli"
"ESV_15495","Bacteria","Pseudomonadota","Gammaproteobacteria","Lysobacterales","Lysobacteraceae","Lysobacter","uncultured bacterium"
"ESV_15496","Bacteria","Pseudomonadota","Alphaproteobacteria","Hyphomicrobiales","Beijerinckiaceae","Microvirga","metagenome"
"ESV_15535","Bacteria","Acidobacteriota","Vicinamibacteria","Subgroup 17","Incertae Sedis","Incertae Sedis","uncultured Acidobacteria bacterium"
"ESV_15577","Bacteria","Actinomycetota","Thermoleophilia","Gaiellales","Gaiellaceae","Gaiella","uncultured actinobacterium"
"ESV_15578","Bacteria","Actinomycetota","Thermoleophilia","Gaiellales","Gaiellaceae","Gaiella","uncultured actinobacterium"
"ESV_15579","Bacteria","Pseudomonadota","Alphaproteobacteria","Hyphomicrobiales","Hyphomicrobiaceae","Pedomicrobium","uncultured bacterium"
"ESV_15580","Bacteria","Pseudomonadota","Alphaproteobacteria","Hyphomicrobiales","Hyphomicrobiaceae","Pedomicrobium","uncultured bacterium"
"ESV_15704","Bacteria","Pseudomonadota","Alphaproteobacteria","Rickettsiales","Mitochondria","Incertae Sedis","Spongospora subterranea"
"ESV_15713","Bacteria","Pseudomonadota","Alphaproteobacteria","Rickettsiales","Mitochondria","Incertae Sedis","Spongospora subterranea"
"ESV_15726","Bacteria","Bacteroidota","Bacteroidia","Bacteroidales","Bacteroidaceae","Bacteroides","Bacteroides dorei CL03T12C01"
"ESV_15730","Bacteria","Bacteroidota","Bacteroidia","Bacteroidales","Bacteroidaceae","Bacteroides","Bacteroides dorei CL03T12C01"
"ESV_15739","Bacteria","Cyanobacteriota","Cyanobacteriia","Chloroplast","Incertae Sedis","Incertae Sedis","uncultured bacterium"
"ESV_15751","Bacteria","Cyanobacteriota","Cyanobacteriia","Chloroplast","Incertae Sedis","Incertae Sedis","uncultured bacterium"
"ESV_15765","Bacteria","Cyanobacteriota","Cyanobacteriia","Chloroplast","Incertae Sedis","Incertae Sedis","Klebsormidium nitens"
"ESV_15766","Bacteria","Pseudomonadota","Gammaproteobacteria","Pseudomonadales","Pseudomonadaceae","Pseudomonas","Pseudomonas syringae pv. panici str. LMG 2367"
"ESV_15784","Bacteria","Cyanobacteriota","Cyanobacteriia","Chloroplast","Incertae Sedis","Incertae Sedis","Klebsormidium nitens"
"ESV_15785","Bacteria","Pseudomonadota","Gammaproteobacteria","Pseudomonadales","Pseudomonadaceae","Pseudomonas","Pseudomonas syringae pv. panici str. LMG 2367"
"ESV_15813","Bacteria","Acidobacteriota","Vicinamibacteria","Vicinamibacterales","Incertae Sedis","Incertae Sedis","uncultured Acidobacteria bacterium"
"ESV_15831","Bacteria","Acidobacteriota","Vicinamibacteria","Vicinamibacterales","Incertae Sedis","Incertae Sedis","uncultured Acidobacteria bacterium"
"ESV_15866","Bacteria","Actinomycetota","Acidimicrobiia","Microtrichales","Incertae Sedis","Incertae Sedis","uncultured bacterium"
"ESV_15867","Bacteria","Pseudomonadota","Alphaproteobacteria","Hyphomicrobiales","Methyloligellaceae","Incertae Sedis","uncultured bacterium"
"ESV_15868","Bacteria","Pseudomonadota","Alphaproteobacteria","Hyphomicrobiales","Xanthobacteraceae","Incertae Sedis","uncultured bacterium"
"ESV_15869","Bacteria","Nitrospirota","Nitrospiria","Nitrospirales","Nitrospiraceae","Nitrospira","uncultured bacterium"
"ESV_15870","Bacteria","Pseudomonadota","Alphaproteobacteria","Hyphomicrobiales","Xanthobacteraceae","Rhodoplanes","uncultured Rhodoplanes sp."
"ESV_15924","Bacteria","Pseudomonadota","Alphaproteobacteria","Hyphomicrobiales","Xanthobacteraceae","Bradyrhizobium","Bradyrhizobium sp. SEMIA 6399"
"ESV_15925","Bacteria","Pseudomonadota","Gammaproteobacteria","Burkholderiales","Sutterellaceae","Incertae Sedis","uncultured bacterium"
"ESV_15946","Bacteria","Pseudomonadota","Alphaproteobacteria","Hyphomicrobiales","Xanthobacteraceae","Incertae Sedis","uncultured bacterium"
"ESV_16006","Bacteria","Actinomycetota","Acidimicrobiia","Microtrichales","Incertae Sedis","Incertae Sedis","uncultured bacterium"
"ESV_16007","Bacteria","Pseudomonadota","Alphaproteobacteria","Hyphomicrobiales","Methyloligellaceae","Incertae Sedis","uncultured bacterium"
"ESV_16008","Bacteria","Pseudomonadota","Alphaproteobacteria","Hyphomicrobiales","Xanthobacteraceae","Incertae Sedis","uncultured bacterium"
"ESV_16009","Bacteria","Nitrospirota","Nitrospiria","Nitrospirales","Nitrospiraceae","Nitrospira","uncultured bacterium"
"ESV_16010","Bacteria","Pseudomonadota","Alphaproteobacteria","Hyphomicrobiales","Xanthobacteraceae","Rhodoplanes","uncultured Rhodoplanes sp."
"ESV_16064","Bacteria","Pseudomonadota","Alphaproteobacteria","Hyphomicrobiales","Xanthobacteraceae","Bradyrhizobium","Bradyrhizobium sp. SEMIA 6399"
"ESV_16065","Bacteria","Pseudomonadota","Gammaproteobacteria","Burkholderiales","Sutterellaceae","Incertae Sedis","uncultured bacterium"
"ESV_16086","Bacteria","Pseudomonadota","Alphaproteobacteria","Hyphomicrobiales","Xanthobacteraceae","Incertae Sedis","uncultured bacterium"
"ESV_16295","Bacteria","Actinomycetota","Actinobacteria","Propionibacteriales","Propionibacteriaceae","Microlunatus","uncultured bacterium"
"ESV_16302","Bacteria","Actinomycetota","Actinobacteria","Propionibacteriales","Propionibacteriaceae","Microlunatus","uncultured bacterium"
"ESV_16309","Bacteria","Pseudomonadota","Alphaproteobacteria","Hyphomicrobiales","Xanthobacteraceae","Incertae Sedis","uncultured bacterium"
"ESV_16310","Bacteria","Pseudomonadota","Alphaproteobacteria","Hyphomicrobiales","Xanthobacteraceae","Incertae Sedis","uncultured bacterium"
"ESV_16335","Bacteria","Pseudomonadota","Alphaproteobacteria","Hyphomicrobiales","Xanthobacteraceae","Incertae Sedis","uncultured bacterium"
"ESV_16336","Bacteria","Pseudomonadota","Alphaproteobacteria","Hyphomicrobiales","Xanthobacteraceae","Incertae Sedis","uncultured bacterium"
"ESV_16354","Bacteria","Pseudomonadota","Alphaproteobacteria","Hyphomicrobiales","Methyloligellaceae","Incertae Sedis","metagenome"
"ESV_16358","Bacteria","Bacteroidota","Bacteroidia","Sphingobacteriales","Sphingobacteriaceae","Mucilaginibacter","Mucilaginibacter vulcanisilvae"
"ESV_16359","Bacteria","Cyanobacteriota","Cyanobacteriia","Chloroplast","Incertae Sedis","Incertae Sedis","uncultured bacterium"
"ESV_16379","Bacteria","Pseudomonadota","Alphaproteobacteria","Hyphomicrobiales","Methyloligellaceae","Incertae Sedis","metagenome"
"ESV_16383","Bacteria","Bacteroidota","Bacteroidia","Sphingobacteriales","Sphingobacteriaceae","Mucilaginibacter","Mucilaginibacter vulcanisilvae"
"ESV_16384","Bacteria","Cyanobacteriota","Cyanobacteriia","Chloroplast","Incertae Sedis","Incertae Sedis","uncultured bacterium"
"ESV_16397","Bacteria","Bacteroidota","Bacteroidia","Chitinophagales","Chitinophagaceae","Terrimonas","uncultured bacterium"
"ESV_16398","Bacteria","Bacteroidota","Bacteroidia","Chitinophagales","Chitinophagaceae","Terrimonas","uncultured bacterium"
"ESV_16399","Bacteria","Actinomycetota","Thermoleophilia","Solirubrobacterales","67-14","Incertae Sedis","uncultured bacterium"
"ESV_16400","Bacteria","Actinomycetota","Thermoleophilia","Solirubrobacterales","67-14","Incertae Sedis","uncultured bacterium"
"ESV_16433","Bacteria","Bacteroidota","Bacteroidia","Cytophagales","Microscillaceae","Incertae Sedis","uncultured bacterium"
"ESV_16435","Bacteria","Bacteroidota","Bacteroidia","Cytophagales","Microscillaceae","Incertae Sedis","uncultured bacterium"
"ESV_16443","Bacteria","Acidobacteriota","Holophagae","Subgroup 7","Incertae Sedis","Incertae Sedis","uncultured bacterium"
"ESV_16444","Bacteria","Acidobacteriota","Holophagae","Subgroup 7","Incertae Sedis","Incertae Sedis","uncultured bacterium"
"ESV_16455","Bacteria","Actinomycetota","Thermoleophilia","Solirubrobacterales","67-14","Incertae Sedis","uncultured bacterium"
"ESV_16458","Bacteria","Pseudomonadota","Gammaproteobacteria","Burkholderiales","Sutterellaceae","Incertae Sedis","uncultured bacterium"
"ESV_16459","Bacteria","Actinomycetota","Thermoleophilia","Solirubrobacterales","67-14","Incertae Sedis","uncultured bacterium"
"ESV_16460","Bacteria","Actinomycetota","Thermoleophilia","Gaiellales","Gaiellaceae","Gaiella","uncultured actinobacterium"
"ESV_16492","Bacteria","Actinomycetota","Thermoleophilia","Gaiellales","Gaiellaceae","Gaiella","uncultured actinobacterium"
"ESV_16512","Bacteria","Actinomycetota","Actinobacteria","Propionibacteriales","Nocardioidaceae","Nocardioides","uncultured bacterium"
"ESV_16521","Bacteria","Pseudomonadota","Alphaproteobacteria","Hyphomicrobiales","Methyloligellaceae","Incertae Sedis","metagenome"
"ESV_16554","Bacteria","Bacteroidota","Bacteroidia","Chitinophagales","Chitinophagaceae","Incertae Sedis","metagenome"
"ESV_16555","Bacteria","Pseudomonadota","Gammaproteobacteria","Burkholderiales","Nitrosomonadaceae","Nitrosospira","Nitrosospira lacus"
"ESV_16589","Bacteria","Pseudomonadota","Alphaproteobacteria","Hyphomicrobiales","Hyphomicrobiaceae","Pedomicrobium","metagenome"
"ESV_16590","Bacteria","Acidobacteriota","Vicinamibacteria","Vicinamibacterales","Vicinamibacteraceae","Incertae Sedis","uncultured Acidobacteria bacterium"
"ESV_16611","Bacteria","Actinomycetota","Thermoleophilia","Solirubrobacterales","67-14","Incertae Sedis","uncultured bacterium"
"ESV_16614","Bacteria","Pseudomonadota","Gammaproteobacteria","Burkholderiales","Sutterellaceae","Incertae Sedis","uncultured bacterium"
"ESV_16615","Bacteria","Actinomycetota","Thermoleophilia","Solirubrobacterales","67-14","Incertae Sedis","uncultured bacterium"
"ESV_16616","Bacteria","Actinomycetota","Thermoleophilia","Gaiellales","Gaiellaceae","Gaiella","uncultured actinobacterium"
"ESV_16648","Bacteria","Actinomycetota","Thermoleophilia","Gaiellales","Gaiellaceae","Gaiella","uncultured actinobacterium"
"ESV_16668","Bacteria","Actinomycetota","Actinobacteria","Propionibacteriales","Nocardioidaceae","Nocardioides","uncultured bacterium"
"ESV_16677","Bacteria","Pseudomonadota","Alphaproteobacteria","Hyphomicrobiales","Methyloligellaceae","Incertae Sedis","metagenome"
"ESV_16710","Bacteria","Bacteroidota","Bacteroidia","Chitinophagales","Chitinophagaceae","Incertae Sedis","metagenome"
"ESV_16711","Bacteria","Pseudomonadota","Gammaproteobacteria","Burkholderiales","Nitrosomonadaceae","Nitrosospira","Nitrosospira lacus"
"ESV_16745","Bacteria","Pseudomonadota","Alphaproteobacteria","Hyphomicrobiales","Hyphomicrobiaceae","Pedomicrobium","metagenome"
"ESV_16746","Bacteria","Acidobacteriota","Vicinamibacteria","Vicinamibacterales","Vicinamibacteraceae","Incertae Sedis","uncultured Acidobacteria bacterium"
"ESV_16761","Bacteria","Actinomycetota","Thermoleophilia","Gaiellales","Gaiellaceae","Gaiella","uncultured actinobacterium"
"ESV_16762","Bacteria","Actinomycetota","Thermoleophilia","Gaiellales","Gaiellaceae","Gaiella","uncultured actinobacterium"
"ESV_16972","Bacteria","Planctomycetota","Planctomycetes","Pirellulales","Pirellulaceae","Pirellula","uncultured bacterium"
"ESV_16982","Bacteria","Planctomycetota","Planctomycetes","Pirellulales","Pirellulaceae","Pirellula","uncultured bacterium"
"ESV_17045","Bacteria","Actinomycetota","Actinobacteria","Micrococcales","Intrasporangiaceae","Incertae Sedis","uncultured Terrabacter sp."
"ESV_17046","Bacteria","Actinomycetota","Actinobacteria","Micrococcales","Intrasporangiaceae","Incertae Sedis","uncultured Terrabacter sp."
"ESV_17056","Bacteria","Acidobacteriota","Vicinamibacteria","Vicinamibacterales","Vicinamibacteraceae","Incertae Sedis","uncultured Acidobacteria bacterium"
"ESV_17064","Bacteria","Pseudomonadota","Alphaproteobacteria","Hyphomicrobiales","Methyloligellaceae","Incertae Sedis","metagenome"
"ESV_17065","Bacteria","Gemmatimonadota","Gemmatimonadia","Gemmatimonadales","Gemmatimonadaceae","Incertae Sedis","uncultured Gemmatimonadetes bacterium"
"ESV_17081","Bacteria","Acidobacteriota","Vicinamibacteria","Vicinamibacterales","Vicinamibacteraceae","Incertae Sedis","uncultured Acidobacteria bacterium"
"ESV_17089","Bacteria","Pseudomonadota","Alphaproteobacteria","Hyphomicrobiales","Methyloligellaceae","Incertae Sedis","metagenome"
"ESV_17090","Bacteria","Gemmatimonadota","Gemmatimonadia","Gemmatimonadales","Gemmatimonadaceae","Incertae Sedis","uncultured Gemmatimonadetes bacterium"
"ESV_17099","Bacteria","Actinomycetota","Thermoleophilia","Solirubrobacterales","67-14","Incertae Sedis","uncultured bacterium"
"ESV_17100","Bacteria","Actinomycetota","Thermoleophilia","Solirubrobacterales","67-14","Incertae Sedis","uncultured bacterium"
"ESV_17103","Bacteria","Verrucomicrobiota","Verrucomicrobiia","Pedosphaerales","Pedosphaeraceae","Incertae Sedis","uncultured bacterium"
"ESV_17106","Bacteria","Verrucomicrobiota","Verrucomicrobiia","Pedosphaerales","Pedosphaeraceae","Incertae Sedis","uncultured bacterium"
"ESV_17121","Bacteria","Pseudomonadota","Alphaproteobacteria","Hyphomicrobiales","Xanthobacteraceae","Rhodoplanes","uncultured Rhodoplanes sp."
"ESV_17122","Bacteria","Actinomycetota","Acidimicrobiia","Microtrichales","Ilumatobacteraceae","Incertae Sedis","uncultured Acidimicrobiaceae bacterium"
"ESV_17123","Bacteria","Actinomycetota","MB-A2-108","Incertae Sedis","Incertae Sedis","Incertae Sedis","metagenome"
"ESV_17152","Bacteria","Actinomycetota","Thermoleophilia","Solirubrobacterales","67-14","Incertae Sedis","uncultured bacterium"
"ESV_17153","Bacteria","Verrucomicrobiota","Verrucomicrobiia","Chthoniobacterales","Xiphinematobacteraceae","Candidatus Xiphinematobacter","uncultured bacterium"
"ESV_17154","Bacteria","Pseudomonadota","Alphaproteobacteria","Hyphomicrobiales","Beijerinckiaceae","Microvirga","uncultured bacterium"
"ESV_17320","Bacteria","Pseudomonadota","Alphaproteobacteria","Hyphomicrobiales","Xanthobacteraceae","Rhodoplanes","uncultured Rhodoplanes sp."
"ESV_17321","Bacteria","Actinomycetota","Acidimicrobiia","Microtrichales","Ilumatobacteraceae","Incertae Sedis","uncultured Acidimicrobiaceae bacterium"
"ESV_17322","Bacteria","Actinomycetota","MB-A2-108","Incertae Sedis","Incertae Sedis","Incertae Sedis","metagenome"
"ESV_17351","Bacteria","Actinomycetota","Thermoleophilia","Solirubrobacterales","67-14","Incertae Sedis","uncultured bacterium"
"ESV_17352","Bacteria","Verrucomicrobiota","Verrucomicrobiia","Chthoniobacterales","Xiphinematobacteraceae","Candidatus Xiphinematobacter","uncultured bacterium"
"ESV_17353","Bacteria","Pseudomonadota","Alphaproteobacteria","Hyphomicrobiales","Beijerinckiaceae","Microvirga","uncultured bacterium"
"ESV_17507","Bacteria","Myxococcota","bacteriap25","Incertae Sedis","Incertae Sedis","Incertae Sedis","uncultured bacterium"
"ESV_17508","Bacteria","Myxococcota","bacteriap25","Incertae Sedis","Incertae Sedis","Incertae Sedis","uncultured bacterium"
"ESV_17653","Bacteria","Verrucomicrobiota","Verrucomicrobiia","Chthoniobacterales","Xiphinematobacteraceae","Candidatus Xiphinematobacter","uncultured bacterium"
"ESV_17665","Bacteria","Verrucomicrobiota","Verrucomicrobiia","Chthoniobacterales","Xiphinematobacteraceae","Candidatus Xiphinematobacter","uncultured bacterium"
"ESV_17679","Bacteria","Bacteroidota","Bacteroidia","Chitinophagales","Chitinophagaceae","Incertae Sedis","uncultured bacterium"
"ESV_17682","Bacteria","Bacteroidota","Bacteroidia","Chitinophagales","Chitinophagaceae","Incertae Sedis","uncultured bacterium"
"ESV_17703","Bacteria","Pseudomonadota","Alphaproteobacteria","Rickettsiales","Mitochondria","Incertae Sedis","uncultured bacterium"
"ESV_17723","Bacteria","Pseudomonadota","Alphaproteobacteria","Rickettsiales","Mitochondria","Incertae Sedis","uncultured bacterium"
"ESV_17792","Bacteria","Cyanobacteriota","Cyanobacteriia","Chloroplast","Incertae Sedis","Incertae Sedis","uncultured Chlorella"
"ESV_17794","Bacteria","Cyanobacteriota","Cyanobacteriia","Chloroplast","Incertae Sedis","Incertae Sedis","uncultured Chlorella"
"ESV_17798","Bacteria","Acidobacteriota","Vicinamibacteria","Vicinamibacterales","Vicinamibacteraceae","Incertae Sedis","uncultured Acidobacteria bacterium"
"ESV_17810","Bacteria","Acidobacteriota","Blastocatellia","11-24","Incertae Sedis","Incertae Sedis","uncultured bacterium"
"ESV_17811","Bacteria","Pseudomonadota","Alphaproteobacteria","Hyphomicrobiales","Xanthobacteraceae","Incertae Sedis","uncultured bacterium"
"ESV_17818","Bacteria","Acidobacteriota","Vicinamibacteria","Vicinamibacterales","Vicinamibacteraceae","Incertae Sedis","uncultured Acidobacteria bacterium"
"ESV_17830","Bacteria","Acidobacteriota","Blastocatellia","11-24","Incertae Sedis","Incertae Sedis","uncultured bacterium"
"ESV_17831","Bacteria","Pseudomonadota","Alphaproteobacteria","Hyphomicrobiales","Xanthobacteraceae","Incertae Sedis","uncultured bacterium"
"ESV_17861","Bacteria","Acidobacteriota","Vicinamibacteria","Vicinamibacterales","Incertae Sedis","Incertae Sedis","uncultured Acidobacterium sp."
"ESV_17862","Bacteria","Verrucomicrobiota","Verrucomicrobiia","Chthoniobacterales","Xiphinematobacteraceae","Candidatus Xiphinematobacter","metagenome"
"ESV_17863","Bacteria","Actinomycetota","Thermoleophilia","Gaiellales","Incertae Sedis","Incertae Sedis","uncultured bacterium"
"ESV_17864","Bacteria","Actinomycetota","MB-A2-108","Incertae Sedis","Incertae Sedis","Incertae Sedis","metagenome"
"ESV_17865","Bacteria","Actinomycetota","Actinobacteria","Micrococcales","Microbacteriaceae","Agromyces","Agromyces sp. JCM 28256"
"ESV_17866","Bacteria","Gemmatimonadota","Gemmatimonadia","Gemmatimonadales","Gemmatimonadaceae","Incertae Sedis","uncultured Gemmatimonas sp."
"ESV_17867","Bacteria","Chloroflexota","KD4-96","Incertae Sedis","Incertae Sedis","Incertae Sedis","metagenome"
"ESV_17868","Bacteria","Methylomirabilota","Methylomirabilia","Rokubacteriales","Incertae Sedis","Incertae Sedis","uncultured bacterium"
"ESV_17869","Bacteria","Pseudomonadota","Alphaproteobacteria","Tistrellales","Geminicoccaceae","Incertae Sedis","uncultured bacterium"
"ESV_17870","Bacteria","Pseudomonadota","Gammaproteobacteria","Steroidobacterales","Steroidobacteraceae","Steroidobacter","metagenome"
"ESV_17871","Bacteria","Verrucomicrobiota","Verrucomicrobiia","Chthoniobacterales","Xiphinematobacteraceae","Candidatus Xiphinematobacter","uncultured bacterium"
"ESV_17910","Bacteria","Pseudomonadota","Alphaproteobacteria","Hyphomicrobiales","Xanthobacteraceae","Incertae Sedis","uncultured bacterium"
"ESV_17931","Bacteria","Acidobacteriota","Vicinamibacteria","Vicinamibacterales","Incertae Sedis","Incertae Sedis","metagenome"
"ESV_17932","Bacteria","Cyanobacteriota","Cyanobacteriia","Chloroplast","Incertae Sedis","Incertae Sedis","Vaucheria litorea"
"ESV_17953","Bacteria","Actinomycetota","Actinobacteria","Propionibacteriales","Propionibacteriaceae","Microlunatus","uncultured bacterium"
"ESV_18012","Bacteria","Pseudomonadota","Alphaproteobacteria","Hyphomicrobiales","Xanthobacteraceae","Incertae Sedis","uncultured bacterium"
"ESV_18019","Bacteria","Pseudomonadota","Gammaproteobacteria","Lysobacterales","Lysobacteraceae","Arenimonas","metagenome"
"ESV_18020","Bacteria","Pseudomonadota","Gammaproteobacteria","Lysobacterales","Lysobacteraceae","Arenimonas","metagenome"
"ESV_18041","Bacteria","Acidobacteriota","Vicinamibacteria","Vicinamibacterales","Incertae Sedis","Incertae Sedis","uncultured Acidobacterium sp."
"ESV_18042","Bacteria","Verrucomicrobiota","Verrucomicrobiia","Chthoniobacterales","Xiphinematobacteraceae","Candidatus Xiphinematobacter","metagenome"
"ESV_18043","Bacteria","Actinomycetota","Thermoleophilia","Gaiellales","Incertae Sedis","Incertae Sedis","uncultured bacterium"
"ESV_18044","Bacteria","Actinomycetota","MB-A2-108","Incertae Sedis","Incertae Sedis","Incertae Sedis","metagenome"
"ESV_18045","Bacteria","Actinomycetota","Actinobacteria","Micrococcales","Microbacteriaceae","Agromyces","Agromyces sp. JCM 28256"
"ESV_18046","Bacteria","Gemmatimonadota","Gemmatimonadia","Gemmatimonadales","Gemmatimonadaceae","Incertae Sedis","uncultured Gemmatimonas sp."
"ESV_18047","Bacteria","Chloroflexota","KD4-96","Incertae Sedis","Incertae Sedis","Incertae Sedis","metagenome"
"ESV_18048","Bacteria","Methylomirabilota","Methylomirabilia","Rokubacteriales","Incertae Sedis","Incertae Sedis","uncultured bacterium"
"ESV_18049","Bacteria","Pseudomonadota","Alphaproteobacteria","Tistrellales","Geminicoccaceae","Incertae Sedis","uncultured bacterium"
"ESV_18050","Bacteria","Pseudomonadota","Gammaproteobacteria","Steroidobacterales","Steroidobacteraceae","Steroidobacter","metagenome"
"ESV_18051","Bacteria","Verrucomicrobiota","Verrucomicrobiia","Chthoniobacterales","Xiphinematobacteraceae","Candidatus Xiphinematobacter","uncultured bacterium"
"ESV_18090","Bacteria","Pseudomonadota","Alphaproteobacteria","Hyphomicrobiales","Xanthobacteraceae","Incertae Sedis","uncultured bacterium"
"ESV_18111","Bacteria","Acidobacteriota","Vicinamibacteria","Vicinamibacterales","Incertae Sedis","Incertae Sedis","metagenome"
"ESV_18112","Bacteria","Cyanobacteriota","Cyanobacteriia","Chloroplast","Incertae Sedis","Incertae Sedis","Vaucheria litorea"
"ESV_18133","Bacteria","Actinomycetota","Actinobacteria","Propionibacteriales","Propionibacteriaceae","Microlunatus","uncultured bacterium"
"ESV_18192","Bacteria","Pseudomonadota","Alphaproteobacteria","Hyphomicrobiales","Xanthobacteraceae","Incertae Sedis","uncultured bacterium"
"ESV_18201","Bacteria","Verrucomicrobiota","Verrucomicrobiia","Chthoniobacterales","Chthoniobacteraceae","Candidatus Udaeobacter","uncultured bacterium"
"ESV_18202","Bacteria","Verrucomicrobiota","Verrucomicrobiia","Chthoniobacterales","Chthoniobacteraceae","Candidatus Udaeobacter","uncultured bacterium"
"ESV_18451","Bacteria","Pseudomonadota","Alphaproteobacteria","Rickettsiales","Mitochondria","Incertae Sedis","Spongospora subterranea"
"ESV_18452","Bacteria","Pseudomonadota","Alphaproteobacteria","Rickettsiales","Mitochondria","Incertae Sedis","Spongospora subterranea"
"ESV_18481","Bacteria","Verrucomicrobiota","Verrucomicrobiia","Chthoniobacterales","Chthoniobacteraceae","Candidatus Udaeobacter","uncultured bacterium"
"ESV_18494","Bacteria","Verrucomicrobiota","Verrucomicrobiia","Chthoniobacterales","Chthoniobacteraceae","Candidatus Udaeobacter","uncultured bacterium"
"ESV_18550","Bacteria","Acidobacteriota","Holophagae","Subgroup 7","Incertae Sedis","Incertae Sedis","metagenome"
"ESV_18563","Bacteria","Nitrospirota","Nitrospiria","Nitrospirales","Nitrospiraceae","Nitrospira","uncultured Nitrospira sp."
"ESV_18564","Bacteria","Acidobacteriota","Holophagae","Subgroup 7","Incertae Sedis","Incertae Sedis","uncultured bacterium"
"ESV_18565","Bacteria","Acidobacteriota","Blastocatellia","11-24","Incertae Sedis","Incertae Sedis","uncultured bacterium"
"ESV_18581","Bacteria","Acidobacteriota","Holophagae","Subgroup 7","Incertae Sedis","Incertae Sedis","metagenome"
"ESV_18594","Bacteria","Nitrospirota","Nitrospiria","Nitrospirales","Nitrospiraceae","Nitrospira","uncultured Nitrospira sp."
"ESV_18595","Bacteria","Acidobacteriota","Holophagae","Subgroup 7","Incertae Sedis","Incertae Sedis","uncultured bacterium"
"ESV_18596","Bacteria","Acidobacteriota","Blastocatellia","11-24","Incertae Sedis","Incertae Sedis","uncultured bacterium"
"ESV_18609","Bacteria","Myxococcota","bacteriap25","Incertae Sedis","Incertae Sedis","Incertae Sedis","metagenome"
"ESV_18610","Bacteria","Myxococcota","bacteriap25","Incertae Sedis","Incertae Sedis","Incertae Sedis","metagenome"
"ESV_18618","Bacteria","Acidobacteriota","Vicinamibacteria","Vicinamibacterales","Incertae Sedis","Incertae Sedis","uncultured Acidobacteria bacterium"
"ESV_18630","Bacteria","Actinomycetota","Actinobacteria","Mycobacteriales","Mycobacteriaceae","Mycobacterium","metagenome"
"ESV_18631","Bacteria","Pseudomonadota","Alphaproteobacteria","Hyphomicrobiales","Xanthobacteraceae","Incertae Sedis","uncultured Hyphomicrobiaceae bacterium"
"ESV_18632","Bacteria","Actinomycetota","Actinobacteria","Mycobacteriales","Mycobacteriaceae","Mycobacterium","Mycobacterium sp. JLS"
"ESV_18633","Bacteria","Acidobacteriota","Vicinamibacteria","Vicinamibacterales","Incertae Sedis","Incertae Sedis","uncultured Acidobacteria bacterium"
"ESV_18648","Bacteria","Actinomycetota","Acidimicrobiia","Acidimicrobiales","Acidimicrobiaceae","Incertae Sedis","uncultured bacterium"
"ESV_18664","Bacteria","Actinomycetota","Actinobacteria","Mycobacteriales","Mycobacteriaceae","Mycobacterium","Mycobacterium rutilum"
"ESV_18665","Bacteria","Verrucomicrobiota","Verrucomicrobiia","Chthoniobacterales","Xiphinematobacteraceae","Candidatus Xiphinematobacter","metagenome"
"ESV_18690","Bacteria","Pseudomonadota","Alphaproteobacteria","Hyphomicrobiales","Xanthobacteraceae","Rhodoplanes","uncultured bacterium"
"ESV_18691","Bacteria","Acidobacteriota","Vicinamibacteria","Vicinamibacterales","Incertae Sedis","Incertae Sedis","uncultured bacterium"
"ESV_18705","Bacteria","Pseudomonadota","Gammaproteobacteria","PLTA13","Incertae Sedis","Incertae Sedis","metagenome"
"ESV_18706","Bacteria","Nitrospirota","Nitrospiria","Nitrospirales","Nitrospiraceae","Nitrospira","uncultured bacterium"
"ESV_18722","Bacteria","Pseudomonadota","Gammaproteobacteria","Burkholderiales","SC-I-84","Incertae Sedis","uncultured bacterium"
"ESV_18783","Bacteria","Acidobacteriota","Vicinamibacteria","Vicinamibacterales","Incertae Sedis","Incertae Sedis","uncultured Acidobacteria bacterium"
"ESV_18802","Bacteria","Acidobacteriota","Vicinamibacteria","Vicinamibacterales","Incertae Sedis","Incertae Sedis","uncultured Acidobacteria bacterium"
"ESV_18814","Bacteria","Actinomycetota","Actinobacteria","Mycobacteriales","Mycobacteriaceae","Mycobacterium","metagenome"
"ESV_18815","Bacteria","Pseudomonadota","Alphaproteobacteria","Hyphomicrobiales","Xanthobacteraceae","Incertae Sedis","uncultured Hyphomicrobiaceae bacterium"
"ESV_18816","Bacteria","Actinomycetota","Actinobacteria","Mycobacteriales","Mycobacteriaceae","Mycobacterium","Mycobacterium sp. JLS"
"ESV_18817","Bacteria","Acidobacteriota","Vicinamibacteria","Vicinamibacterales","Incertae Sedis","Incertae Sedis","uncultured Acidobacteria bacterium"
"ESV_18832","Bacteria","Actinomycetota","Acidimicrobiia","Acidimicrobiales","Acidimicrobiaceae","Incertae Sedis","uncultured bacterium"
"ESV_18848","Bacteria","Actinomycetota","Actinobacteria","Mycobacteriales","Mycobacteriaceae","Mycobacterium","Mycobacterium rutilum"
"ESV_18849","Bacteria","Verrucomicrobiota","Verrucomicrobiia","Chthoniobacterales","Xiphinematobacteraceae","Candidatus Xiphinematobacter","metagenome"
"ESV_18874","Bacteria","Pseudomonadota","Alphaproteobacteria","Hyphomicrobiales","Xanthobacteraceae","Rhodoplanes","uncultured bacterium"
"ESV_18875","Bacteria","Acidobacteriota","Vicinamibacteria","Vicinamibacterales","Incertae Sedis","Incertae Sedis","uncultured bacterium"
"ESV_18889","Bacteria","Pseudomonadota","Gammaproteobacteria","PLTA13","Incertae Sedis","Incertae Sedis","metagenome"
"ESV_18890","Bacteria","Nitrospirota","Nitrospiria","Nitrospirales","Nitrospiraceae","Nitrospira","uncultured bacterium"
"ESV_18906","Bacteria","Pseudomonadota","Gammaproteobacteria","Burkholderiales","SC-I-84","Incertae Sedis","uncultured bacterium"
"ESV_18967","Bacteria","Acidobacteriota","Vicinamibacteria","Vicinamibacterales","Incertae Sedis","Incertae Sedis","uncultured Acidobacteria bacterium"
"ESV_18973","Bacteria","Acidobacteriota","Vicinamibacteria","Vicinamibacterales","Incertae Sedis","Incertae Sedis","uncultured Acidobacteria bacterium"
"ESV_18974","Bacteria","Acidobacteriota","Vicinamibacteria","Vicinamibacterales","Incertae Sedis","Incertae Sedis","uncultured Acidobacteria bacterium"
"ESV_19179","Bacteria","Nitrospirota","Nitrospiria","Nitrospirales","Nitrospiraceae","Nitrospira","uncultured Nitrospira sp."
"ESV_19193","Bacteria","Nitrospirota","Nitrospiria","Nitrospirales","Nitrospiraceae","Nitrospira","uncultured Nitrospira sp."
"ESV_19213","Bacteria","Cyanobacteriota","Cyanobacteriia","Chloroplast","Incertae Sedis","Incertae Sedis","Bryum argenteum"
"ESV_19223","Bacteria","Cyanobacteriota","Cyanobacteriia","Chloroplast","Incertae Sedis","Incertae Sedis","Bryum argenteum"
"ESV_19264","Bacteria","Chloroflexota","Anaerolineae","Anaerolineales","Anaerolineaceae","UTCFX1","uncultured bacterium"
"ESV_19274","Bacteria","Pseudomonadota","Alphaproteobacteria","Rickettsiales","Mitochondria","Incertae Sedis","Spongospora subterranea"
"ESV_19287","Bacteria","Chloroflexota","Anaerolineae","Anaerolineales","Anaerolineaceae","UTCFX1","uncultured bacterium"
"ESV_19297","Bacteria","Pseudomonadota","Alphaproteobacteria","Rickettsiales","Mitochondria","Incertae Sedis","Spongospora subterranea"
"ESV_19331","Bacteria","Pseudomonadota","Gammaproteobacteria","Burkholderiales","Nitrosomonadaceae","IS-44","uncultured bacterium"
"ESV_19332","Bacteria","Acidobacteriota","Vicinamibacteria","Vicinamibacterales","Incertae Sedis","Incertae Sedis","uncultured Acidobacteria bacterium"
"ESV_19360","Bacteria","Pseudomonadota","Gammaproteobacteria","Burkholderiales","Nitrosomonadaceae","IS-44","uncultured bacterium"
"ESV_19361","Bacteria","Acidobacteriota","Vicinamibacteria","Vicinamibacterales","Incertae Sedis","Incertae Sedis","uncultured Acidobacteria bacterium"
"ESV_19390","Bacteria","Actinomycetota","Thermoleophilia","Gaiellales","Gaiellaceae","Gaiella","uncultured bacterium"
"ESV_19391","Bacteria","Actinomycetota","MB-A2-108","Incertae Sedis","Incertae Sedis","Incertae Sedis","uncultured bacterium"
"ESV_19392","Bacteria","Pseudomonadota","Alphaproteobacteria","Hyphomicrobiales","Rhizobiaceae","Phyllobacterium","Phyllobacterium zundukense"
"ESV_19393","Bacteria","Myxococcota","Polyangiia","Haliangiales","Haliangiaceae","Incertae Sedis","uncultured bacterium"
"ESV_19394","Bacteria","Pseudomonadota","Gammaproteobacteria","Burkholderiales","Nitrosomonadaceae","Nitrosospira","Nitrosospira multiformis ATCC 25196"
"ESV_19395","Bacteria","Actinomycetota","Thermoleophilia","Gaiellales","Gaiellaceae","Gaiella","uncultured bacterium"
"ESV_19430","Bacteria","Pseudomonadota","Alphaproteobacteria","Hyphomicrobiales","Xanthobacteraceae","Bradyrhizobium","Bradyrhizobium erythrophlei"
"ESV_19431","Bacteria","Actinomycetota","Actinobacteria","Mycobacteriales","Mycobacteriaceae","Mycobacterium","metagenome"
"ESV_19452","Bacteria","Pseudomonadota","Alphaproteobacteria","Hyphomicrobiales","Hyphomicrobiaceae","Pedomicrobium","uncultured bacterium"
"ESV_19464","Bacteria","Bacillota","Clostridia","Lachnospirales","Lachnospiraceae","Herbinix","Herbinix luporum"
"ESV_19480","Bacteria","Pseudomonadota","Gammaproteobacteria","Burkholderiales","SC-I-84","Incertae Sedis","uncultured bacterium"
"ESV_19509","Bacteria","Bacteroidota","Bacteroidia","Cytophagales","Microscillaceae","Incertae Sedis","uncultured bacterium"
"ESV_19557","Bacteria","Verrucomicrobiota","Verrucomicrobiia","Pedosphaerales","Pedosphaeraceae","Incertae Sedis","uncultured bacterium"
"ESV_19587","Bacteria","Actinomycetota","Thermoleophilia","Gaiellales","Gaiellaceae","Gaiella","uncultured bacterium"
"ESV_19588","Bacteria","Actinomycetota","MB-A2-108","Incertae Sedis","Incertae Sedis","Incertae Sedis","uncultured bacterium"
"ESV_19589","Bacteria","Pseudomonadota","Alphaproteobacteria","Hyphomicrobiales","Rhizobiaceae","Phyllobacterium","Phyllobacterium zundukense"
"ESV_19590","Bacteria","Myxococcota","Polyangiia","Haliangiales","Haliangiaceae","Incertae Sedis","uncultured bacterium"
"ESV_19591","Bacteria","Pseudomonadota","Gammaproteobacteria","Burkholderiales","Nitrosomonadaceae","Nitrosospira","Nitrosospira multiformis ATCC 25196"
"ESV_19592","Bacteria","Actinomycetota","Thermoleophilia","Gaiellales","Gaiellaceae","Gaiella","uncultured bacterium"
"ESV_19627","Bacteria","Pseudomonadota","Alphaproteobacteria","Hyphomicrobiales","Xanthobacteraceae","Bradyrhizobium","Bradyrhizobium erythrophlei"
"ESV_19628","Bacteria","Actinomycetota","Actinobacteria","Mycobacteriales","Mycobacteriaceae","Mycobacterium","metagenome"
"ESV_19649","Bacteria","Pseudomonadota","Alphaproteobacteria","Hyphomicrobiales","Hyphomicrobiaceae","Pedomicrobium","uncultured bacterium"
"ESV_19661","Bacteria","Bacillota","Clostridia","Lachnospirales","Lachnospiraceae","Herbinix","Herbinix luporum"
"ESV_19677","Bacteria","Pseudomonadota","Gammaproteobacteria","Burkholderiales","SC-I-84","Incertae Sedis","uncultured bacterium"
"ESV_19706","Bacteria","Bacteroidota","Bacteroidia","Cytophagales","Microscillaceae","Incertae Sedis","uncultured bacterium"
"ESV_19754","Bacteria","Verrucomicrobiota","Verrucomicrobiia","Pedosphaerales","Pedosphaeraceae","Incertae Sedis","uncultured bacterium"
"ESV_19766","Bacteria","Actinomycetota","Thermoleophilia","Gaiellales","Incertae Sedis","Incertae Sedis","uncultured bacterium"
"ESV_19768","Bacteria","Actinomycetota","Thermoleophilia","Gaiellales","Incertae Sedis","Incertae Sedis","uncultured bacterium"
"ESV_19769","Bacteria","Acidobacteriota","Vicinamibacteria","Vicinamibacterales","Incertae Sedis","Incertae Sedis","uncultured bacterium"
"ESV_19770","Bacteria","Acidobacteriota","Vicinamibacteria","Vicinamibacterales","Incertae Sedis","Incertae Sedis","uncultured bacterium"
"ESV_19990","Bacteria","Actinomycetota","Thermoleophilia","Gaiellales","Incertae Sedis","Incertae Sedis","uncultured Rubrobacteria bacterium"
"ESV_20010","Bacteria","Actinomycetota","Thermoleophilia","Gaiellales","Incertae Sedis","Incertae Sedis","uncultured Rubrobacteria bacterium"
"ESV_20065","Bacteria","Actinomycetota","Actinobacteria","Mycobacteriales","Mycobacteriaceae","Mycobacterium","Mycobacterium sp. 1482268.1"
"ESV_20066","Bacteria","Actinomycetota","Actinobacteria","Mycobacteriales","Mycobacteriaceae","Mycobacterium","Mycobacterium sp. 1482268.1"
"ESV_20082","Bacteria","Pseudomonadota","Gammaproteobacteria","Burkholderiales","Oxalobacteraceae","Duganella","metagenome"
"ESV_20110","Bacteria","Pseudomonadota","Gammaproteobacteria","Burkholderiales","Oxalobacteraceae","Duganella","metagenome"
"ESV_20124","Bacteria","Acidobacteriota","Vicinamibacteria","Vicinamibacterales","Vicinamibacteraceae","Incertae Sedis","uncultured bacterium"
"ESV_20126","Bacteria","Acidobacteriota","Vicinamibacteria","Vicinamibacterales","Vicinamibacteraceae","Incertae Sedis","uncultured bacterium"
"ESV_20131","Bacteria","Pseudomonadota","Alphaproteobacteria","Hyphomicrobiales","Rhizobiaceae","Mesorhizobium","metagenome"
"ESV_20151","Bacteria","Acidobacteriota","Blastocatellia","11-24","Incertae Sedis","Incertae Sedis","uncultured bacterium"
"ESV_20152","Bacteria","Pseudomonadota","Alphaproteobacteria","Hyphomicrobiales","Hyphomicrobiaceae","Pedomicrobium","uncultured bacterium"
"ESV_20153","Bacteria","Acidobacteriota","Vicinamibacteria","Vicinamibacterales","Incertae Sedis","Incertae Sedis","uncultured bacterium"
"ESV_20154","Bacteria","Acidobacteriota","Vicinamibacteria","Vicinamibacterales","Vicinamibacteraceae","Incertae Sedis","uncultured Acidobacteria bacterium"
"ESV_20155","Bacteria","Acidobacteriota","Blastocatellia","Pyrinomonadales","Pyrinomonadaceae","Incertae Sedis","uncultured bacterium"
"ESV_20156","Bacteria","Acidobacteriota","Vicinamibacteria","Vicinamibacterales","Vicinamibacteraceae","Incertae Sedis","uncultured bacterium"
"ESV_20170","Bacteria","Pseudomonadota","Alphaproteobacteria","Hyphomicrobiales","Rhizobiaceae","Mesorhizobium","metagenome"
"ESV_20190","Bacteria","Acidobacteriota","Blastocatellia","11-24","Incertae Sedis","Incertae Sedis","uncultured bacterium"
"ESV_20191","Bacteria","Pseudomonadota","Alphaproteobacteria","Hyphomicrobiales","Hyphomicrobiaceae","Pedomicrobium","uncultured bacterium"
"ESV_20192","Bacteria","Acidobacteriota","Vicinamibacteria","Vicinamibacterales","Incertae Sedis","Incertae Sedis","uncultured bacterium"
"ESV_20193","Bacteria","Acidobacteriota","Vicinamibacteria","Vicinamibacterales","Vicinamibacteraceae","Incertae Sedis","uncultured Acidobacteria bacterium"
"ESV_20194","Bacteria","Acidobacteriota","Blastocatellia","Pyrinomonadales","Pyrinomonadaceae","Incertae Sedis","uncultured bacterium"
"ESV_20195","Bacteria","Acidobacteriota","Vicinamibacteria","Vicinamibacterales","Vicinamibacteraceae","Incertae Sedis","uncultured bacterium"
"ESV_20207","Bacteria","Acidobacteriota","Vicinamibacteria","Vicinamibacterales","Incertae Sedis","Incertae Sedis","uncultured Acidobacteria bacterium"
"ESV_20208","Bacteria","Acidobacteriota","Vicinamibacteria","Vicinamibacterales","Incertae Sedis","Incertae Sedis","uncultured Acidobacteria bacterium"
"ESV_20230","Bacteria","Pseudomonadota","Alphaproteobacteria","Hyphomicrobiales","Xanthobacteraceae","Rhodoplanes","uncultured Hyphomicrobiaceae bacterium"
"ESV_20231","Bacteria","Pseudomonadota","Alphaproteobacteria","Hyphomicrobiales","Beijerinckiaceae","Incertae Sedis","uncultured bacterium"
"ESV_20232","Bacteria","Pseudomonadota","Alphaproteobacteria","Elsterales","Incertae Sedis","Incertae Sedis","metagenome"
"ESV_20233","Bacteria","Actinomycetota","Actinobacteria","Mycobacteriales","Mycobacteriaceae","Mycobacterium","Mycobacterium wolinskyi"
"ESV_20274","Bacteria","Acidobacteriota","Vicinamibacteria","Vicinamibacterales","Incertae Sedis","Incertae Sedis","uncultured bacterium"
"ESV_20316","Bacteria","Myxococcota","Polyangiia","Polyangiales","BIrii41","Incertae Sedis","metagenome"
"ESV_20335","Bacteria","Planctomycetota","Planctomycetes","Pirellulales","Pirellulaceae","Incertae Sedis","uncultured bacterium"
"ESV_20336","Bacteria","Myxococcota","bacteriap25","Incertae Sedis","Incertae Sedis","Incertae Sedis","uncultured bacterium"
"ESV_20337","Bacteria","Pseudomonadota","Alphaproteobacteria","Hyphomicrobiales","Xanthobacteraceae","Incertae Sedis","uncultured bacterium"
"ESV_20375","Bacteria","Pseudomonadota","Alphaproteobacteria","Hyphomicrobiales","Xanthobacteraceae","Incertae Sedis","uncultured bacterium"
"ESV_20463","Bacteria","Pseudomonadota","Alphaproteobacteria","Hyphomicrobiales","Xanthobacteraceae","Rhodoplanes","uncultured Hyphomicrobiaceae bacterium"
"ESV_20464","Bacteria","Pseudomonadota","Alphaproteobacteria","Hyphomicrobiales","Beijerinckiaceae","Incertae Sedis","uncultured bacterium"
"ESV_20465","Bacteria","Pseudomonadota","Alphaproteobacteria","Elsterales","Incertae Sedis","Incertae Sedis","metagenome"
"ESV_20466","Bacteria","Actinomycetota","Actinobacteria","Mycobacteriales","Mycobacteriaceae","Mycobacterium","Mycobacterium wolinskyi"
"ESV_20507","Bacteria","Acidobacteriota","Vicinamibacteria","Vicinamibacterales","Incertae Sedis","Incertae Sedis","uncultured bacterium"
"ESV_20549","Bacteria","Myxococcota","Polyangiia","Polyangiales","BIrii41","Incertae Sedis","metagenome"
"ESV_20568","Bacteria","Planctomycetota","Planctomycetes","Pirellulales","Pirellulaceae","Incertae Sedis","uncultured bacterium"
"ESV_20569","Bacteria","Myxococcota","bacteriap25","Incertae Sedis","Incertae Sedis","Incertae Sedis","uncultured bacterium"
"ESV_20570","Bacteria","Pseudomonadota","Alphaproteobacteria","Hyphomicrobiales","Xanthobacteraceae","Incertae Sedis","uncultured bacterium"
"ESV_20608","Bacteria","Pseudomonadota","Alphaproteobacteria","Hyphomicrobiales","Xanthobacteraceae","Incertae Sedis","uncultured bacterium"
"ESV_20945","Bacteria","Actinomycetota","MB-A2-108","Incertae Sedis","Incertae Sedis","Incertae Sedis","uncultured bacterium"
"ESV_20961","Bacteria","Actinomycetota","MB-A2-108","Incertae Sedis","Incertae Sedis","Incertae Sedis","uncultured bacterium"
"ESV_20994","Bacteria","Actinomycetota","Thermoleophilia","Solirubrobacterales","67-14","Incertae Sedis","metagenome"
"ESV_21009","Bacteria","Actinomycetota","Thermoleophilia","Solirubrobacterales","67-14","Incertae Sedis","metagenome"
"ESV_21047","Bacteria","Pseudomonadota","Alphaproteobacteria","Rickettsiales","Mitochondria","Incertae Sedis","uncultured bacterium"
"ESV_21051","Bacteria","Nitrospirota","Nitrospiria","Nitrospirales","Nitrospiraceae","Nitrospira","uncultured Nitrospira sp."
"ESV_21076","Bacteria","Pseudomonadota","Alphaproteobacteria","Rickettsiales","Mitochondria","Incertae Sedis","uncultured bacterium"
"ESV_21080","Bacteria","Nitrospirota","Nitrospiria","Nitrospirales","Nitrospiraceae","Nitrospira","uncultured Nitrospira sp."
"ESV_21106","Bacteria","Myxococcota","bacteriap25","Incertae Sedis","Incertae Sedis","Incertae Sedis","uncultured bacterium"
"ESV_21129","Bacteria","Pseudomonadota","Alphaproteobacteria","Hyphomicrobiales","Xanthobacteraceae","Incertae Sedis","uncultured bacterium"
"ESV_21145","Bacteria","Myxococcota","bacteriap25","Incertae Sedis","Incertae Sedis","Incertae Sedis","uncultured bacterium"
"ESV_21168","Bacteria","Pseudomonadota","Alphaproteobacteria","Hyphomicrobiales","Xanthobacteraceae","Incertae Sedis","uncultured bacterium"
"ESV_21181","Bacteria","Acidobacteriota","Vicinamibacteria","Vicinamibacterales","Incertae Sedis","Incertae Sedis","uncultured bacterium"
"ESV_21184","Bacteria","Acidobacteriota","Vicinamibacteria","Vicinamibacterales","Incertae Sedis","Incertae Sedis","uncultured bacterium"
"ESV_21201","Bacteria","Bacillota","Bacilli","Bacillales","Planococcaceae","Sporosarcina","Sporosarcina psychrophila"
"ESV_21202","Bacteria","Actinomycetota","Acidimicrobiia","Microtrichales","Ilumatobacteraceae","Desertimonas","metagenome"
"ESV_21203","Bacteria","Actinomycetota","Thermoleophilia","Solirubrobacterales","67-14","Incertae Sedis","uncultured bacterium"
"ESV_21257","Bacteria","Pseudomonadota","Alphaproteobacteria","Hyphomicrobiales","Rhizobiaceae","Phyllobacterium","Phyllobacterium zundukense"
"ESV_21335","Bacteria","Actinomycetota","Actinobacteria","Micrococcales","Micrococcaceae","Arthrobacter","Arthrobacter sp. ES3-54"
"ESV_21371","Bacteria","Actinomycetota","Acidimicrobiia","Microtrichales","Incertae Sedis","Incertae Sedis","wastewater metagenome"
"ESV_21372","Bacteria","Planctomycetota","Planctomycetes","Incertae Sedis","Incertae Sedis","Incertae Sedis","uncultured bacterium"
"ESV_21373","Bacteria","Gemmatimonadota","S0134 terrestrial group","Incertae Sedis","Incertae Sedis","Incertae Sedis","uncultured Gemmatimonadales bacterium"
"ESV_21425","Bacteria","Pseudomonadota","Gammaproteobacteria","Burkholderiales","SC-I-84","Incertae Sedis","uncultured beta proteobacterium"
"ESV_21426","Bacteria","Pseudomonadota","Alphaproteobacteria","Hyphomicrobiales","Hyphomicrobiaceae","Pedomicrobium","metagenome"
"ESV_21455","Bacteria","Bacillota","Bacilli","Bacillales","Planococcaceae","Sporosarcina","Sporosarcina psychrophila"
"ESV_21456","Bacteria","Actinomycetota","Acidimicrobiia","Microtrichales","Ilumatobacteraceae","Desertimonas","metagenome"
"ESV_21457","Bacteria","Actinomycetota","Thermoleophilia","Solirubrobacterales","67-14","Incertae Sedis","uncultured bacterium"
"ESV_21511","Bacteria","Pseudomonadota","Alphaproteobacteria","Hyphomicrobiales","Rhizobiaceae","Phyllobacterium","Phyllobacterium zundukense"
"ESV_21589","Bacteria","Actinomycetota","Actinobacteria","Micrococcales","Micrococcaceae","Arthrobacter","Arthrobacter sp. ES3-54"
"ESV_21625","Bacteria","Actinomycetota","Acidimicrobiia","Microtrichales","Incertae Sedis","Incertae Sedis","wastewater metagenome"
"ESV_21626","Bacteria","Planctomycetota","Planctomycetes","Incertae Sedis","Incertae Sedis","Incertae Sedis","uncultured bacterium"
"ESV_21627","Bacteria","Gemmatimonadota","S0134 terrestrial group","Incertae Sedis","Incertae Sedis","Incertae Sedis","uncultured Gemmatimonadales bacterium"
"ESV_21679","Bacteria","Pseudomonadota","Gammaproteobacteria","Burkholderiales","SC-I-84","Incertae Sedis","uncultured beta proteobacterium"
"ESV_21680","Bacteria","Pseudomonadota","Alphaproteobacteria","Hyphomicrobiales","Hyphomicrobiaceae","Pedomicrobium","metagenome"
"ESV_21958","Bacteria","Actinomycetota","MB-A2-108","Incertae Sedis","Incertae Sedis","Incertae Sedis","metagenome"
"ESV_21967","Bacteria","Actinomycetota","MB-A2-108","Incertae Sedis","Incertae Sedis","Incertae Sedis","metagenome"
"ESV_21978","Bacteria","Bacteroidota","Bacteroidia","Bacteroidales","Tannerellaceae","Parabacteroides","Parabacteroides merdae"
"ESV_21984","Bacteria","Bacteroidota","Bacteroidia","Bacteroidales","Tannerellaceae","Parabacteroides","Parabacteroides merdae"
"ESV_21989","Bacteria","Actinomycetota","Thermoleophilia","Gaiellales","Incertae Sedis","Incertae Sedis","metagenome"
"ESV_21991","Bacteria","Actinomycetota","Thermoleophilia","Gaiellales","Incertae Sedis","Incertae Sedis","metagenome"
"ESV_22010","Bacteria","Myxococcota","bacteriap25","Incertae Sedis","Incertae Sedis","Incertae Sedis","uncultured bacterium"
"ESV_22034","Bacteria","Myxococcota","bacteriap25","Incertae Sedis","Incertae Sedis","Incertae Sedis","uncultured bacterium"
"ESV_22047","Bacteria","Gemmatimonadota","Gemmatimonadia","Gemmatimonadales","Gemmatimonadaceae","Incertae Sedis","uncultured Gemmatimonas sp."
"ESV_22048","Bacteria","Gemmatimonadota","Gemmatimonadia","Gemmatimonadales","Gemmatimonadaceae","Incertae Sedis","uncultured Gemmatimonas sp."
"ESV_22135","Bacteria","Acidobacteriota","Vicinamibacteria","Vicinamibacterales","Vicinamibacteraceae","Incertae Sedis","uncultured Acidobacteria bacterium"
"ESV_22137","Bacteria","Acidobacteriota","Vicinamibacteria","Vicinamibacterales","Vicinamibacteraceae","Incertae Sedis","uncultured Acidobacteria bacterium"
"ESV_22162","Bacteria","Planctomycetota","Planctomycetes","Pirellulales","Pirellulaceae","Pir4 lineage","uncultured bacterium"
"ESV_22163","Bacteria","Acidobacteriota","Vicinamibacteria","Vicinamibacterales","Incertae Sedis","Incertae Sedis","uncultured Acidobacterium sp."
"ESV_22164","Bacteria","Gemmatimonadota","Gemmatimonadia","Gemmatimonadales","Gemmatimonadaceae","Incertae Sedis","uncultured bacterium"
"ESV_22194","Bacteria","Planctomycetota","Planctomycetes","Pirellulales","Pirellulaceae","Pir4 lineage","uncultured bacterium"
"ESV_22195","Bacteria","Acidobacteriota","Vicinamibacteria","Vicinamibacterales","Incertae Sedis","Incertae Sedis","uncultured Acidobacterium sp."
"ESV_22196","Bacteria","Gemmatimonadota","Gemmatimonadia","Gemmatimonadales","Gemmatimonadaceae","Incertae Sedis","uncultured bacterium"
"ESV_22241","Bacteria","Acidobacteriota","Vicinamibacteria","Vicinamibacterales","Incertae Sedis","Incertae Sedis","uncultured bacterium"
"ESV_22242","Bacteria","Actinomycetota","Acidimicrobiia","Microtrichales","Incertae Sedis","Incertae Sedis","uncultured bacterium"
"ESV_22243","Bacteria","Acidobacteriota","Vicinamibacteria","Vicinamibacterales","Incertae Sedis","Incertae Sedis","uncultured Acidobacteria bacterium"
"ESV_22297","Bacteria","Pseudomonadota","Alphaproteobacteria","Hyphomicrobiales","Xanthobacteraceae","Incertae Sedis","uncultured bacterium"
"ESV_22328","Bacteria","Bacteroidota","Bacteroidia","Cytophagales","Microscillaceae","Chryseolinea","uncultured Flexibacter sp."
"ESV_22374","Bacteria","Actinomycetota","Actinobacteria","Propionibacteriales","Propionibacteriaceae","Microlunatus","uncultured bacterium"
"ESV_22409","Bacteria","Planctomycetota","Planctomycetes","Pirellulales","Pirellulaceae","Incertae Sedis","uncultured bacterium"
"ESV_22410","Bacteria","Planctomycetota","Planctomycetes","Gemmatales","Gemmataceae","Incertae Sedis","uncultured bacterium"
"ESV_22411","Bacteria","Planctomycetota","Planctomycetes","Pirellulales","Pirellulaceae","Pirellula","metagenome"
"ESV_22471","Bacteria","Acidobacteriota","Vicinamibacteria","Vicinamibacterales","Vicinamibacteraceae","Incertae Sedis","uncultured bacterium"
"ESV_22472","Bacteria","Planctomycetota","Phycisphaerae","Tepidisphaerales","WD2101 soil group","Incertae Sedis","uncultured bacterium"
"ESV_22519","Bacteria","Acidobacteriota","Vicinamibacteria","Vicinamibacterales","Incertae Sedis","Incertae Sedis","uncultured bacterium"
"ESV_22520","Bacteria","Actinomycetota","Acidimicrobiia","Microtrichales","Incertae Sedis","Incertae Sedis","uncultured bacterium"
"ESV_22521","Bacteria","Acidobacteriota","Vicinamibacteria","Vicinamibacterales","Incertae Sedis","Incertae Sedis","uncultured Acidobacteria bacterium"
"ESV_22575","Bacteria","Pseudomonadota","Alphaproteobacteria","Hyphomicrobiales","Xanthobacteraceae","Incertae Sedis","uncultured bacterium"
"ESV_22606","Bacteria","Bacteroidota","Bacteroidia","Cytophagales","Microscillaceae","Chryseolinea","uncultured Flexibacter sp."
"ESV_22652","Bacteria","Actinomycetota","Actinobacteria","Propionibacteriales","Propionibacteriaceae","Microlunatus","uncultured bacterium"
"ESV_22687","Bacteria","Planctomycetota","Planctomycetes","Pirellulales","Pirellulaceae","Incertae Sedis","uncultured bacterium"
"ESV_22688","Bacteria","Planctomycetota","Planctomycetes","Gemmatales","Gemmataceae","Incertae Sedis","uncultured bacterium"
"ESV_22689","Bacteria","Planctomycetota","Planctomycetes","Pirellulales","Pirellulaceae","Pirellula","metagenome"
"ESV_22749","Bacteria","Acidobacteriota","Vicinamibacteria","Vicinamibacterales","Vicinamibacteraceae","Incertae Sedis","uncultured bacterium"
"ESV_22750","Bacteria","Planctomycetota","Phycisphaerae","Tepidisphaerales","WD2101 soil group","Incertae Sedis","uncultured bacterium"
"ESV_23049","Bacteria","Actinomycetota","MB-A2-108","Incertae Sedis","Incertae Sedis","Incertae Sedis","uncultured bacterium"
"ESV_23050","Bacteria","Actinomycetota","MB-A2-108","Incertae Sedis","Incertae Sedis","Incertae Sedis","uncultured bacterium"
"ESV_23056","Bacteria","Pseudomonadota","Alphaproteobacteria","Rickettsiales","Mitochondria","Incertae Sedis","uncultured bacterium"
"ESV_23062","Bacteria","Pseudomonadota","Alphaproteobacteria","Tistrellales","Geminicoccaceae","Incertae Sedis","uncultured Rhodospirillales bacterium"
"ESV_23066","Bacteria","Actinomycetota","MB-A2-108","Incertae Sedis","Incertae Sedis","Incertae Sedis","uncultured bacterium"
"ESV_23067","Bacteria","Actinomycetota","MB-A2-108","Incertae Sedis","Incertae Sedis","Incertae Sedis","uncultured bacterium"
"ESV_23073","Bacteria","Pseudomonadota","Alphaproteobacteria","Rickettsiales","Mitochondria","Incertae Sedis","uncultured bacterium"
"ESV_23079","Bacteria","Pseudomonadota","Alphaproteobacteria","Tistrellales","Geminicoccaceae","Incertae Sedis","uncultured Rhodospirillales bacterium"
"ESV_23136","Bacteria","Pseudomonadota","Gammaproteobacteria","Steroidobacterales","Steroidobacteraceae","Incertae Sedis","uncultured bacterium"
"ESV_23137","Bacteria","Verrucomicrobiota","Verrucomicrobiia","Chthoniobacterales","Chthoniobacteraceae","Candidatus Udaeobacter","uncultured bacterium"
"ESV_23178","Bacteria","Pseudomonadota","Gammaproteobacteria","Steroidobacterales","Steroidobacteraceae","Incertae Sedis","uncultured bacterium"
"ESV_23179","Bacteria","Verrucomicrobiota","Verrucomicrobiia","Chthoniobacterales","Chthoniobacteraceae","Candidatus Udaeobacter","uncultured bacterium"
"ESV_23233","Bacteria","Acidobacteriota","Holophagae","Subgroup 7","Incertae Sedis","Incertae Sedis","metagenome"
"ESV_23248","Bacteria","Acidobacteriota","Vicinamibacteria","Vicinamibacterales","Vicinamibacteraceae","Incertae Sedis","uncultured Acidobacteria bacterium"
"ESV_23249","Bacteria","Actinomycetota","Actinobacteria","Micrococcales","Micrococcaceae","Pseudarthrobacter","Arthrobacter sp. Hiyo4"
"ESV_23279","Bacteria","Acidobacteriota","Holophagae","Subgroup 7","Incertae Sedis","Incertae Sedis","metagenome"
"ESV_23294","Bacteria","Acidobacteriota","Vicinamibacteria","Vicinamibacterales","Vicinamibacteraceae","Incertae Sedis","uncultured Acidobacteria bacterium"
"ESV_23295","Bacteria","Actinomycetota","Actinobacteria","Micrococcales","Micrococcaceae","Pseudarthrobacter","Arthrobacter sp. Hiyo4"
"ESV_23349","Bacteria","Acidobacteriota","Vicinamibacteria","Subgroup 17","Incertae Sedis","Incertae Sedis","uncultured Acidobacteria bacterium"
"ESV_23350","Bacteria","Acidobacteriota","Vicinamibacteria","Vicinamibacterales","Incertae Sedis","Incertae Sedis","uncultured Acidobacteria bacterium"
"ESV_23351","Bacteria","Entotheonellaeota","Entotheonellia","Entotheonellales","Entotheonellaceae","Incertae Sedis","uncultured bacterium"
"ESV_23352","Bacteria","Actinomycetota","Thermoleophilia","Gaiellales","Incertae Sedis","Incertae Sedis","metagenome"
"ESV_23353","Bacteria","Actinomycetota","Thermoleophilia","Gaiellales","Gaiellaceae","Gaiella","uncultured bacterium"
"ESV_23354","Bacteria","Actinomycetota","Thermoleophilia","Gaiellales","Gaiellaceae","Gaiella","uncultured bacterium"
"ESV_23402","Bacteria","Verrucomicrobiota","Verrucomicrobiia","Chthoniobacterales","Chthoniobacteraceae","Candidatus Udaeobacter","uncultured bacterium"
"ESV_23403","Bacteria","Actinomycetota","Thermoleophilia","Solirubrobacterales","67-14","Incertae Sedis","uncultured bacterium"
"ESV_23404","Bacteria","Pseudomonadota","Gammaproteobacteria","Gammaproteobacteria Incertae Sedis","Unknown Family","Acidibacter","metagenome"
"ESV_23442","Bacteria","Acidobacteriota","Vicinamibacteria","Vicinamibacterales","Incertae Sedis","Incertae Sedis","metagenome"
"ESV_23443","Bacteria","Pseudomonadota","Gammaproteobacteria","Gammaproteobacteria Incertae Sedis","Unknown Family","Acidibacter","uncultured gamma proteobacterium"
"ESV_23449","Bacteria","Planctomycetota","Planctomycetes","Pirellulales","Pirellulaceae","Pirellula","metagenome"
"ESV_23473","Bacteria","Bacteroidota","Bacteroidia","Cytophagales","Microscillaceae","Ohtaekwangia","metagenome"
"ESV_23474","Bacteria","Pseudomonadota","Alphaproteobacteria","Reyranellales","Reyranellaceae","Reyranella","uncultured bacterium"
"ESV_23515","Bacteria","Bacteroidota","Bacteroidia","Chitinophagales","Chitinophagaceae","Ferruginibacter","uncultured Bacteroidetes bacterium"
"ESV_23574","Bacteria","Acidobacteriota","Vicinamibacteria","Vicinamibacterales","Incertae Sedis","Incertae Sedis","uncultured Acidobacteria bacterium"
"ESV_23575","Bacteria","Pseudomonadota","Alphaproteobacteria","Hyphomicrobiales","Hyphomicrobiaceae","Pedomicrobium","uncultured bacterium"
"ESV_23592","Bacteria","Actinomycetota","Actinobacteria","Mycobacteriales","Mycobacteriaceae","Mycobacterium","Mycobacterium sp. JS621"
"ESV_23597","Bacteria","Actinomycetota","Actinobacteria","Mycobacteriales","Mycobacteriaceae","Mycobacterium","Mycobacterium sp. JS621"
"ESV_23625","Bacteria","Acidobacteriota","Vicinamibacteria","Subgroup 17","Incertae Sedis","Incertae Sedis","uncultured Acidobacteria bacterium"
"ESV_23626","Bacteria","Acidobacteriota","Vicinamibacteria","Vicinamibacterales","Incertae Sedis","Incertae Sedis","uncultured Acidobacteria bacterium"
"ESV_23627","Bacteria","Entotheonellaeota","Entotheonellia","Entotheonellales","Entotheonellaceae","Incertae Sedis","uncultured bacterium"
"ESV_23628","Bacteria","Actinomycetota","Thermoleophilia","Gaiellales","Incertae Sedis","Incertae Sedis","metagenome"
"ESV_23629","Bacteria","Actinomycetota","Thermoleophilia","Gaiellales","Gaiellaceae","Gaiella","uncultured bacterium"
"ESV_23630","Bacteria","Actinomycetota","Thermoleophilia","Gaiellales","Gaiellaceae","Gaiella","uncultured bacterium"
"ESV_23678","Bacteria","Verrucomicrobiota","Verrucomicrobiia","Chthoniobacterales","Chthoniobacteraceae","Candidatus Udaeobacter","uncultured bacterium"
"ESV_23679","Bacteria","Actinomycetota","Thermoleophilia","Solirubrobacterales","67-14","Incertae Sedis","uncultured bacterium"
"ESV_23680","Bacteria","Pseudomonadota","Gammaproteobacteria","Gammaproteobacteria Incertae Sedis","Unknown Family","Acidibacter","metagenome"
"ESV_23718","Bacteria","Acidobacteriota","Vicinamibacteria","Vicinamibacterales","Incertae Sedis","Incertae Sedis","metagenome"
"ESV_23719","Bacteria","Pseudomonadota","Gammaproteobacteria","Gammaproteobacteria Incertae Sedis","Unknown Family","Acidibacter","uncultured gamma proteobacterium"
"ESV_23725","Bacteria","Planctomycetota","Planctomycetes","Pirellulales","Pirellulaceae","Pirellula","metagenome"
"ESV_23749","Bacteria","Bacteroidota","Bacteroidia","Cytophagales","Microscillaceae","Ohtaekwangia","metagenome"
"ESV_23750","Bacteria","Pseudomonadota","Alphaproteobacteria","Reyranellales","Reyranellaceae","Reyranella","uncultured bacterium"
"ESV_23791","Bacteria","Bacteroidota","Bacteroidia","Chitinophagales","Chitinophagaceae","Ferruginibacter","uncultured Bacteroidetes bacterium"
"ESV_23850","Bacteria","Acidobacteriota","Vicinamibacteria","Vicinamibacterales","Incertae Sedis","Incertae Sedis","uncultured Acidobacteria bacterium"
"ESV_23851","Bacteria","Pseudomonadota","Alphaproteobacteria","Hyphomicrobiales","Hyphomicrobiaceae","Pedomicrobium","uncultured bacterium"
"ESV_24226","Bacteria","Actinomycetota","Thermoleophilia","Solirubrobacterales","67-14","Incertae Sedis","uncultured bacterium"
"ESV_24248","Bacteria","Actinomycetota","Thermoleophilia","Solirubrobacterales","67-14","Incertae Sedis","uncultured bacterium"
"ESV_24262","Bacteria","Actinomycetota","Actinobacteria","Micrococcales","Intrasporangiaceae","Intrasporangium","uncultured actinobacterium"
"ESV_24274","Bacteria","Actinomycetota","Actinobacteria","Micrococcales","Intrasporangiaceae","Intrasporangium","uncultured actinobacterium"
"ESV_24283","Bacteria","Actinomycetota","Thermoleophilia","Solirubrobacterales","67-14","Incertae Sedis","metagenome"
"ESV_24289","Bacteria","Planctomycetota","Planctomycetes","Pirellulales","Pirellulaceae","Pir4 lineage","metagenome"
"ESV_24311","Bacteria","Actinomycetota","Thermoleophilia","Solirubrobacterales","67-14","Incertae Sedis","metagenome"
"ESV_24317","Bacteria","Planctomycetota","Planctomycetes","Pirellulales","Pirellulaceae","Pir4 lineage","metagenome"
"ESV_24359","Bacteria","Bacteroidota","Bacteroidia","Cytophagales","Microscillaceae","Ohtaekwangia","metagenome"
"ESV_24367","Bacteria","Pseudomonadota","Alphaproteobacteria","Rickettsiales","Mitochondria","Incertae Sedis","metagenome"
"ESV_24368","Bacteria","Actinomycetota","Actinobacteria","Micrococcales","Intrasporangiaceae","Humibacillus","Humibacillus xanthopallidus"
"ESV_24376","Bacteria","Actinomycetota","Actinobacteria","Micrococcales","Intrasporangiaceae","Terrabacter","Terrabacter terrae"
"ESV_24397","Bacteria","Bacteroidota","Bacteroidia","Cytophagales","Microscillaceae","Ohtaekwangia","metagenome"
"ESV_24405","Bacteria","Pseudomonadota","Alphaproteobacteria","Rickettsiales","Mitochondria","Incertae Sedis","metagenome"
"ESV_24406","Bacteria","Actinomycetota","Actinobacteria","Micrococcales","Intrasporangiaceae","Humibacillus","Humibacillus xanthopallidus"
"ESV_24414","Bacteria","Actinomycetota","Actinobacteria","Micrococcales","Intrasporangiaceae","Terrabacter","Terrabacter terrae"
"ESV_24436","Bacteria","Pseudomonadota","Gammaproteobacteria","Burkholderiales","SC-I-84","Incertae Sedis","uncultured bacterium"
"ESV_24467","Bacteria","Acidobacteriota","Vicinamibacteria","Vicinamibacterales","Incertae Sedis","Incertae Sedis","uncultured Acidobacteria bacterium"
"ESV_24483","Bacteria","Pseudomonadota","Gammaproteobacteria","Burkholderiales","SC-I-84","Incertae Sedis","uncultured bacterium"
"ESV_24514","Bacteria","Acidobacteriota","Vicinamibacteria","Vicinamibacterales","Incertae Sedis","Incertae Sedis","uncultured Acidobacteria bacterium"
"ESV_24556","Bacteria","Acidobacteriota","Vicinamibacteria","Vicinamibacterales","Vicinamibacteraceae","Incertae Sedis","uncultured bacterium"
"ESV_24557","Bacteria","Acidobacteriota","Vicinamibacteria","Vicinamibacterales","Incertae Sedis","Incertae Sedis","uncultured Acidobacteria bacterium"
"ESV_24558","Bacteria","Gemmatimonadota","Gemmatimonadia","Gemmatimonadales","Gemmatimonadaceae","Incertae Sedis","metagenome"
"ESV_24559","Bacteria","Pseudomonadota","Alphaproteobacteria","Hyphomicrobiales","Beijerinckiaceae","FFCH5858","uncultured Beijerinckiaceae bacterium"
"ESV_24560","Bacteria","Myxococcota","Polyangiia","Haliangiales","Haliangiaceae","Incertae Sedis","uncultured bacterium"
"ESV_24561","Bacteria","Acidobacteriota","Holophagae","Subgroup 7","Incertae Sedis","Incertae Sedis","uncultured bacterium"
"ESV_24562","Bacteria","Bacillota","Bacilli","Bacillales","Bacillaceae","Metabacillus","bacterium BYG2-5"
"ESV_24563","Bacteria","Pseudomonadota","Gammaproteobacteria","Burkholderiales","SC-I-84","Incertae Sedis","uncultured bacterium"
"ESV_24564","Bacteria","Actinomycetota","Acidimicrobiia","Microtrichales","Ilumatobacteraceae","Desertimonas","uncultured bacterium"
"ESV_24565","Bacteria","Pseudomonadota","Alphaproteobacteria","Hyphomicrobiales","Xanthobacteraceae","Incertae Sedis","uncultured bacterium"
"ESV_24566","Bacteria","Pseudomonadota","Alphaproteobacteria","Hyphomicrobiales","Xanthobacteraceae","Incertae Sedis","uncultured bacterium"
"ESV_24567","Bacteria","Actinomycetota","Acidimicrobiia","Microtrichales","Incertae Sedis","Incertae Sedis","uncultured bacterium"
"ESV_24568","Bacteria","Pseudomonadota","Alphaproteobacteria","Hyphomicrobiales","Hyphomicrobiaceae","Pedomicrobium","metagenome"
"ESV_24569","Bacteria","Acidobacteriota","Subgroup 5","Incertae Sedis","Incertae Sedis","Incertae Sedis","uncultured Acidobacteria bacterium"
"ESV_24615","Bacteria","Pseudomonadota","Gammaproteobacteria","Burkholderiales","Sutterellaceae","Incertae Sedis","uncultured bacterium"
"ESV_24616","Bacteria","Gemmatimonadota","Gemmatimonadia","Gemmatimonadales","Gemmatimonadaceae","Gemmatimonas","uncultured bacterium"
"ESV_24661","Bacteria","Pseudomonadota","Alphaproteobacteria","Rickettsiales","Mitochondria","Incertae Sedis","uncultured bacterium"
"ESV_24676","Bacteria","Planctomycetota","Planctomycetes","Pirellulales","Pirellulaceae","Pir4 lineage","metagenome"
"ESV_24689","Bacteria","Actinomycetota","Thermoleophilia","Gaiellales","Gaiellaceae","Gaiella","uncultured actinobacterium"
"ESV_24704","Bacteria","Planctomycetota","Planctomycetes","Pirellulales","Pirellulaceae","Pir4 lineage","uncultured bacterium"
"ESV_24705","Bacteria","Gemmatimonadota","Gemmatimonadia","Gemmatimonadales","Gemmatimonadaceae","Incertae Sedis","uncultured bacterium"
"ESV_24706","Bacteria","Actinomycetota","Thermoleophilia","Gaiellales","Gaiellaceae","Gaiella","uncultured soil bacterium"
"ESV_24730","Bacteria","Pseudomonadota","Gammaproteobacteria","Burkholderiales","Nitrosomonadaceae","Ellin6067","uncultured bacterium"
"ESV_24750","Bacteria","Pseudomonadota","Alphaproteobacteria","Hyphomicrobiales","Beijerinckiaceae","Microvirga","metagenome"
"ESV_24751","Bacteria","Planctomycetota","Planctomycetes","Planctomycetales","Incertae Sedis","Incertae Sedis","uncultured planctomycete"
"ESV_24752","Bacteria","Actinomycetota","Actinobacteria","Micrococcales","Micrococcaceae","Arthrobacter","Arthrobacter sp. ES3-54"
"ESV_24753","Bacteria","Actinomycetota","Acidimicrobiia","Microtrichales","Ilumatobacteraceae","Ilumatobacter","uncultured bacterium"
"ESV_24754","Bacteria","Planctomycetota","Planctomycetes","Pirellulales","Pirellulaceae","Pirellula","uncultured bacterium"
"ESV_24755","Bacteria","RCP2-54","Incertae Sedis","Incertae Sedis","Incertae Sedis","Incertae Sedis","metagenome"
"ESV_24756","Bacteria","Verrucomicrobiota","Verrucomicrobiia","Chthoniobacterales","Chthoniobacteraceae","Chthoniobacter","uncultured bacterium"
"ESV_24818","Bacteria","Acidobacteriota","Blastocatellia","Pyrinomonadales","Pyrinomonadaceae","Incertae Sedis","metagenome"
"ESV_24819","Bacteria","Pseudomonadota","Alphaproteobacteria","Hyphomicrobiales","Rhizobiaceae","Mesorhizobium","metagenome"
"ESV_24865","Bacteria","Acidobacteriota","Vicinamibacteria","Vicinamibacterales","Vicinamibacteraceae","Incertae Sedis","uncultured bacterium"
"ESV_24866","Bacteria","Acidobacteriota","Vicinamibacteria","Vicinamibacterales","Incertae Sedis","Incertae Sedis","uncultured Acidobacteria bacterium"
"ESV_24867","Bacteria","Gemmatimonadota","Gemmatimonadia","Gemmatimonadales","Gemmatimonadaceae","Incertae Sedis","metagenome"
"ESV_24868","Bacteria","Pseudomonadota","Alphaproteobacteria","Hyphomicrobiales","Beijerinckiaceae","FFCH5858","uncultured Beijerinckiaceae bacterium"
"ESV_24869","Bacteria","Myxococcota","Polyangiia","Haliangiales","Haliangiaceae","Incertae Sedis","uncultured bacterium"
"ESV_24870","Bacteria","Acidobacteriota","Holophagae","Subgroup 7","Incertae Sedis","Incertae Sedis","uncultured bacterium"
"ESV_24871","Bacteria","Bacillota","Bacilli","Bacillales","Bacillaceae","Metabacillus","bacterium BYG2-5"
"ESV_24872","Bacteria","Pseudomonadota","Gammaproteobacteria","Burkholderiales","SC-I-84","Incertae Sedis","uncultured bacterium"
"ESV_24873","Bacteria","Actinomycetota","Acidimicrobiia","Microtrichales","Ilumatobacteraceae","Desertimonas","uncultured bacterium"
"ESV_24874","Bacteria","Pseudomonadota","Alphaproteobacteria","Hyphomicrobiales","Xanthobacteraceae","Incertae Sedis","uncultured bacterium"
"ESV_24875","Bacteria","Pseudomonadota","Alphaproteobacteria","Hyphomicrobiales","Xanthobacteraceae","Incertae Sedis","uncultured bacterium"
"ESV_24876","Bacteria","Actinomycetota","Acidimicrobiia","Microtrichales","Incertae Sedis","Incertae Sedis","uncultured bacterium"
"ESV_24877","Bacteria","Pseudomonadota","Alphaproteobacteria","Hyphomicrobiales","Hyphomicrobiaceae","Pedomicrobium","metagenome"
"ESV_24878","Bacteria","Acidobacteriota","Subgroup 5","Incertae Sedis","Incertae Sedis","Incertae Sedis","uncultured Acidobacteria bacterium"
"ESV_24924","Bacteria","Pseudomonadota","Gammaproteobacteria","Burkholderiales","Sutterellaceae","Incertae Sedis","uncultured bacterium"
"ESV_24925","Bacteria","Gemmatimonadota","Gemmatimonadia","Gemmatimonadales","Gemmatimonadaceae","Gemmatimonas","uncultured bacterium"
"ESV_24970","Bacteria","Pseudomonadota","Alphaproteobacteria","Rickettsiales","Mitochondria","Incertae Sedis","uncultured bacterium"
"ESV_24985","Bacteria","Planctomycetota","Planctomycetes","Pirellulales","Pirellulaceae","Pir4 lineage","metagenome"
"ESV_24998","Bacteria","Actinomycetota","Thermoleophilia","Gaiellales","Gaiellaceae","Gaiella","uncultured actinobacterium"
"ESV_25013","Bacteria","Planctomycetota","Planctomycetes","Pirellulales","Pirellulaceae","Pir4 lineage","uncultured bacterium"
"ESV_25014","Bacteria","Gemmatimonadota","Gemmatimonadia","Gemmatimonadales","Gemmatimonadaceae","Incertae Sedis","uncultured bacterium"
"ESV_25015","Bacteria","Actinomycetota","Thermoleophilia","Gaiellales","Gaiellaceae","Gaiella","uncultured soil bacterium"
"ESV_25039","Bacteria","Pseudomonadota","Gammaproteobacteria","Burkholderiales","Nitrosomonadaceae","Ellin6067","uncultured bacterium"
"ESV_25059","Bacteria","Pseudomonadota","Alphaproteobacteria","Hyphomicrobiales","Beijerinckiaceae","Microvirga","metagenome"
"ESV_25060","Bacteria","Planctomycetota","Planctomycetes","Planctomycetales","Incertae Sedis","Incertae Sedis","uncultured planctomycete"
"ESV_25061","Bacteria","Actinomycetota","Actinobacteria","Micrococcales","Micrococcaceae","Arthrobacter","Arthrobacter sp. ES3-54"
"ESV_25062","Bacteria","Actinomycetota","Acidimicrobiia","Microtrichales","Ilumatobacteraceae","Ilumatobacter","uncultured bacterium"
"ESV_25063","Bacteria","Planctomycetota","Planctomycetes","Pirellulales","Pirellulaceae","Pirellula","uncultured bacterium"
"ESV_25064","Bacteria","RCP2-54","Incertae Sedis","Incertae Sedis","Incertae Sedis","Incertae Sedis","metagenome"
"ESV_25065","Bacteria","Verrucomicrobiota","Verrucomicrobiia","Chthoniobacterales","Chthoniobacteraceae","Chthoniobacter","uncultured bacterium"
"ESV_25127","Bacteria","Acidobacteriota","Blastocatellia","Pyrinomonadales","Pyrinomonadaceae","Incertae Sedis","metagenome"
"ESV_25128","Bacteria","Pseudomonadota","Alphaproteobacteria","Hyphomicrobiales","Rhizobiaceae","Mesorhizobium","metagenome"
"ESV_25539","Bacteria","Planctomycetota","Planctomycetes","Pirellulales","Pirellulaceae","Pir4 lineage","uncultured bacterium"
"ESV_25540","Bacteria","Planctomycetota","Planctomycetes","Pirellulales","Pirellulaceae","Pir4 lineage","uncultured bacterium"
"ESV_25585","Bacteria","Actinomycetota","Thermoleophilia","Gaiellales","Incertae Sedis","Incertae Sedis","uncultured bacterium"
"ESV_25614","Bacteria","Actinomycetota","Thermoleophilia","Gaiellales","Incertae Sedis","Incertae Sedis","uncultured bacterium"
"ESV_25645","Bacteria","Pseudomonadota","Alphaproteobacteria","Rickettsiales","Mitochondria","Incertae Sedis","Spongospora subterranea"
"ESV_25646","Bacteria","Pseudomonadota","Alphaproteobacteria","Rickettsiales","Mitochondria","Incertae Sedis","uncultured bacterium"
"ESV_25656","Bacteria","Pseudomonadota","Alphaproteobacteria","Hyphomicrobiales","Xanthobacteraceae","Incertae Sedis","uncultured Xanthobacteraceae bacterium"
"ESV_25688","Bacteria","Pseudomonadota","Alphaproteobacteria","Rickettsiales","Mitochondria","Incertae Sedis","Spongospora subterranea"
"ESV_25689","Bacteria","Pseudomonadota","Alphaproteobacteria","Rickettsiales","Mitochondria","Incertae Sedis","uncultured bacterium"
"ESV_25699","Bacteria","Pseudomonadota","Alphaproteobacteria","Hyphomicrobiales","Xanthobacteraceae","Incertae Sedis","uncultured Xanthobacteraceae bacterium"
"ESV_25720","Bacteria","Acidobacteriota","Vicinamibacteria","Vicinamibacterales","Vicinamibacteraceae","Incertae Sedis","uncultured bacterium"
"ESV_25721","Bacteria","Acidobacteriota","Vicinamibacteria","Subgroup 17","Incertae Sedis","Incertae Sedis","uncultured Acidobacteria bacterium"
"ESV_25760","Bacteria","Acidobacteriota","Vicinamibacteria","Subgroup 17","Incertae Sedis","Incertae Sedis","uncultured Acidobacteria bacterium"
"ESV_25777","Bacteria","Acidobacteriota","Vicinamibacteria","Vicinamibacterales","Vicinamibacteraceae","Incertae Sedis","uncultured bacterium"
"ESV_25778","Bacteria","Acidobacteriota","Vicinamibacteria","Subgroup 17","Incertae Sedis","Incertae Sedis","uncultured Acidobacteria bacterium"
"ESV_25817","Bacteria","Acidobacteriota","Vicinamibacteria","Subgroup 17","Incertae Sedis","Incertae Sedis","uncultured Acidobacteria bacterium"
"ESV_25852","Bacteria","Planctomycetota","Planctomycetes","Pirellulales","Pirellulaceae","Incertae Sedis","metagenome"
"ESV_25853","Bacteria","Actinomycetota","Actinobacteria","Micrococcales","Intrasporangiaceae","Tetrasphaera","uncultured soil bacterium"
"ESV_25854","Bacteria","Pseudomonadota","Alphaproteobacteria","Hyphomicrobiales","Hyphomicrobiales Incertae Sedis","Bauldia","metagenome"
"ESV_25855","Bacteria","Pseudomonadota","Gammaproteobacteria","Burkholderiales","TRA3-20","Incertae Sedis","metagenome"
"ESV_25856","Bacteria","Bacteroidota","Bacteroidia","Cytophagales","Microscillaceae","Ohtaekwangia","metagenome"
"ESV_25857","Bacteria","Acidobacteriota","Vicinamibacteria","Vicinamibacterales","Incertae Sedis","Incertae Sedis","uncultured Acidobacteria bacterium"
"ESV_25858","Bacteria","Acidobacteriota","Vicinamibacteria","Vicinamibacterales","Incertae Sedis","Incertae Sedis","uncultured Acidobacteria bacterium"
"ESV_25859","Bacteria","Actinomycetota","Thermoleophilia","Solirubrobacterales","67-14","Incertae Sedis","uncultured bacterium"
"ESV_25915","Bacteria","Acidobacteriota","Acidobacteriae","Terriglobales","Acidobacteriaceae (Subgroup 1)","Incertae Sedis","uncultured eubacterium WD247"
"ESV_25916","Bacteria","Verrucomicrobiota","Verrucomicrobiia","Chthoniobacterales","Chthoniobacteraceae","Candidatus Udaeobacter","uncultured bacterium"
"ESV_25917","Bacteria","Actinomycetota","Thermoleophilia","Gaiellales","Gaiellaceae","Gaiella","uncultured bacterium"
"ESV_25960","Bacteria","Gemmatimonadota","Gemmatimonadia","Gemmatimonadales","Gemmatimonadaceae","Gemmatimonas","uncultured bacterium"
"ESV_25981","Bacteria","Verrucomicrobiota","Verrucomicrobiia","Verrucomicrobiales","Verrucomicrobiaceae","Roseimicrobium","uncultured bacterium"
"ESV_25982","Bacteria","Pseudomonadota","Alphaproteobacteria","Hyphomicrobiales","Hyphomicrobiaceae","Hyphomicrobium","metagenome"
"ESV_25997","Bacteria","Actinomycetota","MB-A2-108","Incertae Sedis","Incertae Sedis","Incertae Sedis","metagenome"
"ESV_26018","Bacteria","Planctomycetota","Planctomycetes","Planctomycetales","Rubinisphaeraceae","SH-PL14","uncultured bacterium"
"ESV_26019","Bacteria","Bacteroidota","Bacteroidia","Chitinophagales","Chitinophagaceae","Ferruginibacter","uncultured Bacteroidetes bacterium"
"ESV_26020","Bacteria","Pseudomonadota","Gammaproteobacteria","Burkholderiales","Comamonadaceae","Hydrogenophaga","uncultured Hydrogenophaga sp."
"ESV_26021","Bacteria","Planctomycetota","Planctomycetes","Planctomycetales","Incertae Sedis","Incertae Sedis","uncultured bacterium"
"ESV_26022","Bacteria","Pseudomonadota","Alphaproteobacteria","Elsterales","Incertae Sedis","Incertae Sedis","uncultured bacterium"
"ESV_26064","Bacteria","Pseudomonadota","Alphaproteobacteria","Hyphomicrobiales","Xanthobacteraceae","Incertae Sedis","metagenome"
"ESV_26122","Bacteria","Pseudomonadota","Gammaproteobacteria","PLTA13","Incertae Sedis","Incertae Sedis","metagenome"
"ESV_26123","Bacteria","Pseudomonadota","Gammaproteobacteria","Burkholderiales","Oxalobacteraceae","Incertae Sedis","uncultured bacterium"
"ESV_26124","Bacteria","Planctomycetota","Planctomycetes","Pirellulales","Pirellulaceae","Incertae Sedis","uncultured bacterium"
"ESV_26125","Bacteria","Actinomycetota","Thermoleophilia","Gaiellales","Incertae Sedis","Incertae Sedis","uncultured bacterium"
"ESV_26135","Bacteria","Planctomycetota","Phycisphaerae","Tepidisphaerales","WD2101 soil group","Incertae Sedis","uncultured bacterium"
"ESV_26136","Bacteria","Planctomycetota","Phycisphaerae","Tepidisphaerales","WD2101 soil group","Incertae Sedis","uncultured bacterium"
"ESV_26156","Bacteria","Planctomycetota","Planctomycetes","Pirellulales","Pirellulaceae","Incertae Sedis","metagenome"
"ESV_26157","Bacteria","Actinomycetota","Actinobacteria","Micrococcales","Intrasporangiaceae","Tetrasphaera","uncultured soil bacterium"
"ESV_26158","Bacteria","Pseudomonadota","Alphaproteobacteria","Hyphomicrobiales","Hyphomicrobiales Incertae Sedis","Bauldia","metagenome"
"ESV_26159","Bacteria","Pseudomonadota","Gammaproteobacteria","Burkholderiales","TRA3-20","Incertae Sedis","metagenome"
"ESV_26160","Bacteria","Bacteroidota","Bacteroidia","Cytophagales","Microscillaceae","Ohtaekwangia","metagenome"
"ESV_26161","Bacteria","Acidobacteriota","Vicinamibacteria","Vicinamibacterales","Incertae Sedis","Incertae Sedis","uncultured Acidobacteria bacterium"
"ESV_26162","Bacteria","Acidobacteriota","Vicinamibacteria","Vicinamibacterales","Incertae Sedis","Incertae Sedis","uncultured Acidobacteria bacterium"
"ESV_26163","Bacteria","Actinomycetota","Thermoleophilia","Solirubrobacterales","67-14","Incertae Sedis","uncultured bacterium"
"ESV_26219","Bacteria","Acidobacteriota","Acidobacteriae","Terriglobales","Acidobacteriaceae (Subgroup 1)","Incertae Sedis","uncultured eubacterium WD247"
"ESV_26220","Bacteria","Verrucomicrobiota","Verrucomicrobiia","Chthoniobacterales","Chthoniobacteraceae","Candidatus Udaeobacter","uncultured bacterium"
"ESV_26221","Bacteria","Actinomycetota","Thermoleophilia","Gaiellales","Gaiellaceae","Gaiella","uncultured bacterium"
"ESV_26264","Bacteria","Gemmatimonadota","Gemmatimonadia","Gemmatimonadales","Gemmatimonadaceae","Gemmatimonas","uncultured bacterium"
"ESV_26285","Bacteria","Verrucomicrobiota","Verrucomicrobiia","Verrucomicrobiales","Verrucomicrobiaceae","Roseimicrobium","uncultured bacterium"
"ESV_26286","Bacteria","Pseudomonadota","Alphaproteobacteria","Hyphomicrobiales","Hyphomicrobiaceae","Hyphomicrobium","metagenome"
"ESV_26301","Bacteria","Actinomycetota","MB-A2-108","Incertae Sedis","Incertae Sedis","Incertae Sedis","metagenome"
"ESV_26322","Bacteria","Planctomycetota","Planctomycetes","Planctomycetales","Rubinisphaeraceae","SH-PL14","uncultured bacterium"
"ESV_26323","Bacteria","Bacteroidota","Bacteroidia","Chitinophagales","Chitinophagaceae","Ferruginibacter","uncultured Bacteroidetes bacterium"
"ESV_26324","Bacteria","Pseudomonadota","Gammaproteobacteria","Burkholderiales","Comamonadaceae","Hydrogenophaga","uncultured Hydrogenophaga sp."
"ESV_26325","Bacteria","Planctomycetota","Planctomycetes","Planctomycetales","Incertae Sedis","Incertae Sedis","uncultured bacterium"
"ESV_26326","Bacteria","Pseudomonadota","Alphaproteobacteria","Elsterales","Incertae Sedis","Incertae Sedis","uncultured bacterium"
"ESV_26368","Bacteria","Pseudomonadota","Alphaproteobacteria","Hyphomicrobiales","Xanthobacteraceae","Incertae Sedis","metagenome"
"ESV_26426","Bacteria","Pseudomonadota","Gammaproteobacteria","PLTA13","Incertae Sedis","Incertae Sedis","metagenome"
"ESV_26427","Bacteria","Pseudomonadota","Gammaproteobacteria","Burkholderiales","Oxalobacteraceae","Incertae Sedis","uncultured bacterium"
"ESV_26428","Bacteria","Planctomycetota","Planctomycetes","Pirellulales","Pirellulaceae","Incertae Sedis","uncultured bacterium"
"ESV_26429","Bacteria","Actinomycetota","Thermoleophilia","Gaiellales","Incertae Sedis","Incertae Sedis","uncultured bacterium"
"ESV_26836","Eukaryota","Amorphea","Obazoa","Opisthokonta","Nucletmycea","Fungi","Chytridiomycota"
"ESV_26849","Bacteria","Actinomycetota","Actinobacteria","Micrococcales","Microbacteriaceae","Microbacterium","Microbacterium hatanonis"
"ESV_26866","Eukaryota","Amorphea","Obazoa","Opisthokonta","Nucletmycea","Fungi","Chytridiomycota"
"ESV_26879","Bacteria","Actinomycetota","Actinobacteria","Micrococcales","Microbacteriaceae","Microbacterium","Microbacterium hatanonis"
"ESV_26898","Bacteria","Bacteroidota","Bacteroidia","Bacteroidales","Dysgonomonadaceae","Dysgonomonas","Prevotella sp. 10(H)"
"ESV_26899","Bacteria","Pseudomonadota","Gammaproteobacteria","Gammaproteobacteria Incertae Sedis","Unknown Family","Acidibacter","uncultured gamma proteobacterium"
"ESV_26902","Bacteria","Pseudomonadota","Alphaproteobacteria","Hyphomicrobiales","Beijerinckiaceae","Microvirga","Microvirga ossetica"
"ESV_26914","Bacteria","Bacteroidota","Bacteroidia","Bacteroidales","Dysgonomonadaceae","Dysgonomonas","Prevotella sp. 10(H)"
"ESV_26915","Bacteria","Pseudomonadota","Gammaproteobacteria","Gammaproteobacteria Incertae Sedis","Unknown Family","Acidibacter","uncultured gamma proteobacterium"
"ESV_26918","Bacteria","Pseudomonadota","Alphaproteobacteria","Hyphomicrobiales","Beijerinckiaceae","Microvirga","Microvirga ossetica"
"ESV_26931","Bacteria","Actinomycetota","Actinobacteria","Propionibacteriales","Propionibacteriaceae","Microlunatus","uncultured bacterium"
"ESV_26936","Bacteria","Verrucomicrobiota","Verrucomicrobiia","Chthoniobacterales","Chthoniobacteraceae","Candidatus Udaeobacter","uncultured bacterium"
"ESV_26955","Bacteria","Actinomycetota","Actinobacteria","Propionibacteriales","Propionibacteriaceae","Microlunatus","uncultured bacterium"
"ESV_26960","Bacteria","Verrucomicrobiota","Verrucomicrobiia","Chthoniobacterales","Chthoniobacteraceae","Candidatus Udaeobacter","uncultured bacterium"
"ESV_26978","Bacteria","Verrucomicrobiota","Verrucomicrobiia","Chthoniobacterales","Chthoniobacteraceae","Candidatus Udaeobacter","uncultured bacterium"
"ESV_26987","Bacteria","Acidobacteriota","Blastocatellia","Pyrinomonadales","Pyrinomonadaceae","Incertae Sedis","uncultured bacterium"
"ESV_26992","Bacteria","Verrucomicrobiota","Verrucomicrobiia","Chthoniobacterales","Chthoniobacteraceae","Candidatus Udaeobacter","uncultured bacterium"
"ESV_27002","Bacteria","Actinomycetota","MB-A2-108","Incertae Sedis","Incertae Sedis","Incertae Sedis","uncultured bacterium"
"ESV_27026","Bacteria","Verrucomicrobiota","Verrucomicrobiia","Chthoniobacterales","Chthoniobacteraceae","Candidatus Udaeobacter","uncultured bacterium"
"ESV_27035","Bacteria","Acidobacteriota","Blastocatellia","Pyrinomonadales","Pyrinomonadaceae","Incertae Sedis","uncultured bacterium"
"ESV_27040","Bacteria","Verrucomicrobiota","Verrucomicrobiia","Chthoniobacterales","Chthoniobacteraceae","Candidatus Udaeobacter","uncultured bacterium"
"ESV_27050","Bacteria","Actinomycetota","MB-A2-108","Incertae Sedis","Incertae Sedis","Incertae Sedis","uncultured bacterium"
"ESV_27078","Bacteria","Pseudomonadota","Alphaproteobacteria","Hyphomicrobiales","Xanthobacteraceae","Bradyrhizobium","Bradyrhizobium erythrophlei"
"ESV_27079","Bacteria","Actinomycetota","Thermoleophilia","Solirubrobacterales","Solirubrobacteraceae","Solirubrobacter","metagenome"
"ESV_27125","Bacteria","Acidobacteriota","Blastocatellia","11-24","Incertae Sedis","Incertae Sedis","uncultured Acidobacteria bacterium"
"ESV_27126","Bacteria","Acidobacteriota","Blastocatellia","Blastocatellales","Blastocatellaceae","Incertae Sedis","uncultured Acidobacteria bacterium"
"ESV_27148","Bacteria","Pseudomonadota","Alphaproteobacteria","Hyphomicrobiales","Xanthobacteraceae","Bradyrhizobium","Bradyrhizobium erythrophlei"
"ESV_27149","Bacteria","Actinomycetota","Thermoleophilia","Solirubrobacterales","Solirubrobacteraceae","Solirubrobacter","metagenome"
"ESV_27195","Bacteria","Acidobacteriota","Blastocatellia","11-24","Incertae Sedis","Incertae Sedis","uncultured Acidobacteria bacterium"
"ESV_27196","Bacteria","Acidobacteriota","Blastocatellia","Blastocatellales","Blastocatellaceae","Incertae Sedis","uncultured Acidobacteria bacterium"
"ESV_27212","Bacteria","Actinomycetota","Acidimicrobiia","Acidimicrobiales","Acidimicrobiaceae","Acidiferrimicrobium","uncultured bacterium"
"ESV_27213","Bacteria","Actinomycetota","Acidimicrobiia","Acidimicrobiales","Acidimicrobiaceae","Acidiferrimicrobium","uncultured bacterium"
"ESV_27251","Bacteria","Methylomirabilota","Methylomirabilia","Rokubacteriales","Incertae Sedis","Incertae Sedis","metagenome"
"ESV_27252","Bacteria","Actinomycetota","Thermoleophilia","Solirubrobacterales","67-14","Incertae Sedis","uncultured bacterium"
"ESV_27253","Bacteria","Pseudomonadota","Alphaproteobacteria","Tistrellales","Geminicoccaceae","Candidatus Alysiosphaera","metagenome"
"ESV_27254","Bacteria","Gemmatimonadota","Gemmatimonadia","Gemmatimonadales","Gemmatimonadaceae","Incertae Sedis","uncultured Gemmatimonas sp."
"ESV_27255","Bacteria","Pseudomonadota","Alphaproteobacteria","Hyphomicrobiales","Xanthobacteraceae","Incertae Sedis","uncultured Methylocystaceae bacterium"
"ESV_27256","Bacteria","Acidobacteriota","Vicinamibacteria","Vicinamibacterales","Vicinamibacteraceae","Incertae Sedis","uncultured bacterium"
"ESV_27257","Bacteria","Pseudomonadota","Alphaproteobacteria","Hyphomicrobiales","Rhizobiaceae","Incertae Sedis","metagenome"
"ESV_27258","Bacteria","Actinomycetota","Thermoleophilia","Gaiellales","Gaiellaceae","Gaiella","uncultured bacterium"
"ESV_27259","Bacteria","Verrucomicrobiota","Verrucomicrobiia","Chthoniobacterales","Chthoniobacteraceae","Candidatus Udaeobacter","uncultured bacterium"
"ESV_27315","Bacteria","Gemmatimonadota","Gemmatimonadia","Gemmatimonadales","Gemmatimonadaceae","Incertae Sedis","uncultured bacterium"
"ESV_27359","Bacteria","Pseudomonadota","Gammaproteobacteria","Burkholderiales","Comamonadaceae","Ramlibacter","uncultured Verminephrobacter sp."
"ESV_27360","Bacteria","Acidobacteriota","Vicinamibacteria","Vicinamibacterales","Incertae Sedis","Incertae Sedis","uncultured Acidobacteria bacterium"
"ESV_27361","Bacteria","Actinomycetota","Thermoleophilia","Solirubrobacterales","67-14","Incertae Sedis","uncultured bacterium"
"ESV_27362","Bacteria","Pseudomonadota","Gammaproteobacteria","Lysobacterales","Lysobacteraceae","Lysobacter","Lysobacter sp. YS-37"
"ESV_27363","Bacteria","Pseudomonadota","Alphaproteobacteria","Rhodobacterales","Paracoccaceae","Incertae Sedis","uncultured bacterium"
"ESV_27364","Bacteria","Pseudomonadota","Gammaproteobacteria","Burkholderiales","Burkholderiaceae","Lautropia","uncultured bacterium"
"ESV_27388","Bacteria","Myxococcota","bacteriap25","Incertae Sedis","Incertae Sedis","Incertae Sedis","uncultured bacterium"
"ESV_27401","Bacteria","Pseudomonadota","Alphaproteobacteria","Hyphomicrobiales","Xanthobacteraceae","Incertae Sedis","metagenome"
"ESV_27419","Bacteria","Pseudomonadota","Alphaproteobacteria","Hyphomicrobiales","Hyphomicrobiaceae","Pedomicrobium","uncultured bacterium"
"ESV_27420","Bacteria","Acidobacteriota","Blastocatellia","Pyrinomonadales","Pyrinomonadaceae","Incertae Sedis","uncultured bacterium"
"ESV_27444","Bacteria","Pseudomonadota","Gammaproteobacteria","Steroidobacterales","Steroidobacteraceae","Incertae Sedis","uncultured bacterium"
"ESV_27461","Bacteria","Acidobacteriota","Thermoanaerobaculia","Thermoanaerobaculales","Thermoanaerobaculaceae","Subgroup 10","metagenome"
"ESV_27463","Bacteria","Verrucomicrobiota","Verrucomicrobiia","Chthoniobacterales","Chthoniobacteraceae","Candidatus Udaeobacter","uncultured bacterium"
"ESV_27464","Bacteria","Pseudomonadota","Alphaproteobacteria","Hyphomicrobiales","Hyphomicrobiaceae","Pedomicrobium","metagenome"
"ESV_27538","Bacteria","Verrucomicrobiota","Verrucomicrobiia","Pedosphaerales","Pedosphaeraceae","Ellin516","uncultured bacterium"
"ESV_27539","Bacteria","Pseudomonadota","Gammaproteobacteria","Burkholderiales","Nitrosomonadaceae","Nitrosospira","Nitrosospira lacus"
"ESV_27554","Bacteria","Planctomycetota","Planctomycetes","Pirellulales","Pirellulaceae","Pirellula","uncultured bacterium"
"ESV_27555","Bacteria","Planctomycetota","Planctomycetes","Pirellulales","Pirellulaceae","Pirellula","uncultured bacterium"
"ESV_27586","Bacteria","Methylomirabilota","Methylomirabilia","Rokubacteriales","Incertae Sedis","Incertae Sedis","metagenome"
"ESV_27587","Bacteria","Actinomycetota","Thermoleophilia","Solirubrobacterales","67-14","Incertae Sedis","uncultured bacterium"
"ESV_27588","Bacteria","Pseudomonadota","Alphaproteobacteria","Tistrellales","Geminicoccaceae","Candidatus Alysiosphaera","metagenome"
"ESV_27589","Bacteria","Gemmatimonadota","Gemmatimonadia","Gemmatimonadales","Gemmatimonadaceae","Incertae Sedis","uncultured Gemmatimonas sp."
"ESV_27590","Bacteria","Pseudomonadota","Alphaproteobacteria","Hyphomicrobiales","Xanthobacteraceae","Incertae Sedis","uncultured Methylocystaceae bacterium"
"ESV_27591","Bacteria","Acidobacteriota","Vicinamibacteria","Vicinamibacterales","Vicinamibacteraceae","Incertae Sedis","uncultured bacterium"
"ESV_27592","Bacteria","Pseudomonadota","Alphaproteobacteria","Hyphomicrobiales","Rhizobiaceae","Incertae Sedis","metagenome"
"ESV_27593","Bacteria","Actinomycetota","Thermoleophilia","Gaiellales","Gaiellaceae","Gaiella","uncultured bacterium"
"ESV_27594","Bacteria","Verrucomicrobiota","Verrucomicrobiia","Chthoniobacterales","Chthoniobacteraceae","Candidatus Udaeobacter","uncultured bacterium"
"ESV_27650","Bacteria","Gemmatimonadota","Gemmatimonadia","Gemmatimonadales","Gemmatimonadaceae","Incertae Sedis","uncultured bacterium"
"ESV_27694","Bacteria","Pseudomonadota","Gammaproteobacteria","Burkholderiales","Comamonadaceae","Ramlibacter","uncultured Verminephrobacter sp."
"ESV_27695","Bacteria","Acidobacteriota","Vicinamibacteria","Vicinamibacterales","Incertae Sedis","Incertae Sedis","uncultured Acidobacteria bacterium"
"ESV_27696","Bacteria","Actinomycetota","Thermoleophilia","Solirubrobacterales","67-14","Incertae Sedis","uncultured bacterium"
"ESV_27697","Bacteria","Pseudomonadota","Gammaproteobacteria","Lysobacterales","Lysobacteraceae","Lysobacter","Lysobacter sp. YS-37"
"ESV_27698","Bacteria","Pseudomonadota","Alphaproteobacteria","Rhodobacterales","Paracoccaceae","Incertae Sedis","uncultured bacterium"
"ESV_27699","Bacteria","Pseudomonadota","Gammaproteobacteria","Burkholderiales","Burkholderiaceae","Lautropia","uncultured bacterium"
"ESV_27723","Bacteria","Myxococcota","bacteriap25","Incertae Sedis","Incertae Sedis","Incertae Sedis","uncultured bacterium"
"ESV_27736","Bacteria","Pseudomonadota","Alphaproteobacteria","Hyphomicrobiales","Xanthobacteraceae","Incertae Sedis","metagenome"
"ESV_27754","Bacteria","Pseudomonadota","Alphaproteobacteria","Hyphomicrobiales","Hyphomicrobiaceae","Pedomicrobium","uncultured bacterium"
"ESV_27755","Bacteria","Acidobacteriota","Blastocatellia","Pyrinomonadales","Pyrinomonadaceae","Incertae Sedis","uncultured bacterium"
"ESV_27779","Bacteria","Pseudomonadota","Gammaproteobacteria","Steroidobacterales","Steroidobacteraceae","Incertae Sedis","uncultured bacterium"
"ESV_27796","Bacteria","Acidobacteriota","Thermoanaerobaculia","Thermoanaerobaculales","Thermoanaerobaculaceae","Subgroup 10","metagenome"
"ESV_27798","Bacteria","Verrucomicrobiota","Verrucomicrobiia","Chthoniobacterales","Chthoniobacteraceae","Candidatus Udaeobacter","uncultured bacterium"
"ESV_27799","Bacteria","Pseudomonadota","Alphaproteobacteria","Hyphomicrobiales","Hyphomicrobiaceae","Pedomicrobium","metagenome"
"ESV_27873","Bacteria","Verrucomicrobiota","Verrucomicrobiia","Pedosphaerales","Pedosphaeraceae","Ellin516","uncultured bacterium"
"ESV_27874","Bacteria","Pseudomonadota","Gammaproteobacteria","Burkholderiales","Nitrosomonadaceae","Nitrosospira","Nitrosospira lacus"
"ESV_28306","Bacteria","Pseudomonadota","Alphaproteobacteria","Hyphomicrobiales","Xanthobacteraceae","Incertae Sedis","uncultured bacterium"
"ESV_28343","Bacteria","Pseudomonadota","Alphaproteobacteria","Hyphomicrobiales","Xanthobacteraceae","Incertae Sedis","uncultured bacterium"
"ESV_28392","Bacteria","Actinomycetota","Actinobacteria","Micrococcales","Micrococcaceae","Arthrobacter","Arthrobacter sp. ES3-54"
"ESV_28413","Bacteria","Actinomycetota","Actinobacteria","Micrococcales","Micrococcaceae","Arthrobacter","Arthrobacter sp. ES3-54"
"ESV_28423","Bacteria","Pseudomonadota","Alphaproteobacteria","Rickettsiales","Mitochondria","Incertae Sedis","uncultured bacterium"
"ESV_28424","Bacteria","Pseudomonadota","Alphaproteobacteria","Rickettsiales","Mitochondria","Incertae Sedis","uncultured bacterium"
"ESV_28431","Bacteria","Pseudomonadota","Alphaproteobacteria","Hyphomicrobiales","Methyloligellaceae","Incertae Sedis","metagenome"
"ESV_28446","Bacteria","Pseudomonadota","Alphaproteobacteria","Hyphomicrobiales","Hyphomicrobiaceae","Pedomicrobium","metagenome"
"ESV_28453","Bacteria","Bacteroidota","Bacteroidia","Cytophagales","Microscillaceae","Incertae Sedis","uncultured bacterium"
"ESV_28461","Bacteria","Pseudomonadota","Alphaproteobacteria","Hyphomicrobiales","Methyloligellaceae","Incertae Sedis","metagenome"
"ESV_28476","Bacteria","Pseudomonadota","Alphaproteobacteria","Hyphomicrobiales","Hyphomicrobiaceae","Pedomicrobium","metagenome"
"ESV_28483","Bacteria","Bacteroidota","Bacteroidia","Cytophagales","Microscillaceae","Incertae Sedis","uncultured bacterium"
"ESV_28493","Bacteria","Pseudomonadota","Alphaproteobacteria","Hyphomicrobiales","Hyphomicrobiaceae","Pedomicrobium","metagenome"
"ESV_28506","Bacteria","Actinomycetota","Actinobacteria","Propionibacteriales","Propionibacteriaceae","Microlunatus","uncultured bacterium"
"ESV_28524","Bacteria","Acidobacteriota","Holophagae","Subgroup 7","Incertae Sedis","Incertae Sedis","uncultured Acidobacteria bacterium"
"ESV_28540","Bacteria","Pseudomonadota","Alphaproteobacteria","Hyphomicrobiales","Hyphomicrobiaceae","Pedomicrobium","metagenome"
"ESV_28553","Bacteria","Actinomycetota","Actinobacteria","Propionibacteriales","Propionibacteriaceae","Microlunatus","uncultured bacterium"
"ESV_28571","Bacteria","Acidobacteriota","Holophagae","Subgroup 7","Incertae Sedis","Incertae Sedis","uncultured Acidobacteria bacterium"
"ESV_28609","Bacteria","Pseudomonadota","Alphaproteobacteria","Hyphomicrobiales","Xanthobacteraceae","Incertae Sedis","uncultured Alphaproteobacteria bacterium"
"ESV_28610","Bacteria","Acidobacteriota","Vicinamibacteria","Subgroup 17","Incertae Sedis","Incertae Sedis","uncultured Acidobacteria bacterium"
"ESV_28652","Bacteria","Bacteroidota","Bacteroidia","Chitinophagales","Chitinophagaceae","Incertae Sedis","metagenome"
"ESV_28653","Bacteria","Acidobacteriota","Vicinamibacteria","Vicinamibacterales","Vicinamibacteraceae","Incertae Sedis","uncultured Acidobacteria bacterium"
"ESV_28696","Bacteria","Pseudomonadota","Alphaproteobacteria","Hyphomicrobiales","Xanthobacteraceae","Incertae Sedis","uncultured Alphaproteobacteria bacterium"
"ESV_28697","Bacteria","Acidobacteriota","Vicinamibacteria","Subgroup 17","Incertae Sedis","Incertae Sedis","uncultured Acidobacteria bacterium"
"ESV_28739","Bacteria","Bacteroidota","Bacteroidia","Chitinophagales","Chitinophagaceae","Incertae Sedis","metagenome"
"ESV_28740","Bacteria","Acidobacteriota","Vicinamibacteria","Vicinamibacterales","Vicinamibacteraceae","Incertae Sedis","uncultured Acidobacteria bacterium"
"ESV_28809","Bacteria","Actinomycetota","Thermoleophilia","Solirubrobacterales","67-14","Incertae Sedis","uncultured bacterium"
"ESV_28810","Bacteria","Acidobacteriota","Subgroup 5","Incertae Sedis","Incertae Sedis","Incertae Sedis","uncultured Acidobacteria bacterium"
"ESV_28811","Bacteria","Actinomycetota","Thermoleophilia","Gaiellales","Incertae Sedis","Incertae Sedis","uncultured Rubrobacteria bacterium"
"ESV_28812","Bacteria","Pseudomonadota","Alphaproteobacteria","Tistrellales","Geminicoccaceae","Incertae Sedis","uncultured bacterium"
"ESV_28813","Bacteria","Acidobacteriota","Vicinamibacteria","Vicinamibacterales","Incertae Sedis","Incertae Sedis","uncultured bacterium"
"ESV_28814","Bacteria","Acidobacteriota","Vicinamibacteria","Vicinamibacterales","Incertae Sedis","Incertae Sedis","uncultured Acidobacteria bacterium"
"ESV_28815","Bacteria","Actinomycetota","Acidimicrobiia","Acidimicrobiales","Acidimicrobiaceae","Acidiferrimicrobium","metagenome"
"ESV_28816","Bacteria","Planctomycetota","Planctomycetes","Gemmatales","Gemmataceae","Incertae Sedis","uncultured bacterium"
"ESV_28817","Bacteria","Acidobacteriota","Subgroup 25","Incertae Sedis","Incertae Sedis","Incertae Sedis","uncultured bacterium"
"ESV_28867","Bacteria","Planctomycetota","Planctomycetes","Gemmatales","Gemmataceae","Incertae Sedis","uncultured bacterium"
"ESV_28868","Bacteria","Acidobacteriota","Blastocatellia","11-24","Incertae Sedis","Incertae Sedis","uncultured Acidobacteria bacterium"
"ESV_28869","Bacteria","Pseudomonadota","Alphaproteobacteria","Hyphomicrobiales","Xanthobacteraceae","Incertae Sedis","uncultured Alphaproteobacteria bacterium"
"ESV_28922","Bacteria","Pseudomonadota","Alphaproteobacteria","Hyphomicrobiales","Hyphomicrobiaceae","Pedomicrobium","metagenome"
"ESV_28923","Bacteria","Pseudomonadota","Gammaproteobacteria","Burkholderiales","Nitrosomonadaceae","Ellin6067","uncultured delta proteobacterium"
"ESV_28924","Bacteria","Planctomycetota","Planctomycetes","Planctomycetales","Rubinisphaeraceae","SH-PL14","uncultured bacterium"
"ESV_28957","Bacteria","Pseudomonadota","Alphaproteobacteria","Hyphomicrobiales","Xanthobacteraceae","Incertae Sedis","uncultured bacterium"
"ESV_28977","Bacteria","Acidobacteriota","Vicinamibacteria","Vicinamibacterales","Vicinamibacteraceae","Incertae Sedis","uncultured Acidobacteria bacterium"
"ESV_28978","Bacteria","Pseudomonadota","Gammaproteobacteria","Burkholderiales","TRA3-20","Incertae Sedis","uncultured bacterium"
"ESV_28979","Bacteria","Pseudomonadota","Gammaproteobacteria","Burkholderiales","SC-I-84","Incertae Sedis","uncultured beta proteobacterium"
"ESV_28980","Bacteria","Pseudomonadota","Gammaproteobacteria","Burkholderiales","Nitrosomonadaceae","Ellin6067","uncultured bacterium"
"ESV_28981","Bacteria","Actinomycetota","Thermoleophilia","Gaiellales","Gaiellaceae","Gaiella","uncultured Rubrobacteria bacterium"
"ESV_29008","Bacteria","Planctomycetota","Planctomycetes","Pirellulales","Pirellulaceae","Pir4 lineage","uncultured Pasteuria sp."
"ESV_29009","Bacteria","Actinomycetota","Thermoleophilia","Gaiellales","Gaiellaceae","Gaiella","uncultured actinobacterium"
"ESV_29029","Bacteria","Planctomycetota","Planctomycetes","Pirellulales","Pirellulaceae","Pir4 lineage","uncultured Planctomycetaceae bacterium"
"ESV_29030","Bacteria","Planctomycetota","Planctomycetes","Pirellulales","Pirellulaceae","Pir4 lineage","uncultured bacterium"
"ESV_29108","Bacteria","Acidobacteriota","Vicinamibacteria","Vicinamibacterales","Incertae Sedis","Incertae Sedis","metagenome"
"ESV_29109","Bacteria","Myxococcota","bacteriap25","Incertae Sedis","Incertae Sedis","Incertae Sedis","metagenome"
"ESV_29163","Bacteria","Actinomycetota","Thermoleophilia","Solirubrobacterales","67-14","Incertae Sedis","uncultured bacterium"
"ESV_29164","Bacteria","Acidobacteriota","Subgroup 5","Incertae Sedis","Incertae Sedis","Incertae Sedis","uncultured Acidobacteria bacterium"
"ESV_29165","Bacteria","Actinomycetota","Thermoleophilia","Gaiellales","Incertae Sedis","Incertae Sedis","uncultured Rubrobacteria bacterium"
"ESV_29166","Bacteria","Pseudomonadota","Alphaproteobacteria","Tistrellales","Geminicoccaceae","Incertae Sedis","uncultured bacterium"
"ESV_29167","Bacteria","Acidobacteriota","Vicinamibacteria","Vicinamibacterales","Incertae Sedis","Incertae Sedis","uncultured bacterium"
"ESV_29168","Bacteria","Acidobacteriota","Vicinamibacteria","Vicinamibacterales","Incertae Sedis","Incertae Sedis","uncultured Acidobacteria bacterium"
"ESV_29169","Bacteria","Actinomycetota","Acidimicrobiia","Acidimicrobiales","Acidimicrobiaceae","Acidiferrimicrobium","metagenome"
"ESV_29170","Bacteria","Planctomycetota","Planctomycetes","Gemmatales","Gemmataceae","Incertae Sedis","uncultured bacterium"
"ESV_29171","Bacteria","Acidobacteriota","Subgroup 25","Incertae Sedis","Incertae Sedis","Incertae Sedis","uncultured bacterium"
"ESV_29221","Bacteria","Planctomycetota","Planctomycetes","Gemmatales","Gemmataceae","Incertae Sedis","uncultured bacterium"
"ESV_29222","Bacteria","Acidobacteriota","Blastocatellia","11-24","Incertae Sedis","Incertae Sedis","uncultured Acidobacteria bacterium"
"ESV_29223","Bacteria","Pseudomonadota","Alphaproteobacteria","Hyphomicrobiales","Xanthobacteraceae","Incertae Sedis","uncultured Alphaproteobacteria bacterium"
"ESV_29276","Bacteria","Pseudomonadota","Alphaproteobacteria","Hyphomicrobiales","Hyphomicrobiaceae","Pedomicrobium","metagenome"
"ESV_29277","Bacteria","Pseudomonadota","Gammaproteobacteria","Burkholderiales","Nitrosomonadaceae","Ellin6067","uncultured delta proteobacterium"
"ESV_29278","Bacteria","Planctomycetota","Planctomycetes","Planctomycetales","Rubinisphaeraceae","SH-PL14","uncultured bacterium"
"ESV_29311","Bacteria","Pseudomonadota","Alphaproteobacteria","Hyphomicrobiales","Xanthobacteraceae","Incertae Sedis","uncultured bacterium"
"ESV_29331","Bacteria","Acidobacteriota","Vicinamibacteria","Vicinamibacterales","Vicinamibacteraceae","Incertae Sedis","uncultured Acidobacteria bacterium"
"ESV_29332","Bacteria","Pseudomonadota","Gammaproteobacteria","Burkholderiales","TRA3-20","Incertae Sedis","uncultured bacterium"
"ESV_29333","Bacteria","Pseudomonadota","Gammaproteobacteria","Burkholderiales","SC-I-84","Incertae Sedis","uncultured beta proteobacterium"
"ESV_29334","Bacteria","Pseudomonadota","Gammaproteobacteria","Burkholderiales","Nitrosomonadaceae","Ellin6067","uncultured bacterium"
"ESV_29335","Bacteria","Actinomycetota","Thermoleophilia","Gaiellales","Gaiellaceae","Gaiella","uncultured Rubrobacteria bacterium"
"ESV_29362","Bacteria","Planctomycetota","Planctomycetes","Pirellulales","Pirellulaceae","Pir4 lineage","uncultured Pasteuria sp."
"ESV_29363","Bacteria","Actinomycetota","Thermoleophilia","Gaiellales","Gaiellaceae","Gaiella","uncultured actinobacterium"
"ESV_29383","Bacteria","Planctomycetota","Planctomycetes","Pirellulales","Pirellulaceae","Pir4 lineage","uncultured Planctomycetaceae bacterium"
"ESV_29384","Bacteria","Planctomycetota","Planctomycetes","Pirellulales","Pirellulaceae","Pir4 lineage","uncultured bacterium"
"ESV_29462","Bacteria","Acidobacteriota","Vicinamibacteria","Vicinamibacterales","Incertae Sedis","Incertae Sedis","metagenome"
"ESV_29463","Bacteria","Myxococcota","bacteriap25","Incertae Sedis","Incertae Sedis","Incertae Sedis","metagenome"
"ESV_29976","Bacteria","Actinomycetota","Actinobacteria","Micromonosporales","Micromonosporaceae","Catenuloplanes","Catenuloplanes nepalensis"
"ESV_29977","Bacteria","Actinomycetota","Thermoleophilia","Gaiellales","Incertae Sedis","Incertae Sedis","metagenome"
"ESV_29983","Bacteria","Fibrobacterota","Chitinivibrionia","Chitinivibrionales","Chitinispirillaceae","BBMC-4","uncultured bacterium"
"ESV_29984","Bacteria","Actinomycetota","Thermoleophilia","Solirubrobacterales","67-14","Incertae Sedis","uncultured bacterium"
"ESV_29985","Bacteria","Pseudomonadota","Alphaproteobacteria","Hyphomicrobiales","Xanthobacteraceae","Incertae Sedis","uncultured Alphaproteobacteria bacterium"
"ESV_29995","Bacteria","Planctomycetota","Planctomycetes","Planctomycetales","Incertae Sedis","Incertae Sedis","uncultured Planctomyces sp."
"ESV_30011","Bacteria","Chloroflexota","KD4-96","Incertae Sedis","Incertae Sedis","Incertae Sedis","metagenome"
"ESV_30019","Bacteria","Actinomycetota","Actinobacteria","Micromonosporales","Micromonosporaceae","Catenuloplanes","Catenuloplanes nepalensis"
"ESV_30020","Bacteria","Actinomycetota","Thermoleophilia","Gaiellales","Incertae Sedis","Incertae Sedis","metagenome"
"ESV_30026","Bacteria","Fibrobacterota","Chitinivibrionia","Chitinivibrionales","Chitinispirillaceae","BBMC-4","uncultured bacterium"
"ESV_30027","Bacteria","Actinomycetota","Thermoleophilia","Solirubrobacterales","67-14","Incertae Sedis","uncultured bacterium"
"ESV_30028","Bacteria","Pseudomonadota","Alphaproteobacteria","Hyphomicrobiales","Xanthobacteraceae","Incertae Sedis","uncultured Alphaproteobacteria bacterium"
"ESV_30038","Bacteria","Planctomycetota","Planctomycetes","Planctomycetales","Incertae Sedis","Incertae Sedis","uncultured Planctomyces sp."
"ESV_30054","Bacteria","Chloroflexota","KD4-96","Incertae Sedis","Incertae Sedis","Incertae Sedis","metagenome"
"ESV_30071","Bacteria","Pseudomonadota","Alphaproteobacteria","Defluviicoccales","Defluviicoccaceae","Defluviicoccus","uncultured Defluviicoccus sp."
"ESV_30095","Bacteria","Pseudomonadota","Alphaproteobacteria","Defluviicoccales","Defluviicoccaceae","Defluviicoccus","uncultured Defluviicoccus sp."
"ESV_30122","Bacteria","Actinomycetota","Thermoleophilia","Gaiellales","Incertae Sedis","Incertae Sedis","uncultured bacterium"
"ESV_30133","Bacteria","Bacteroidota","Bacteroidia","Cytophagales","Microscillaceae","Incertae Sedis","uncultured bacterium"
"ESV_30162","Bacteria","Actinomycetota","Thermoleophilia","Gaiellales","Incertae Sedis","Incertae Sedis","uncultured bacterium"
"ESV_30173","Bacteria","Bacteroidota","Bacteroidia","Cytophagales","Microscillaceae","Incertae Sedis","uncultured bacterium"
"ESV_30188","Bacteria","Pseudomonadota","Alphaproteobacteria","Hyphomicrobiales","Rhizobiaceae","Phyllobacterium","Phyllobacterium zundukense"
"ESV_30190","Bacteria","Pseudomonadota","Alphaproteobacteria","Hyphomicrobiales","Rhizobiaceae","Phyllobacterium","Phyllobacterium zundukense"
"ESV_30216","Bacteria","Bacteroidota","Bacteroidia","Chitinophagales","Chitinophagaceae","Incertae Sedis","metagenome"
"ESV_30237","Bacteria","Actinomycetota","Actinobacteria","Mycobacteriales","Mycobacteriaceae","Mycobacterium","uncultured Mycobacterium sp."
"ESV_30244","Bacteria","Planctomycetota","Planctomycetes","Gemmatales","Gemmataceae","Gemmata","uncultured bacterium"
"ESV_30287","Bacteria","Bacteroidota","Bacteroidia","Chitinophagales","Chitinophagaceae","Incertae Sedis","metagenome"
"ESV_30308","Bacteria","Actinomycetota","Actinobacteria","Mycobacteriales","Mycobacteriaceae","Mycobacterium","uncultured Mycobacterium sp."
"ESV_30315","Bacteria","Planctomycetota","Planctomycetes","Gemmatales","Gemmataceae","Gemmata","uncultured bacterium"
"ESV_30350","Bacteria","Planctomycetota","Planctomycetes","Pirellulales","Pirellulaceae","Pir4 lineage","uncultured bacterium"
"ESV_30357","Bacteria","Acidobacteriota","Vicinamibacteria","Vicinamibacterales","Incertae Sedis","Incertae Sedis","uncultured bacterium"
"ESV_30400","Bacteria","Bacteroidota","Bacteroidia","Cytophagales","Microscillaceae","Incertae Sedis","uncultured bacterium"
"ESV_30420","Bacteria","Pseudomonadota","Gammaproteobacteria","Burkholderiales","SC-I-84","Incertae Sedis","uncultured bacterium"
"ESV_30423","Bacteria","Pseudomonadota","Gammaproteobacteria","Burkholderiales","SC-I-84","Incertae Sedis","uncultured bacterium"
"ESV_30438","Bacteria","Planctomycetota","Planctomycetes","Pirellulales","Pirellulaceae","Pir4 lineage","uncultured bacterium"
"ESV_30445","Bacteria","Acidobacteriota","Vicinamibacteria","Vicinamibacterales","Incertae Sedis","Incertae Sedis","uncultured bacterium"
"ESV_30488","Bacteria","Bacteroidota","Bacteroidia","Cytophagales","Microscillaceae","Incertae Sedis","uncultured bacterium"
"ESV_30550","Bacteria","Actinomycetota","Thermoleophilia","Gaiellales","Incertae Sedis","Incertae Sedis","uncultured bacterium"
"ESV_30551","Bacteria","Acidobacteriota","Blastocatellia","11-24","Incertae Sedis","Incertae Sedis","uncultured bacterium"
"ESV_30552","Bacteria","Acidobacteriota","Vicinamibacteria","Vicinamibacterales","Vicinamibacteraceae","Incertae Sedis","uncultured bacterium"
"ESV_30553","Bacteria","Pseudomonadota","Alphaproteobacteria","Tistrellales","Geminicoccaceae","Incertae Sedis","uncultured bacterium"
"ESV_30554","Bacteria","Thermodesulfobacteriota","Desulfuromonadia","Geobacterales","Geobacteraceae","Geomonas","uncultured bacterium"
"ESV_30555","Bacteria","Pseudomonadota","Alphaproteobacteria","Hyphomicrobiales","Beijerinckiaceae","FukuN57","uncultured bacterium"
"ESV_30556","Bacteria","Actinomycetota","Thermoleophilia","Gaiellales","Gaiellaceae","Gaiella","uncultured organism"
"ESV_30619","Bacteria","Acidobacteriota","Subgroup 18","Incertae Sedis","Incertae Sedis","Incertae Sedis","uncultured bacterium"
"ESV_30620","Bacteria","Actinomycetota","Acidimicrobiia","Acidimicrobiales","Acidimicrobiaceae","Acidiferrimicrobium","metagenome"
"ESV_30621","Bacteria","Pseudomonadota","Alphaproteobacteria","Hyphomicrobiales","Xanthobacteraceae","Rhodoplanes","uncultured bacterium"
"ESV_30622","Bacteria","Actinomycetota","Acidimicrobiia","Microtrichales","Ilumatobacteraceae","Ilumatobacter","uncultured bacterium"
"ESV_30623","Bacteria","Actinomycetota","Acidimicrobiia","Microtrichales","Ilumatobacteraceae","Ilumatobacter","uncultured bacterium"
"ESV_30624","Bacteria","Actinomycetota","Actinobacteria","Micrococcales","Microbacteriaceae","Agromyces","Agromyces subbeticus DSM 16689"
"ESV_30693","Bacteria","Planctomycetota","Planctomycetes","Pirellulales","Pirellulaceae","Incertae Sedis","uncultured bacterium"
"ESV_30694","Bacteria","Acidobacteriota","Blastocatellia","Blastocatellales","Blastocatellaceae","Incertae Sedis","uncultured soil bacterium"
"ESV_30695","Bacteria","Pseudomonadota","Gammaproteobacteria","Burkholderiales","TRA3-20","Incertae Sedis","bacterium enrichment culture clone Anammox_13"
"ESV_30696","Bacteria","Myxococcota","Myxococcia","Myxococcales","Myxococcaceae","Melittangium","Melittangium lichenicola"
"ESV_30697","Bacteria","Acidobacteriota","Vicinamibacteria","Subgroup 17","Incertae Sedis","Incertae Sedis","uncultured Acidobacteria bacterium"
"ESV_30698","Bacteria","Pseudomonadota","Gammaproteobacteria","Gammaproteobacteria Incertae Sedis","Unknown Family","Acidibacter","uncultured gamma proteobacterium"
"ESV_30739","Bacteria","Acidobacteriota","Blastocatellia","Pyrinomonadales","Pyrinomonadaceae","Incertae Sedis","uncultured bacterium"
"ESV_30757","Bacteria","Pseudomonadota","Gammaproteobacteria","Burkholderiales","Sutterellaceae","Incertae Sedis","uncultured bacterium"
"ESV_30758","Bacteria","Pseudomonadota","Alphaproteobacteria","Hyphomicrobiales","Xanthobacteraceae","Bradyrhizobium","uncultured bacterium"
"ESV_30779","Bacteria","Pseudomonadota","Gammaproteobacteria","Gammaproteobacteria Incertae Sedis","Unknown Family","Acidibacter","uncultured gamma proteobacterium"
"ESV_30802","Bacteria","Acidobacteriota","Blastocatellia","Blastocatellales","Blastocatellaceae","Stenotrophobacter","uncultured Acidobacteria bacterium"
"ESV_30803","Bacteria","Bacteroidota","Bacteroidia","Cytophagales","Microscillaceae","Incertae Sedis","uncultured bacterium"
"ESV_30875","Bacteria","Bacillota","Clostridia","Clostridiales","Clostridiaceae","Clostridium","uncultured bacterium"
"ESV_30876","Bacteria","Bacteroidota","Bacteroidia","Chitinophagales","Chitinophagaceae","Panacibacter","uncultured bacterium"
"ESV_30927","Bacteria","Actinomycetota","Thermoleophilia","Gaiellales","Incertae Sedis","Incertae Sedis","uncultured bacterium"
"ESV_30928","Bacteria","Acidobacteriota","Blastocatellia","11-24","Incertae Sedis","Incertae Sedis","uncultured bacterium"
"ESV_30929","Bacteria","Acidobacteriota","Vicinamibacteria","Vicinamibacterales","Vicinamibacteraceae","Incertae Sedis","uncultured bacterium"
"ESV_30930","Bacteria","Pseudomonadota","Alphaproteobacteria","Tistrellales","Geminicoccaceae","Incertae Sedis","uncultured bacterium"
"ESV_30931","Bacteria","Thermodesulfobacteriota","Desulfuromonadia","Geobacterales","Geobacteraceae","Geomonas","uncultured bacterium"
"ESV_30932","Bacteria","Pseudomonadota","Alphaproteobacteria","Hyphomicrobiales","Beijerinckiaceae","FukuN57","uncultured bacterium"
"ESV_30933","Bacteria","Actinomycetota","Thermoleophilia","Gaiellales","Gaiellaceae","Gaiella","uncultured organism"
"ESV_30996","Bacteria","Acidobacteriota","Subgroup 18","Incertae Sedis","Incertae Sedis","Incertae Sedis","uncultured bacterium"
"ESV_30997","Bacteria","Actinomycetota","Acidimicrobiia","Acidimicrobiales","Acidimicrobiaceae","Acidiferrimicrobium","metagenome"
"ESV_30998","Bacteria","Pseudomonadota","Alphaproteobacteria","Hyphomicrobiales","Xanthobacteraceae","Rhodoplanes","uncultured bacterium"
"ESV_30999","Bacteria","Actinomycetota","Acidimicrobiia","Microtrichales","Ilumatobacteraceae","Ilumatobacter","uncultured bacterium"
"ESV_31000","Bacteria","Actinomycetota","Acidimicrobiia","Microtrichales","Ilumatobacteraceae","Ilumatobacter","uncultured bacterium"
"ESV_31001","Bacteria","Actinomycetota","Actinobacteria","Micrococcales","Microbacteriaceae","Agromyces","Agromyces subbeticus DSM 16689"
"ESV_31070","Bacteria","Planctomycetota","Planctomycetes","Pirellulales","Pirellulaceae","Incertae Sedis","uncultured bacterium"
"ESV_31071","Bacteria","Acidobacteriota","Blastocatellia","Blastocatellales","Blastocatellaceae","Incertae Sedis","uncultured soil bacterium"
"ESV_31072","Bacteria","Pseudomonadota","Gammaproteobacteria","Burkholderiales","TRA3-20","Incertae Sedis","bacterium enrichment culture clone Anammox_13"
"ESV_31073","Bacteria","Myxococcota","Myxococcia","Myxococcales","Myxococcaceae","Melittangium","Melittangium lichenicola"
"ESV_31074","Bacteria","Acidobacteriota","Vicinamibacteria","Subgroup 17","Incertae Sedis","Incertae Sedis","uncultured Acidobacteria bacterium"
"ESV_31075","Bacteria","Pseudomonadota","Gammaproteobacteria","Gammaproteobacteria Incertae Sedis","Unknown Family","Acidibacter","uncultured gamma proteobacterium"
"ESV_31116","Bacteria","Acidobacteriota","Blastocatellia","Pyrinomonadales","Pyrinomonadaceae","Incertae Sedis","uncultured bacterium"
"ESV_31134","Bacteria","Pseudomonadota","Gammaproteobacteria","Burkholderiales","Sutterellaceae","Incertae Sedis","uncultured bacterium"
"ESV_31135","Bacteria","Pseudomonadota","Alphaproteobacteria","Hyphomicrobiales","Xanthobacteraceae","Bradyrhizobium","uncultured bacterium"
"ESV_31156","Bacteria","Pseudomonadota","Gammaproteobacteria","Gammaproteobacteria Incertae Sedis","Unknown Family","Acidibacter","uncultured gamma proteobacterium"
"ESV_31179","Bacteria","Acidobacteriota","Blastocatellia","Blastocatellales","Blastocatellaceae","Stenotrophobacter","uncultured Acidobacteria bacterium"
"ESV_31180","Bacteria","Bacteroidota","Bacteroidia","Cytophagales","Microscillaceae","Incertae Sedis","uncultured bacterium"
"ESV_31252","Bacteria","Bacillota","Clostridia","Clostridiales","Clostridiaceae","Clostridium","uncultured bacterium"
"ESV_31253","Bacteria","Bacteroidota","Bacteroidia","Chitinophagales","Chitinophagaceae","Panacibacter","uncultured bacterium"
"ESV_31776","Bacteria","Pseudomonadota","Alphaproteobacteria","Reyranellales","Reyranellaceae","Reyranella","Reyranella soli"
"ESV_31789","Bacteria","Planctomycetota","Planctomycetes","Pirellulales","Pirellulaceae","Pir4 lineage","uncultured sludge bacterium A1"
"ESV_31793","Bacteria","Actinomycetota","Thermoleophilia","Gaiellales","Gaiellaceae","Gaiella","uncultured actinobacterium"
"ESV_31823","Bacteria","Pseudomonadota","Alphaproteobacteria","Reyranellales","Reyranellaceae","Reyranella","Reyranella soli"
"ESV_31836","Bacteria","Planctomycetota","Planctomycetes","Pirellulales","Pirellulaceae","Pir4 lineage","uncultured sludge bacterium A1"
"ESV_31840","Bacteria","Actinomycetota","Thermoleophilia","Gaiellales","Gaiellaceae","Gaiella","uncultured actinobacterium"
"ESV_31869","Bacteria","Actinomycetota","Acidimicrobiia","Microtrichales","Ilumatobacteraceae","Ilumatobacter","uncultured bacterium"
"ESV_31885","Bacteria","Actinomycetota","Actinobacteria","Micrococcales","Demequinaceae","Demequina","bacterium enrichment culture clone AOM-SR-B17"
"ESV_31899","Bacteria","Chloroflexota","Anaerolineae","Anaerolineales","Anaerolineaceae","Incertae Sedis","uncultured bacterium"
"ESV_31904","Bacteria","Actinomycetota","Acidimicrobiia","Microtrichales","Ilumatobacteraceae","Ilumatobacter","uncultured bacterium"
"ESV_31920","Bacteria","Actinomycetota","Actinobacteria","Micrococcales","Demequinaceae","Demequina","bacterium enrichment culture clone AOM-SR-B17"
"ESV_31934","Bacteria","Chloroflexota","Anaerolineae","Anaerolineales","Anaerolineaceae","Incertae Sedis","uncultured bacterium"
"ESV_31937","Bacteria","Pseudomonadota","Alphaproteobacteria","Hyphomicrobiales","Xanthobacteraceae","Pseudorhodoplanes","uncultured bacterium"
"ESV_31945","Bacteria","Pseudomonadota","Alphaproteobacteria","Rickettsiales","Mitochondria","Incertae Sedis","Spongospora subterranea"
"ESV_31959","Bacteria","Verrucomicrobiota","Verrucomicrobiia","Chthoniobacterales","Chthoniobacteraceae","Candidatus Udaeobacter","uncultured bacterium"
"ESV_31972","Eukaryota","SAR","Stramenopiles","Labyrinthulomycetes","Incertae Sedis","Sorodiplophrys","Sorodiplophrys stercorea"
"ESV_31992","Bacteria","Pseudomonadota","Alphaproteobacteria","Hyphomicrobiales","Xanthobacteraceae","Pseudorhodoplanes","uncultured bacterium"
"ESV_32000","Bacteria","Pseudomonadota","Alphaproteobacteria","Rickettsiales","Mitochondria","Incertae Sedis","Spongospora subterranea"
"ESV_32014","Bacteria","Verrucomicrobiota","Verrucomicrobiia","Chthoniobacterales","Chthoniobacteraceae","Candidatus Udaeobacter","uncultured bacterium"
"ESV_32027","Eukaryota","SAR","Stramenopiles","Labyrinthulomycetes","Incertae Sedis","Sorodiplophrys","Sorodiplophrys stercorea"
"ESV_32072","Bacteria","Pseudomonadota","Alphaproteobacteria","Rickettsiales","Mitochondria","Incertae Sedis","uncultured bacterium"
"ESV_32093","Bacteria","Pseudomonadota","Alphaproteobacteria","Hyphomicrobiales","Rhizobiaceae","Phyllobacterium","Phyllobacterium zundukense"
"ESV_32134","Bacteria","Pseudomonadota","Alphaproteobacteria","Rickettsiales","Mitochondria","Incertae Sedis","uncultured bacterium"
"ESV_32155","Bacteria","Pseudomonadota","Alphaproteobacteria","Hyphomicrobiales","Rhizobiaceae","Phyllobacterium","Phyllobacterium zundukense"
"ESV_32185","Bacteria","Pseudomonadota","Gammaproteobacteria","Gammaproteobacteria Incertae Sedis","Unknown Family","Acidibacter","uncultured Sinobacteraceae bacterium"
"ESV_32186","Bacteria","Pseudomonadota","Gammaproteobacteria","Burkholderiales","Nitrosomonadaceae","MND1","uncultured bacterium"
"ESV_32194","Bacteria","Myxococcota","bacteriap25","Incertae Sedis","Incertae Sedis","Incertae Sedis","uncultured bacterium"
"ESV_32256","Bacteria","Actinomycetota","Actinobacteria","Micrococcales","Microbacteriaceae","Agromyces","Agromyces ramosus"
"ESV_32257","Bacteria","Acidobacteriota","Vicinamibacteria","Vicinamibacterales","Incertae Sedis","Incertae Sedis","uncultured Acidobacteria bacterium"
"ESV_32258","Bacteria","Acidobacteriota","Blastocatellia","Pyrinomonadales","Pyrinomonadaceae","Incertae Sedis","uncultured bacterium"
"ESV_32259","Bacteria","Bacteroidota","Bacteroidia","Chitinophagales","Chitinophagaceae","Puia","uncultured soil bacterium"
"ESV_32260","Bacteria","Acidobacteriota","Vicinamibacteria","Vicinamibacterales","Vicinamibacteraceae","Incertae Sedis","uncultured Acidobacteria bacterium"
"ESV_32261","Bacteria","Pseudomonadota","Gammaproteobacteria","Burkholderiales","Sutterellaceae","Incertae Sedis","uncultured bacterium"
"ESV_32262","Bacteria","Verrucomicrobiota","Verrucomicrobiia","Pedosphaerales","Pedosphaeraceae","Incertae Sedis","uncultured bacterium"
"ESV_32302","Bacteria","Pseudomonadota","Gammaproteobacteria","Gammaproteobacteria Incertae Sedis","Unknown Family","Acidibacter","uncultured Sinobacteraceae bacterium"
"ESV_32303","Bacteria","Pseudomonadota","Gammaproteobacteria","Burkholderiales","Nitrosomonadaceae","MND1","uncultured bacterium"
"ESV_32311","Bacteria","Myxococcota","bacteriap25","Incertae Sedis","Incertae Sedis","Incertae Sedis","uncultured bacterium"
"ESV_32373","Bacteria","Actinomycetota","Actinobacteria","Micrococcales","Microbacteriaceae","Agromyces","Agromyces ramosus"
"ESV_32374","Bacteria","Acidobacteriota","Vicinamibacteria","Vicinamibacterales","Incertae Sedis","Incertae Sedis","uncultured Acidobacteria bacterium"
"ESV_32375","Bacteria","Acidobacteriota","Blastocatellia","Pyrinomonadales","Pyrinomonadaceae","Incertae Sedis","uncultured bacterium"
"ESV_32376","Bacteria","Bacteroidota","Bacteroidia","Chitinophagales","Chitinophagaceae","Puia","uncultured soil bacterium"
"ESV_32377","Bacteria","Acidobacteriota","Vicinamibacteria","Vicinamibacterales","Vicinamibacteraceae","Incertae Sedis","uncultured Acidobacteria bacterium"
"ESV_32378","Bacteria","Pseudomonadota","Gammaproteobacteria","Burkholderiales","Sutterellaceae","Incertae Sedis","uncultured bacterium"
"ESV_32379","Bacteria","Verrucomicrobiota","Verrucomicrobiia","Pedosphaerales","Pedosphaeraceae","Incertae Sedis","uncultured bacterium"
"ESV_32449","Bacteria","Pseudomonadota","Gammaproteobacteria","Steroidobacterales","Steroidobacteraceae","Steroidobacter","metagenome"
"ESV_32450","Bacteria","Actinomycetota","Acidimicrobiia","Microtrichales","Incertae Sedis","Incertae Sedis","uncultured bacterium"
"ESV_32451","Bacteria","Nitrospirota","Nitrospiria","Nitrospirales","Nitrospiraceae","Nitrospira","uncultured bacterium"
"ESV_32452","Bacteria","Actinomycetota","Thermoleophilia","Gaiellales","Incertae Sedis","Incertae Sedis","uncultured bacterium"
"ESV_32453","Bacteria","Acidobacteriota","Vicinamibacteria","Vicinamibacterales","Incertae Sedis","Incertae Sedis","uncultured Acidobacteria bacterium"
"ESV_32454","Bacteria","Pseudomonadota","Gammaproteobacteria","Burkholderiales","SC-I-84","Incertae Sedis","uncultured bacterium"
"ESV_32455","Bacteria","Verrucomicrobiota","Verrucomicrobiia","Pedosphaerales","Pedosphaeraceae","Incertae Sedis","uncultured Verrucomicrobia bacterium"
"ESV_32456","Bacteria","Bacteroidota","Bacteroidia","Chitinophagales","Chitinophagaceae","Incertae Sedis","metagenome"
"ESV_32457","Bacteria","Bacteroidota","Bacteroidia","Cytophagales","Cyclobacteriaceae","Incertae Sedis","uncultured Bacteroidetes bacterium"
"ESV_32458","Bacteria","Nitrospirota","Nitrospiria","Nitrospirales","Nitrospiraceae","Nitrospira","uncultured bacterium"
"ESV_32459","Bacteria","Pseudomonadota","Gammaproteobacteria","PLTA13","Incertae Sedis","Incertae Sedis","uncultured bacterium"
"ESV_32460","Bacteria","Verrucomicrobiota","Verrucomicrobiia","Pedosphaerales","Pedosphaeraceae","Incertae Sedis","uncultured bacterium"
"ESV_32461","Bacteria","Acidobacteriota","Vicinamibacteria","Vicinamibacterales","Incertae Sedis","Incertae Sedis","uncultured bacterium"
"ESV_32462","Bacteria","Verrucomicrobiota","Verrucomicrobiia","Chthoniobacterales","Xiphinematobacteraceae","Candidatus Xiphinematobacter","uncultured bacterium"
"ESV_32510","Bacteria","Actinomycetota","Acidimicrobiia","Acidimicrobiales","Acidimicrobiaceae","Acidiferrimicrobium","uncultured bacterium"
"ESV_32511","Bacteria","Entotheonellaeota","Entotheonellia","Entotheonellales","Entotheonellaceae","Incertae Sedis","metagenome"
"ESV_32512","Bacteria","Actinomycetota","Thermoleophilia","Solirubrobacterales","67-14","Incertae Sedis","uncultured bacterium"
"ESV_32513","Bacteria","Acidobacteriota","Vicinamibacteria","Vicinamibacterales","Incertae Sedis","Incertae Sedis","uncultured Acidobacteria bacterium"
"ESV_32574","Bacteria","Pseudomonadota","Gammaproteobacteria","Burkholderiales","Nitrosomonadaceae","MND1","uncultured soil bacterium"
"ESV_32575","Bacteria","Pseudomonadota","Gammaproteobacteria","Burkholderiales","Oxalobacteraceae","Massilia","uncultured bacterium"
"ESV_32576","Bacteria","Acidobacteriota","Vicinamibacteria","Vicinamibacterales","Vicinamibacteraceae","Incertae Sedis","uncultured Acidobacteria bacterium"
"ESV_32577","Bacteria","Bacteroidota","Bacteroidia","Cytophagales","Microscillaceae","Chryseolinea","uncultured bacterium"
"ESV_32578","Bacteria","Bacteroidota","Bacteroidia","Cytophagales","Microscillaceae","Ohtaekwangia","uncultured bacterium"
"ESV_32579","Bacteria","Pseudomonadota","Alphaproteobacteria","Rhodobacterales","Paracoccaceae","Amaricoccus","metagenome"
"ESV_32609","Bacteria","Planctomycetota","Planctomycetes","Gemmatales","Gemmataceae","Incertae Sedis","uncultured bacterium"
"ESV_32610","Bacteria","Latescibacterota","Incertae Sedis","Incertae Sedis","Incertae Sedis","Incertae Sedis","uncultured Acidobacterium sp."
"ESV_32611","Bacteria","Actinomycetota","Acidimicrobiia","Acidimicrobiales","Acidimicrobiaceae","Acidiferrimicrobium","uncultured bacterium"
"ESV_32631","Bacteria","Actinomycetota","MB-A2-108","Incertae Sedis","Incertae Sedis","Incertae Sedis","uncultured bacterium"
"ESV_32647","Bacteria","Acidobacteriota","Vicinamibacteria","Vicinamibacterales","Incertae Sedis","Incertae Sedis","uncultured bacterium"
"ESV_32648","Bacteria","Actinomycetota","Thermoleophilia","Solirubrobacterales","67-14","Incertae Sedis","uncultured bacterium"
"ESV_32649","Bacteria","Pseudomonadota","Alphaproteobacteria","Hyphomicrobiales","Rhizobiaceae","Rhizobium","Rhizobium leguminosarum bv. viciae UPM1137"
"ESV_32650","Bacteria","Actinomycetota","Thermoleophilia","Solirubrobacterales","67-14","Incertae Sedis","uncultured bacterium"
"ESV_32674","Bacteria","Chloroflexota","Ktedonobacteria","Ktedonobacterales","JG30-KF-AS9","Incertae Sedis","uncultured bacterium"
"ESV_32711","Bacteria","Pseudomonadota","Gammaproteobacteria","Burkholderiales","Nitrosomonadaceae","Ellin6067","uncultured delta proteobacterium"
"ESV_32712","Bacteria","Planctomycetota","Pla3 lineage","Incertae Sedis","Incertae Sedis","Incertae Sedis","uncultured bacterium"
"ESV_32713","Bacteria","Cyanobacteriota","Cyanobacteriia","Chloroplast","Incertae Sedis","Incertae Sedis","uncultured cyanobacterium"
"ESV_32794","Bacteria","Gemmatimonadota","Gemmatimonadia","Gemmatimonadales","Gemmatimonadaceae","Incertae Sedis","uncultured bacterium"
"ESV_32795","Bacteria","Planctomycetota","Phycisphaerae","Tepidisphaerales","WD2101 soil group","Incertae Sedis","uncultured bacterium"
"ESV_32850","Bacteria","Pseudomonadota","Gammaproteobacteria","Steroidobacterales","Steroidobacteraceae","Steroidobacter","metagenome"
"ESV_32851","Bacteria","Actinomycetota","Acidimicrobiia","Microtrichales","Incertae Sedis","Incertae Sedis","uncultured bacterium"
"ESV_32852","Bacteria","Nitrospirota","Nitrospiria","Nitrospirales","Nitrospiraceae","Nitrospira","uncultured bacterium"
"ESV_32853","Bacteria","Actinomycetota","Thermoleophilia","Gaiellales","Incertae Sedis","Incertae Sedis","uncultured bacterium"
"ESV_32854","Bacteria","Acidobacteriota","Vicinamibacteria","Vicinamibacterales","Incertae Sedis","Incertae Sedis","uncultured Acidobacteria bacterium"
"ESV_32855","Bacteria","Pseudomonadota","Gammaproteobacteria","Burkholderiales","SC-I-84","Incertae Sedis","uncultured bacterium"
"ESV_32856","Bacteria","Verrucomicrobiota","Verrucomicrobiia","Pedosphaerales","Pedosphaeraceae","Incertae Sedis","uncultured Verrucomicrobia bacterium"
"ESV_32857","Bacteria","Bacteroidota","Bacteroidia","Chitinophagales","Chitinophagaceae","Incertae Sedis","metagenome"
"ESV_32858","Bacteria","Bacteroidota","Bacteroidia","Cytophagales","Cyclobacteriaceae","Incertae Sedis","uncultured Bacteroidetes bacterium"
"ESV_32859","Bacteria","Nitrospirota","Nitrospiria","Nitrospirales","Nitrospiraceae","Nitrospira","uncultured bacterium"
"ESV_32860","Bacteria","Pseudomonadota","Gammaproteobacteria","PLTA13","Incertae Sedis","Incertae Sedis","uncultured bacterium"
"ESV_32861","Bacteria","Verrucomicrobiota","Verrucomicrobiia","Pedosphaerales","Pedosphaeraceae","Incertae Sedis","uncultured bacterium"
"ESV_32862","Bacteria","Acidobacteriota","Vicinamibacteria","Vicinamibacterales","Incertae Sedis","Incertae Sedis","uncultured bacterium"
"ESV_32863","Bacteria","Verrucomicrobiota","Verrucomicrobiia","Chthoniobacterales","Xiphinematobacteraceae","Candidatus Xiphinematobacter","uncultured bacterium"
"ESV_32911","Bacteria","Actinomycetota","Acidimicrobiia","Acidimicrobiales","Acidimicrobiaceae","Acidiferrimicrobium","uncultured bacterium"
"ESV_32912","Bacteria","Entotheonellaeota","Entotheonellia","Entotheonellales","Entotheonellaceae","Incertae Sedis","metagenome"
"ESV_32913","Bacteria","Actinomycetota","Thermoleophilia","Solirubrobacterales","67-14","Incertae Sedis","uncultured bacterium"
"ESV_32914","Bacteria","Acidobacteriota","Vicinamibacteria","Vicinamibacterales","Incertae Sedis","Incertae Sedis","uncultured Acidobacteria bacterium"
"ESV_32975","Bacteria","Pseudomonadota","Gammaproteobacteria","Burkholderiales","Nitrosomonadaceae","MND1","uncultured soil bacterium"
"ESV_32976","Bacteria","Pseudomonadota","Gammaproteobacteria","Burkholderiales","Oxalobacteraceae","Massilia","uncultured bacterium"
"ESV_32977","Bacteria","Acidobacteriota","Vicinamibacteria","Vicinamibacterales","Vicinamibacteraceae","Incertae Sedis","uncultured Acidobacteria bacterium"
"ESV_32978","Bacteria","Bacteroidota","Bacteroidia","Cytophagales","Microscillaceae","Chryseolinea","uncultured bacterium"
"ESV_32979","Bacteria","Bacteroidota","Bacteroidia","Cytophagales","Microscillaceae","Ohtaekwangia","uncultured bacterium"
"ESV_32980","Bacteria","Pseudomonadota","Alphaproteobacteria","Rhodobacterales","Paracoccaceae","Amaricoccus","metagenome"
"ESV_33010","Bacteria","Planctomycetota","Planctomycetes","Gemmatales","Gemmataceae","Incertae Sedis","uncultured bacterium"
"ESV_33011","Bacteria","Latescibacterota","Incertae Sedis","Incertae Sedis","Incertae Sedis","Incertae Sedis","uncultured Acidobacterium sp."
"ESV_33012","Bacteria","Actinomycetota","Acidimicrobiia","Acidimicrobiales","Acidimicrobiaceae","Acidiferrimicrobium","uncultured bacterium"
"ESV_33032","Bacteria","Actinomycetota","MB-A2-108","Incertae Sedis","Incertae Sedis","Incertae Sedis","uncultured bacterium"
"ESV_33048","Bacteria","Acidobacteriota","Vicinamibacteria","Vicinamibacterales","Incertae Sedis","Incertae Sedis","uncultured bacterium"
"ESV_33049","Bacteria","Actinomycetota","Thermoleophilia","Solirubrobacterales","67-14","Incertae Sedis","uncultured bacterium"
"ESV_33050","Bacteria","Pseudomonadota","Alphaproteobacteria","Hyphomicrobiales","Rhizobiaceae","Rhizobium","Rhizobium leguminosarum bv. viciae UPM1137"
"ESV_33051","Bacteria","Actinomycetota","Thermoleophilia","Solirubrobacterales","67-14","Incertae Sedis","uncultured bacterium"
"ESV_33075","Bacteria","Chloroflexota","Ktedonobacteria","Ktedonobacterales","JG30-KF-AS9","Incertae Sedis","uncultured bacterium"
"ESV_33112","Bacteria","Pseudomonadota","Gammaproteobacteria","Burkholderiales","Nitrosomonadaceae","Ellin6067","uncultured delta proteobacterium"
"ESV_33113","Bacteria","Planctomycetota","Pla3 lineage","Incertae Sedis","Incertae Sedis","Incertae Sedis","uncultured bacterium"
"ESV_33114","Bacteria","Cyanobacteriota","Cyanobacteriia","Chloroplast","Incertae Sedis","Incertae Sedis","uncultured cyanobacterium"
"ESV_33195","Bacteria","Gemmatimonadota","Gemmatimonadia","Gemmatimonadales","Gemmatimonadaceae","Incertae Sedis","uncultured bacterium"
"ESV_33196","Bacteria","Planctomycetota","Phycisphaerae","Tepidisphaerales","WD2101 soil group","Incertae Sedis","uncultured bacterium"
"ESV_33755","Bacteria","Actinomycetota","Thermoleophilia","Gaiellales","Gaiellaceae","Gaiella","uncultured actinobacterium"
"ESV_33775","Bacteria","Cyanobacteriota","Cyanobacteriia","Chloroplast","Incertae Sedis","Incertae Sedis","Pseudomuriella schumacherensis"
"ESV_33786","Eukaryota","Amorphea","Obazoa","Opisthokonta","Nucletmycea","Fungi","Mucoromycota"
"ESV_33799","Bacteria","Acidobacteriota","Vicinamibacteria","Vicinamibacterales","Incertae Sedis","Incertae Sedis","uncultured bacterium"
"ESV_33844","Bacteria","Actinomycetota","Thermoleophilia","Gaiellales","Gaiellaceae","Gaiella","uncultured actinobacterium"
"ESV_33864","Bacteria","Cyanobacteriota","Cyanobacteriia","Chloroplast","Incertae Sedis","Incertae Sedis","Pseudomuriella schumacherensis"
"ESV_33875","Eukaryota","Amorphea","Obazoa","Opisthokonta","Nucletmycea","Fungi","Mucoromycota"
"ESV_33888","Bacteria","Acidobacteriota","Vicinamibacteria","Vicinamibacterales","Incertae Sedis","Incertae Sedis","uncultured bacterium"
"ESV_33938","Bacteria","Bacteroidota","Bacteroidia","Bacteroidales","Bacteroidaceae","Bacteroides","Bacteroides ovatus V975"
"ESV_33944","Bacteria","Pseudomonadota","Gammaproteobacteria","Lysobacterales","Lysobacteraceae","Lysobacter","Lysobacter sp. KC-EP-S8"
"ESV_33967","Bacteria","Bacteroidota","Bacteroidia","Bacteroidales","Bacteroidaceae","Bacteroides","Bacteroides ovatus V975"
"ESV_33973","Bacteria","Pseudomonadota","Gammaproteobacteria","Lysobacterales","Lysobacteraceae","Lysobacter","Lysobacter sp. KC-EP-S8"
"ESV_33983","Bacteria","Pseudomonadota","Alphaproteobacteria","Hyphomicrobiales","Xanthobacteraceae","Bradyrhizobium","Bradyrhizobium erythrophlei"
"ESV_33988","Bacteria","Pseudomonadota","Gammaproteobacteria","Burkholderiales","Comamonadaceae","Incertae Sedis","uncultured bacterium"
"ESV_33989","Bacteria","Planctomycetota","Planctomycetes","Pirellulales","Pirellulaceae","Incertae Sedis","uncultured bacterium"
"ESV_33990","Bacteria","Pseudomonadota","Gammaproteobacteria","Burkholderiales","Comamonadaceae","Incertae Sedis","uncultured bacterium"
"ESV_33999","Bacteria","Gemmatimonadota","Gemmatimonadia","Gemmatimonadales","Gemmatimonadaceae","Gemmatimonas","uncultured bacterium"
"ESV_34000","Bacteria","Verrucomicrobiota","Verrucomicrobiia","Chthoniobacterales","Chthoniobacteraceae","Candidatus Udaeobacter","uncultured bacterium"
"ESV_34005","Bacteria","Bacteroidota","Bacteroidia","Chitinophagales","Chitinophagaceae","Parasegetibacter","uncultured Bacteroidetes bacterium"
"ESV_34010","Bacteria","Actinomycetota","Thermoleophilia","Solirubrobacterales","67-14","Incertae Sedis","uncultured bacterium"
"ESV_34013","Bacteria","Pseudomonadota","Gammaproteobacteria","Steroidobacterales","Steroidobacteraceae","Incertae Sedis","uncultured bacterium"
"ESV_34045","Bacteria","Pseudomonadota","Alphaproteobacteria","Hyphomicrobiales","Xanthobacteraceae","Bradyrhizobium","Bradyrhizobium erythrophlei"
"ESV_34050","Bacteria","Pseudomonadota","Gammaproteobacteria","Burkholderiales","Comamonadaceae","Incertae Sedis","uncultured bacterium"
"ESV_34051","Bacteria","Planctomycetota","Planctomycetes","Pirellulales","Pirellulaceae","Incertae Sedis","uncultured bacterium"
"ESV_34052","Bacteria","Pseudomonadota","Gammaproteobacteria","Burkholderiales","Comamonadaceae","Incertae Sedis","uncultured bacterium"
"ESV_34061","Bacteria","Gemmatimonadota","Gemmatimonadia","Gemmatimonadales","Gemmatimonadaceae","Gemmatimonas","uncultured bacterium"
"ESV_34062","Bacteria","Verrucomicrobiota","Verrucomicrobiia","Chthoniobacterales","Chthoniobacteraceae","Candidatus Udaeobacter","uncultured bacterium"
"ESV_34067","Bacteria","Bacteroidota","Bacteroidia","Chitinophagales","Chitinophagaceae","Parasegetibacter","uncultured Bacteroidetes bacterium"
"ESV_34072","Bacteria","Actinomycetota","Thermoleophilia","Solirubrobacterales","67-14","Incertae Sedis","uncultured bacterium"
"ESV_34075","Bacteria","Pseudomonadota","Gammaproteobacteria","Steroidobacterales","Steroidobacteraceae","Incertae Sedis","uncultured bacterium"
"ESV_34116","Bacteria","Planctomycetota","Phycisphaerae","Phycisphaerales","Phycisphaeraceae","AKYG587","uncultured bacterium"
"ESV_34132","Bacteria","Pseudomonadota","Alphaproteobacteria","Rickettsiales","Mitochondria","Incertae Sedis","uncultured bacterium"
"ESV_34142","Bacteria","Actinomycetota","Acidimicrobiia","Microtrichales","Ilumatobacteraceae","CL500-29 marine group","uncultured bacterium"
"ESV_34155","Bacteria","Pseudomonadota","Alphaproteobacteria","Hyphomicrobiales","Xanthobacteraceae","Incertae Sedis","uncultured bacterium"
"ESV_34156","Bacteria","Cyanobacteriota","Cyanobacteriia","Chloroplast","Incertae Sedis","Incertae Sedis","uncultured bacterium"
"ESV_34157","Bacteria","Actinomycetota","Actinobacteria","Micromonosporales","Micromonosporaceae","Actinoplanes","uncultured bacterium"
"ESV_34158","Bacteria","Cyanobacteriota","Cyanobacteriia","Chloroplast","Incertae Sedis","Incertae Sedis","uncultured eukaryote"
"ESV_34166","Bacteria","Planctomycetota","Planctomycetes","Gemmatales","Gemmataceae","Gemmata","uncultured soil bacterium"
"ESV_34167","Bacteria","Bacillota","Bacilli","Bacillales","Bacillaceae","Peribacillus","uncultured bacterium"
"ESV_34197","Bacteria","Planctomycetota","Phycisphaerae","Phycisphaerales","Phycisphaeraceae","AKYG587","uncultured bacterium"
"ESV_34213","Bacteria","Pseudomonadota","Alphaproteobacteria","Rickettsiales","Mitochondria","Incertae Sedis","uncultured bacterium"
"ESV_34223","Bacteria","Actinomycetota","Acidimicrobiia","Microtrichales","Ilumatobacteraceae","CL500-29 marine group","uncultured bacterium"
"ESV_34236","Bacteria","Pseudomonadota","Alphaproteobacteria","Hyphomicrobiales","Xanthobacteraceae","Incertae Sedis","uncultured bacterium"
"ESV_34237","Bacteria","Cyanobacteriota","Cyanobacteriia","Chloroplast","Incertae Sedis","Incertae Sedis","uncultured bacterium"
"ESV_34238","Bacteria","Actinomycetota","Actinobacteria","Micromonosporales","Micromonosporaceae","Actinoplanes","uncultured bacterium"
"ESV_34239","Bacteria","Cyanobacteriota","Cyanobacteriia","Chloroplast","Incertae Sedis","Incertae Sedis","uncultured eukaryote"
"ESV_34247","Bacteria","Planctomycetota","Planctomycetes","Gemmatales","Gemmataceae","Gemmata","uncultured soil bacterium"
"ESV_34248","Bacteria","Bacillota","Bacilli","Bacillales","Bacillaceae","Peribacillus","uncultured bacterium"
"ESV_34301","Bacteria","Acidobacteriota","Vicinamibacteria","Vicinamibacterales","Incertae Sedis","Incertae Sedis","uncultured Acidobacteria bacterium"
"ESV_34313","Bacteria","Pseudomonadota","Gammaproteobacteria","Burkholderiales","Comamonadaceae","Incertae Sedis","uncultured bacterium"
"ESV_34386","Bacteria","Chloroflexota","Dehalococcoidia","S085","Incertae Sedis","Incertae Sedis","uncultured bacterium"
"ESV_34387","Bacteria","Actinomycetota","Thermoleophilia","Gaiellales","Incertae Sedis","Incertae Sedis","uncultured actinobacterium"
"ESV_34433","Bacteria","Acidobacteriota","Vicinamibacteria","Vicinamibacterales","Incertae Sedis","Incertae Sedis","uncultured Acidobacteria bacterium"
"ESV_34445","Bacteria","Pseudomonadota","Gammaproteobacteria","Burkholderiales","Comamonadaceae","Incertae Sedis","uncultured bacterium"
"ESV_34518","Bacteria","Chloroflexota","Dehalococcoidia","S085","Incertae Sedis","Incertae Sedis","uncultured bacterium"
"ESV_34519","Bacteria","Actinomycetota","Thermoleophilia","Gaiellales","Incertae Sedis","Incertae Sedis","uncultured actinobacterium"
"ESV_34582","Bacteria","Pseudomonadota","Gammaproteobacteria","Steroidobacterales","Steroidobacteraceae","Steroidobacter","uncultured bacterium"
"ESV_34583","Bacteria","Acidobacteriota","Thermoanaerobaculia","Thermoanaerobaculales","Thermoanaerobaculaceae","Subgroup 10","uncultured bacterium"
"ESV_34584","Bacteria","Actinomycetota","Actinobacteria","Pseudonocardiales","Pseudonocardiaceae","Pseudonocardia","uncultured bacterium"
"ESV_34585","Bacteria","Acidobacteriota","Thermoanaerobaculia","Thermoanaerobaculales","Thermoanaerobaculaceae","Subgroup 10","uncultured bacterium"
"ESV_34586","Bacteria","Pseudomonadota","Gammaproteobacteria","Burkholderiales","Comamonadaceae","Rhizobacter","uncultured bacterium"
"ESV_34587","Bacteria","Pseudomonadota","Gammaproteobacteria","Burkholderiales","Nitrosomonadaceae","IS-44","uncultured bacterium"
"ESV_34588","Bacteria","Planctomycetota","Planctomycetes","Gemmatales","Gemmataceae","Fimbriiglobus","uncultured bacterium"
"ESV_34589","Bacteria","Pseudomonadota","Alphaproteobacteria","Sphingomonadales","Sphingomonadaceae","Sphingomonas","metagenome"
"ESV_34590","Bacteria","Actinomycetota","Acidimicrobiia","Microtrichales","Iamiaceae","Aquihabitans","metagenome"
"ESV_34591","Bacteria","Actinomycetota","Actinobacteria","Propionibacteriales","Nocardioidaceae","Nocardioides","uncultured bacterium"
"ESV_34592","Bacteria","RCP2-54","Incertae Sedis","Incertae Sedis","Incertae Sedis","Incertae Sedis","uncultured delta proteobacterium"
"ESV_34593","Bacteria","Pseudomonadota","Alphaproteobacteria","Hyphomicrobiales","Xanthobacteraceae","Incertae Sedis","uncultured bacterium"
"ESV_34645","Bacteria","Planctomycetota","Planctomycetes","Isosphaerales","Isosphaeraceae","Paludisphaera","Paludisphaera borealis"
"ESV_34646","Bacteria","Pseudomonadota","Alphaproteobacteria","Hyphomicrobiales","Xanthobacteraceae","Incertae Sedis","uncultured bacterium"
"ESV_34647","Bacteria","Actinomycetota","Actinobacteria","Pseudonocardiales","Pseudonocardiaceae","Pseudonocardia","uncultured bacterium"
"ESV_34708","Bacteria","Cyanobacteriota","Cyanobacteriia","Chloroplast","Incertae Sedis","Incertae Sedis","uncultured bacterium"
"ESV_34709","Bacteria","Actinomycetota","MB-A2-108","Incertae Sedis","Incertae Sedis","Incertae Sedis","uncultured bacterium"
"ESV_34710","Bacteria","Myxococcota","Polyangiia","Polyangiales","Polyangiaceae","Aetherobacter","Aetherobacter rufus"
"ESV_34744","Bacteria","Entotheonellaeota","Entotheonellia","Entotheonellales","Entotheonellaceae","Incertae Sedis","uncultured bacterium"
"ESV_34745","Bacteria","Actinomycetota","Acidimicrobiia","Microtrichales","Ilumatobacteraceae","Ilumatobacter","uncultured bacterium"
"ESV_34763","Bacteria","Pseudomonadota","Gammaproteobacteria","Burkholderiales","Burkholderiaceae","Lautropia","uncultured bacterium"
"ESV_34786","Bacteria","Actinomycetota","Actinobacteria","Micrococcales","Microbacteriaceae","Microbacterium","unidentified"
"ESV_34787","Bacteria","Planctomycetota","Planctomycetes","Pirellulales","Pirellulaceae","Pirellula","uncultured bacterium"
"ESV_34788","Bacteria","Acidobacteriota","Vicinamibacteria","Vicinamibacterales","Incertae Sedis","Incertae Sedis","uncultured bacterium"
"ESV_34789","Bacteria","Planctomycetota","Planctomycetes","Gemmatales","Gemmataceae","Fimbriiglobus","uncultured bacterium"
"ESV_34790","Bacteria","Pseudomonadota","Gammaproteobacteria","Burkholderiales","Comamonadaceae","Polaromonas","uncultured bacterium"
"ESV_34791","Bacteria","Verrucomicrobiota","Verrucomicrobiia","Chthoniobacterales","Chthoniobacteraceae","Candidatus Udaeobacter","uncultured soil bacterium"
"ESV_34792","Bacteria","Acidobacteriota","Vicinamibacteria","Vicinamibacterales","Incertae Sedis","Incertae Sedis","uncultured bacterium"
"ESV_34793","Bacteria","Planctomycetota","OM190","Incertae Sedis","Incertae Sedis","Incertae Sedis","metagenome"
"ESV_34794","Bacteria","Actinomycetota","Actinobacteria","Mycobacteriales","Mycobacteriaceae","Mycobacterium","Mycobacterium sp. 1274761.0"
"ESV_34814","Bacteria","Pseudomonadota","Gammaproteobacteria","Lysobacterales","Lysobacteraceae","Lysobacter","uncultured bacterium"
"ESV_34836","Bacteria","Actinomycetota","Thermoleophilia","Gaiellales","Incertae Sedis","Incertae Sedis","uncultured bacterium"
"ESV_34841","Bacteria","Pseudomonadota","Alphaproteobacteria","Tistrellales","Geminicoccaceae","Geminicoccus","Geminicoccus sp."
"ESV_34842","Bacteria","Actinomycetota","Thermoleophilia","Gaiellales","Incertae Sedis","Incertae Sedis","uncultured bacterium"
"ESV_34910","Bacteria","Acidobacteriota","Vicinamibacteria","Vicinamibacterales","Incertae Sedis","Incertae Sedis","uncultured Acidobacteria bacterium"
"ESV_34911","Bacteria","Pseudomonadota","Alphaproteobacteria","Hyphomicrobiales","Hyphomicrobiales Incertae Sedis","Incertae Sedis","uncultured bacterium"
"ESV_34912","Bacteria","Pseudomonadota","Gammaproteobacteria","Steroidobacterales","Steroidobacteraceae","Steroidobacter","metagenome"
"ESV_34913","Bacteria","Acidobacteriota","Blastocatellia","11-24","Incertae Sedis","Incertae Sedis","uncultured Acidobacteria bacterium"
"ESV_34969","Bacteria","Pseudomonadota","Gammaproteobacteria","Steroidobacterales","Steroidobacteraceae","Steroidobacter","uncultured bacterium"
"ESV_34970","Bacteria","Acidobacteriota","Thermoanaerobaculia","Thermoanaerobaculales","Thermoanaerobaculaceae","Subgroup 10","uncultured bacterium"
"ESV_34971","Bacteria","Actinomycetota","Actinobacteria","Pseudonocardiales","Pseudonocardiaceae","Pseudonocardia","uncultured bacterium"
"ESV_34972","Bacteria","Acidobacteriota","Thermoanaerobaculia","Thermoanaerobaculales","Thermoanaerobaculaceae","Subgroup 10","uncultured bacterium"
"ESV_34973","Bacteria","Pseudomonadota","Gammaproteobacteria","Burkholderiales","Comamonadaceae","Rhizobacter","uncultured bacterium"
"ESV_34974","Bacteria","Pseudomonadota","Gammaproteobacteria","Burkholderiales","Nitrosomonadaceae","IS-44","uncultured bacterium"
"ESV_34975","Bacteria","Planctomycetota","Planctomycetes","Gemmatales","Gemmataceae","Fimbriiglobus","uncultured bacterium"
"ESV_34976","Bacteria","Pseudomonadota","Alphaproteobacteria","Sphingomonadales","Sphingomonadaceae","Sphingomonas","metagenome"
"ESV_34977","Bacteria","Actinomycetota","Acidimicrobiia","Microtrichales","Iamiaceae","Aquihabitans","metagenome"
"ESV_34978","Bacteria","Actinomycetota","Actinobacteria","Propionibacteriales","Nocardioidaceae","Nocardioides","uncultured bacterium"
"ESV_34979","Bacteria","RCP2-54","Incertae Sedis","Incertae Sedis","Incertae Sedis","Incertae Sedis","uncultured delta proteobacterium"
"ESV_34980","Bacteria","Pseudomonadota","Alphaproteobacteria","Hyphomicrobiales","Xanthobacteraceae","Incertae Sedis","uncultured bacterium"
"ESV_35032","Bacteria","Planctomycetota","Planctomycetes","Isosphaerales","Isosphaeraceae","Paludisphaera","Paludisphaera borealis"
"ESV_35033","Bacteria","Pseudomonadota","Alphaproteobacteria","Hyphomicrobiales","Xanthobacteraceae","Incertae Sedis","uncultured bacterium"
"ESV_35034","Bacteria","Actinomycetota","Actinobacteria","Pseudonocardiales","Pseudonocardiaceae","Pseudonocardia","uncultured bacterium"
"ESV_35095","Bacteria","Cyanobacteriota","Cyanobacteriia","Chloroplast","Incertae Sedis","Incertae Sedis","uncultured bacterium"
"ESV_35096","Bacteria","Actinomycetota","MB-A2-108","Incertae Sedis","Incertae Sedis","Incertae Sedis","uncultured bacterium"
"ESV_35097","Bacteria","Myxococcota","Polyangiia","Polyangiales","Polyangiaceae","Aetherobacter","Aetherobacter rufus"
"ESV_35131","Bacteria","Entotheonellaeota","Entotheonellia","Entotheonellales","Entotheonellaceae","Incertae Sedis","uncultured bacterium"
"ESV_35132","Bacteria","Actinomycetota","Acidimicrobiia","Microtrichales","Ilumatobacteraceae","Ilumatobacter","uncultured bacterium"
"ESV_35150","Bacteria","Pseudomonadota","Gammaproteobacteria","Burkholderiales","Burkholderiaceae","Lautropia","uncultured bacterium"
"ESV_35173","Bacteria","Actinomycetota","Actinobacteria","Micrococcales","Microbacteriaceae","Microbacterium","unidentified"
"ESV_35174","Bacteria","Planctomycetota","Planctomycetes","Pirellulales","Pirellulaceae","Pirellula","uncultured bacterium"
"ESV_35175","Bacteria","Acidobacteriota","Vicinamibacteria","Vicinamibacterales","Incertae Sedis","Incertae Sedis","uncultured bacterium"
"ESV_35176","Bacteria","Planctomycetota","Planctomycetes","Gemmatales","Gemmataceae","Fimbriiglobus","uncultured bacterium"
"ESV_35177","Bacteria","Pseudomonadota","Gammaproteobacteria","Burkholderiales","Comamonadaceae","Polaromonas","uncultured bacterium"
"ESV_35178","Bacteria","Verrucomicrobiota","Verrucomicrobiia","Chthoniobacterales","Chthoniobacteraceae","Candidatus Udaeobacter","uncultured soil bacterium"
"ESV_35179","Bacteria","Acidobacteriota","Vicinamibacteria","Vicinamibacterales","Incertae Sedis","Incertae Sedis","uncultured bacterium"
"ESV_35180","Bacteria","Planctomycetota","OM190","Incertae Sedis","Incertae Sedis","Incertae Sedis","metagenome"
"ESV_35181","Bacteria","Actinomycetota","Actinobacteria","Mycobacteriales","Mycobacteriaceae","Mycobacterium","Mycobacterium sp. 1274761.0"
"ESV_35201","Bacteria","Pseudomonadota","Gammaproteobacteria","Lysobacterales","Lysobacteraceae","Lysobacter","uncultured bacterium"
"ESV_35223","Bacteria","Actinomycetota","Thermoleophilia","Gaiellales","Incertae Sedis","Incertae Sedis","uncultured bacterium"
"ESV_35228","Bacteria","Pseudomonadota","Alphaproteobacteria","Tistrellales","Geminicoccaceae","Geminicoccus","Geminicoccus sp."
"ESV_35229","Bacteria","Actinomycetota","Thermoleophilia","Gaiellales","Incertae Sedis","Incertae Sedis","uncultured bacterium"
"ESV_35297","Bacteria","Acidobacteriota","Vicinamibacteria","Vicinamibacterales","Incertae Sedis","Incertae Sedis","uncultured Acidobacteria bacterium"
"ESV_35298","Bacteria","Pseudomonadota","Alphaproteobacteria","Hyphomicrobiales","Hyphomicrobiales Incertae Sedis","Incertae Sedis","uncultured bacterium"
"ESV_35299","Bacteria","Pseudomonadota","Gammaproteobacteria","Steroidobacterales","Steroidobacteraceae","Steroidobacter","metagenome"
"ESV_35300","Bacteria","Acidobacteriota","Blastocatellia","11-24","Incertae Sedis","Incertae Sedis","uncultured Acidobacteria bacterium"
"ESV_35864","Bacteria","Pseudomonadota","Alphaproteobacteria","Hyphomicrobiales","Hyphomicrobiaceae","Pedomicrobium","metagenome"
"ESV_35865","Bacteria","Actinomycetota","Thermoleophilia","Gaiellales","Incertae Sedis","Incertae Sedis","uncultured bacterium"
"ESV_35880","Bacteria","Acidobacteriota","Blastocatellia","Pyrinomonadales","Pyrinomonadaceae","Incertae Sedis","uncultured bacterium"
"ESV_35894","Bacteria","Chloroflexota","Chloroflexia","Thermomicrobiales","JG30-KF-CM45","Incertae Sedis","uncultured bacterium"
"ESV_35917","Bacteria","Verrucomicrobiota","Verrucomicrobiia","Pedosphaerales","Pedosphaeraceae","Incertae Sedis","uncultured bacterium"
"ESV_35935","Bacteria","Pseudomonadota","Alphaproteobacteria","Hyphomicrobiales","Hyphomicrobiaceae","Pedomicrobium","metagenome"
"ESV_35936","Bacteria","Actinomycetota","Thermoleophilia","Gaiellales","Incertae Sedis","Incertae Sedis","uncultured bacterium"
"ESV_35951","Bacteria","Acidobacteriota","Blastocatellia","Pyrinomonadales","Pyrinomonadaceae","Incertae Sedis","uncultured bacterium"
"ESV_35965","Bacteria","Chloroflexota","Chloroflexia","Thermomicrobiales","JG30-KF-CM45","Incertae Sedis","uncultured bacterium"
"ESV_35988","Bacteria","Verrucomicrobiota","Verrucomicrobiia","Pedosphaerales","Pedosphaeraceae","Incertae Sedis","uncultured bacterium"
"ESV_35992","Bacteria","Actinomycetota","Actinobacteria","Micrococcales","Intrasporangiaceae","Incertae Sedis","uncultured Terrabacter sp."
"ESV_36004","Bacteria","Bacillota","Clostridia","Lachnospirales","Lachnospiraceae","Anaerobutyricum","uncultured bacterium"
"ESV_36005","Bacteria","Pseudomonadota","Alphaproteobacteria","Tistrellales","Geminicoccaceae","Candidatus Alysiosphaera","metagenome"
"ESV_36019","Bacteria","Pseudomonadota","Alphaproteobacteria","Tistrellales","Geminicoccaceae","Candidatus Alysiosphaera","uncultured Alphaproteobacteria bacterium"
"ESV_36020","Bacteria","Acidobacteriota","Vicinamibacteria","Vicinamibacterales","Incertae Sedis","Incertae Sedis","uncultured soil bacterium"
"ESV_36034","Bacteria","Actinomycetota","Actinobacteria","Micrococcales","Intrasporangiaceae","Incertae Sedis","uncultured Terrabacter sp."
"ESV_36046","Bacteria","Bacillota","Clostridia","Lachnospirales","Lachnospiraceae","Anaerobutyricum","uncultured bacterium"
"ESV_36047","Bacteria","Pseudomonadota","Alphaproteobacteria","Tistrellales","Geminicoccaceae","Candidatus Alysiosphaera","metagenome"
"ESV_36061","Bacteria","Pseudomonadota","Alphaproteobacteria","Tistrellales","Geminicoccaceae","Candidatus Alysiosphaera","uncultured Alphaproteobacteria bacterium"
"ESV_36062","Bacteria","Acidobacteriota","Vicinamibacteria","Vicinamibacterales","Incertae Sedis","Incertae Sedis","uncultured soil bacterium"
"ESV_36073","Bacteria","Acidobacteriota","Vicinamibacteria","Vicinamibacterales","Incertae Sedis","Incertae Sedis","uncultured bacterium"
"ESV_36093","Bacteria","Planctomycetota","Planctomycetes","Pirellulales","Pirellulaceae","Pir4 lineage","uncultured bacterium"
"ESV_36094","Bacteria","Actinomycetota","Thermoleophilia","Gaiellales","Incertae Sedis","Incertae Sedis","metagenome"
"ESV_36112","Bacteria","Acidobacteriota","Vicinamibacteria","Vicinamibacterales","Incertae Sedis","Incertae Sedis","uncultured bacterium"
"ESV_36115","Bacteria","Planctomycetota","Planctomycetes","Planctomycetales","Rubinisphaeraceae","SH-PL14","uncultured bacterium"
"ESV_36137","Bacteria","Bacteroidota","Bacteroidia","Chitinophagales","Chitinophagaceae","Ferruginibacter","uncultured bacterium"
"ESV_36149","Bacteria","Acidobacteriota","Vicinamibacteria","Vicinamibacterales","Incertae Sedis","Incertae Sedis","uncultured bacterium"
"ESV_36169","Bacteria","Planctomycetota","Planctomycetes","Pirellulales","Pirellulaceae","Pir4 lineage","uncultured bacterium"
"ESV_36170","Bacteria","Actinomycetota","Thermoleophilia","Gaiellales","Incertae Sedis","Incertae Sedis","metagenome"
"ESV_36188","Bacteria","Acidobacteriota","Vicinamibacteria","Vicinamibacterales","Incertae Sedis","Incertae Sedis","uncultured bacterium"
"ESV_36191","Bacteria","Planctomycetota","Planctomycetes","Planctomycetales","Rubinisphaeraceae","SH-PL14","uncultured bacterium"
"ESV_36213","Bacteria","Bacteroidota","Bacteroidia","Chitinophagales","Chitinophagaceae","Ferruginibacter","uncultured bacterium"
"ESV_36233","Bacteria","Verrucomicrobiota","Verrucomicrobiia","Chthoniobacterales","Chthoniobacteraceae","Chthoniobacter","metagenome"
"ESV_36283","Bacteria","Acidobacteriota","Holophagae","Subgroup 7","Incertae Sedis","Incertae Sedis","uncultured bacterium"
"ESV_36287","Bacteria","Actinomycetota","Thermoleophilia","Gaiellales","Incertae Sedis","Incertae Sedis","uncultured Rubrobacterales bacterium"
"ESV_36298","Bacteria","Verrucomicrobiota","Verrucomicrobiia","Verrucomicrobiales","Verrucomicrobiaceae","Incertae Sedis","metagenome"
"ESV_36307","Bacteria","Pseudomonadota","Gammaproteobacteria","Burkholderiales","Nitrosomonadaceae","Ellin6067","uncultured beta proteobacterium"
"ESV_36308","Bacteria","Cyanobacteriota","Cyanobacteriia","Chloroplast","Incertae Sedis","Incertae Sedis","Bracteacoccus minor"
"ESV_36309","Bacteria","Myxococcota","Polyangiia","Polyangiales","BIrii41","Incertae Sedis","uncultured delta proteobacterium"
"ESV_36335","Bacteria","Verrucomicrobiota","Verrucomicrobiia","Chthoniobacterales","Chthoniobacteraceae","Chthoniobacter","metagenome"
"ESV_36385","Bacteria","Acidobacteriota","Holophagae","Subgroup 7","Incertae Sedis","Incertae Sedis","uncultured bacterium"
"ESV_36389","Bacteria","Actinomycetota","Thermoleophilia","Gaiellales","Incertae Sedis","Incertae Sedis","uncultured Rubrobacterales bacterium"
"ESV_36400","Bacteria","Verrucomicrobiota","Verrucomicrobiia","Verrucomicrobiales","Verrucomicrobiaceae","Incertae Sedis","metagenome"
"ESV_36409","Bacteria","Pseudomonadota","Gammaproteobacteria","Burkholderiales","Nitrosomonadaceae","Ellin6067","uncultured beta proteobacterium"
"ESV_36410","Bacteria","Cyanobacteriota","Cyanobacteriia","Chloroplast","Incertae Sedis","Incertae Sedis","Bracteacoccus minor"
"ESV_36411","Bacteria","Myxococcota","Polyangiia","Polyangiales","BIrii41","Incertae Sedis","uncultured delta proteobacterium"
"ESV_36463","Bacteria","Bacteroidota","Bacteroidia","Chitinophagales","Chitinophagaceae","Incertae Sedis","uncultured Bacteroidetes bacterium"
"ESV_36464","Bacteria","Acidobacteriota","Vicinamibacteria","Vicinamibacterales","Vicinamibacteraceae","Luteitalea","uncultured Acidobacteria bacterium"
"ESV_36465","Bacteria","Pseudomonadota","Alphaproteobacteria","Hyphomicrobiales","Xanthobacteraceae","Incertae Sedis","uncultured Hyphomicrobiaceae bacterium"
"ESV_36466","Bacteria","Actinomycetota","Thermoleophilia","Solirubrobacterales","67-14","Incertae Sedis","uncultured bacterium"
"ESV_36488","Bacteria","Pseudomonadota","Alphaproteobacteria","Hyphomicrobiales","Xanthobacteraceae","Bradyrhizobium","Bradyrhizobium erythrophlei"
"ESV_36503","Bacteria","Pseudomonadota","Gammaproteobacteria","Pseudomonadales","Pseudomonadaceae","Pseudomonas","Pseudomonas synxantha"
"ESV_36633","Bacteria","Bacteroidota","Bacteroidia","Chitinophagales","Chitinophagaceae","Incertae Sedis","uncultured Bacteroidetes bacterium"
"ESV_36634","Bacteria","Acidobacteriota","Vicinamibacteria","Vicinamibacterales","Vicinamibacteraceae","Luteitalea","uncultured Acidobacteria bacterium"
"ESV_36635","Bacteria","Pseudomonadota","Alphaproteobacteria","Hyphomicrobiales","Xanthobacteraceae","Incertae Sedis","uncultured Hyphomicrobiaceae bacterium"
"ESV_36636","Bacteria","Actinomycetota","Thermoleophilia","Solirubrobacterales","67-14","Incertae Sedis","uncultured bacterium"
"ESV_36658","Bacteria","Pseudomonadota","Alphaproteobacteria","Hyphomicrobiales","Xanthobacteraceae","Bradyrhizobium","Bradyrhizobium erythrophlei"
"ESV_36673","Bacteria","Pseudomonadota","Gammaproteobacteria","Pseudomonadales","Pseudomonadaceae","Pseudomonas","Pseudomonas synxantha"
"ESV_36818","Bacteria","Pseudomonadota","Alphaproteobacteria","Hyphomicrobiales","Methyloligellaceae","Incertae Sedis","metagenome"
"ESV_36838","Bacteria","Pseudomonadota","Alphaproteobacteria","Rhodobacterales","Paracoccaceae","Amaricoccus","metagenome"
"ESV_36839","Bacteria","Verrucomicrobiota","Verrucomicrobiia","Pedosphaerales","Pedosphaeraceae","Incertae Sedis","uncultured bacterium"
"ESV_36840","Bacteria","Verrucomicrobiota","Verrucomicrobiia","Pedosphaerales","Pedosphaeraceae","Incertae Sedis","uncultured soil bacterium"
"ESV_36841","Bacteria","Acidobacteriota","Subgroup 20","Incertae Sedis","Incertae Sedis","Incertae Sedis","uncultured bacterium"
"ESV_36842","Bacteria","Planctomycetota","Planctomycetes","Pirellulales","Pirellulaceae","Pirellula","uncultured bacterium"
"ESV_36843","Bacteria","Pseudomonadota","Gammaproteobacteria","Burkholderiales","Comamonadaceae","Ramlibacter","uncultured soil bacterium"
"ESV_36844","Bacteria","Actinomycetota","Actinobacteria","Micromonosporales","Micromonosporaceae","Asanoa","uncultured bacterium"
"ESV_36845","Bacteria","Planctomycetota","Planctomycetes","Pirellulales","Pirellulaceae","Incertae Sedis","uncultured bacterium"
"ESV_36846","Bacteria","Gemmatimonadota","Gemmatimonadia","Gemmatimonadales","Gemmatimonadaceae","Incertae Sedis","metagenome"
"ESV_36847","Bacteria","Planctomycetota","Planctomycetes","Pirellulales","Pirellulaceae","Pirellula","uncultured bacterium"
"ESV_36848","Bacteria","Pseudomonadota","Alphaproteobacteria","Hyphomicrobiales","Rhizobiaceae","Mesorhizobium","Mesorhizobium amorphae CCNWGS0123"
"ESV_36849","Bacteria","Acidobacteriota","Acidobacteriae","Terriglobales","Acidobacteriaceae (Subgroup 1)","Occallatibacter","uncultured Acidobacteria bacterium"
"ESV_36850","Bacteria","Bacteroidota","Bacteroidia","Sphingobacteriales","AKYH767","Incertae Sedis","metagenome"
"ESV_36851","Bacteria","Planctomycetota","OM190","Incertae Sedis","Incertae Sedis","Incertae Sedis","uncultured Planctomycetaceae bacterium"
"ESV_36852","Bacteria","Planctomycetota","Phycisphaerae","Tepidisphaerales","WD2101 soil group","Incertae Sedis","uncultured bacterium"
"ESV_36853","Bacteria","Actinomycetota","Thermoleophilia","Gaiellales","Incertae Sedis","Incertae Sedis","uncultured bacterium"
"ESV_36854","Bacteria","Chloroflexota","P2-11E","Incertae Sedis","Incertae Sedis","Incertae Sedis","uncultured bacterium"
"ESV_36855","Bacteria","Acidobacteriota","Vicinamibacteria","Vicinamibacterales","Vicinamibacteraceae","Incertae Sedis","uncultured bacterium"
"ESV_36856","Bacteria","Pseudomonadota","Alphaproteobacteria","Reyranellales","Reyranellaceae","Reyranella","metagenome"
"ESV_36902","Bacteria","Acidobacteriota","Vicinamibacteria","Vicinamibacterales","Incertae Sedis","Incertae Sedis","uncultured Acidobacteria bacterium"
"ESV_36903","Bacteria","Planctomycetota","Planctomycetes","Isosphaerales","Isosphaeraceae","Singulisphaera","uncultured bacterium"
"ESV_36904","Bacteria","Pseudomonadota","Alphaproteobacteria","Acetobacterales","Acetobacteraceae","Dankookia","uncultured bacterium"
"ESV_36905","Bacteria","Actinomycetota","Thermoleophilia","Gaiellales","Gaiellaceae","Gaiella","uncultured bacterium"
"ESV_36974","Bacteria","Pseudomonadota","Alphaproteobacteria","Hyphomicrobiales","Hyphomicrobiaceae","Pedomicrobium","metagenome"
"ESV_36975","Bacteria","Myxococcota","Polyangiia","Haliangiales","Haliangiaceae","Incertae Sedis","uncultured bacterium"
"ESV_36976","Bacteria","Pseudomonadota","Alphaproteobacteria","Hyphomicrobiales","Xanthobacteraceae","Incertae Sedis","uncultured bacterium"
"ESV_37011","Bacteria","Pseudomonadota","Gammaproteobacteria","Burkholderiales","Comamonadaceae","Ramlibacter","uncultured soil bacterium"
"ESV_37012","Bacteria","Actinomycetota","Thermoleophilia","Solirubrobacterales","67-14","Incertae Sedis","uncultured bacterium"
"ESV_37016","Bacteria","Pseudomonadota","Alphaproteobacteria","Hyphomicrobiales","Xanthobacteraceae","Incertae Sedis","uncultured bacterium"
"ESV_37017","Bacteria","Pseudomonadota","Alphaproteobacteria","Hyphomicrobiales","Xanthobacteraceae","Incertae Sedis","uncultured bacterium"
"ESV_37018","Bacteria","Acidobacteriota","Vicinamibacteria","Vicinamibacterales","Vicinamibacteraceae","Incertae Sedis","uncultured Acidobacteria bacterium"
"ESV_37038","Bacteria","Planctomycetota","OM190","Incertae Sedis","Incertae Sedis","Incertae Sedis","uncultured bacterium"
"ESV_37065","Bacteria","Planctomycetota","Planctomycetes","Gemmatales","Gemmataceae","Gemmata","uncultured bacterium"
"ESV_37066","Bacteria","Planctomycetota","Planctomycetes","Pirellulales","Pirellulaceae","Incertae Sedis","uncultured Planctomycetaceae bacterium"
"ESV_37067","Bacteria","Acidobacteriota","Holophagae","Subgroup 7","Incertae Sedis","Incertae Sedis","uncultured bacterium"
"ESV_37068","Bacteria","Verrucomicrobiota","Verrucomicrobiia","Verrucomicrobiales","Rubritaleaceae","Luteolibacter","uncultured bacterium"
"ESV_37069","Bacteria","Acidobacteriota","Vicinamibacteria","Vicinamibacterales","Incertae Sedis","Incertae Sedis","uncultured bacterium"
"ESV_37070","Bacteria","Planctomycetota","Planctomycetes","Gemmatales","Gemmataceae","Gemmata","uncultured bacterium"
"ESV_37071","Bacteria","Gemmatimonadota","Gemmatimonadia","Gemmatimonadales","Gemmatimonadaceae","Gemmatimonas","uncultured bacterium"
"ESV_37072","Bacteria","Actinomycetota","Thermoleophilia","Solirubrobacterales","67-14","Incertae Sedis","metagenome"
"ESV_37093","Bacteria","Acidobacteriota","Vicinamibacteria","Vicinamibacterales","Incertae Sedis","Incertae Sedis","uncultured Acidobacteria bacterium"
"ESV_37094","Bacteria","Actinomycetota","Acidimicrobiia","Acidimicrobiales","Acidimicrobiaceae","Acidiferrimicrobium","uncultured bacterium"
"ESV_37123","Bacteria","Pseudomonadota","Gammaproteobacteria","CCD24","Incertae Sedis","Incertae Sedis","uncultured bacterium"
"ESV_37124","Bacteria","Chloroflexota","KD4-96","Incertae Sedis","Incertae Sedis","Incertae Sedis","uncultured bacterium"
"ESV_37125","Bacteria","Bacteroidota","Bacteroidia","Cytophagales","Microscillaceae","Incertae Sedis","metagenome"
"ESV_37126","Bacteria","Verrucomicrobiota","Verrucomicrobiia","Pedosphaerales","Pedosphaeraceae","Incertae Sedis","uncultured bacterium"
"ESV_37201","Bacteria","Verrucomicrobiota","Verrucomicrobiia","Chthoniobacterales","Chthoniobacteraceae","Candidatus Udaeobacter","uncultured bacterium"
"ESV_37260","Bacteria","Pseudomonadota","Alphaproteobacteria","Hyphomicrobiales","Methyloligellaceae","Incertae Sedis","metagenome"
"ESV_37280","Bacteria","Pseudomonadota","Alphaproteobacteria","Rhodobacterales","Paracoccaceae","Amaricoccus","metagenome"
"ESV_37281","Bacteria","Verrucomicrobiota","Verrucomicrobiia","Pedosphaerales","Pedosphaeraceae","Incertae Sedis","uncultured bacterium"
"ESV_37282","Bacteria","Verrucomicrobiota","Verrucomicrobiia","Pedosphaerales","Pedosphaeraceae","Incertae Sedis","uncultured soil bacterium"
"ESV_37283","Bacteria","Acidobacteriota","Subgroup 20","Incertae Sedis","Incertae Sedis","Incertae Sedis","uncultured bacterium"
"ESV_37284","Bacteria","Planctomycetota","Planctomycetes","Pirellulales","Pirellulaceae","Pirellula","uncultured bacterium"
"ESV_37285","Bacteria","Pseudomonadota","Gammaproteobacteria","Burkholderiales","Comamonadaceae","Ramlibacter","uncultured soil bacterium"
"ESV_37286","Bacteria","Actinomycetota","Actinobacteria","Micromonosporales","Micromonosporaceae","Asanoa","uncultured bacterium"
"ESV_37287","Bacteria","Planctomycetota","Planctomycetes","Pirellulales","Pirellulaceae","Incertae Sedis","uncultured bacterium"
"ESV_37288","Bacteria","Gemmatimonadota","Gemmatimonadia","Gemmatimonadales","Gemmatimonadaceae","Incertae Sedis","metagenome"
"ESV_37289","Bacteria","Planctomycetota","Planctomycetes","Pirellulales","Pirellulaceae","Pirellula","uncultured bacterium"
"ESV_37290","Bacteria","Pseudomonadota","Alphaproteobacteria","Hyphomicrobiales","Rhizobiaceae","Mesorhizobium","Mesorhizobium amorphae CCNWGS0123"
"ESV_37291","Bacteria","Acidobacteriota","Acidobacteriae","Terriglobales","Acidobacteriaceae (Subgroup 1)","Occallatibacter","uncultured Acidobacteria bacterium"
"ESV_37292","Bacteria","Bacteroidota","Bacteroidia","Sphingobacteriales","AKYH767","Incertae Sedis","metagenome"
"ESV_37293","Bacteria","Planctomycetota","OM190","Incertae Sedis","Incertae Sedis","Incertae Sedis","uncultured Planctomycetaceae bacterium"
"ESV_37294","Bacteria","Planctomycetota","Phycisphaerae","Tepidisphaerales","WD2101 soil group","Incertae Sedis","uncultured bacterium"
"ESV_37295","Bacteria","Actinomycetota","Thermoleophilia","Gaiellales","Incertae Sedis","Incertae Sedis","uncultured bacterium"
"ESV_37296","Bacteria","Chloroflexota","P2-11E","Incertae Sedis","Incertae Sedis","Incertae Sedis","uncultured bacterium"
"ESV_37297","Bacteria","Acidobacteriota","Vicinamibacteria","Vicinamibacterales","Vicinamibacteraceae","Incertae Sedis","uncultured bacterium"
"ESV_37298","Bacteria","Pseudomonadota","Alphaproteobacteria","Reyranellales","Reyranellaceae","Reyranella","metagenome"
"ESV_37344","Bacteria","Acidobacteriota","Vicinamibacteria","Vicinamibacterales","Incertae Sedis","Incertae Sedis","uncultured Acidobacteria bacterium"
"ESV_37345","Bacteria","Planctomycetota","Planctomycetes","Isosphaerales","Isosphaeraceae","Singulisphaera","uncultured bacterium"
"ESV_37346","Bacteria","Pseudomonadota","Alphaproteobacteria","Acetobacterales","Acetobacteraceae","Dankookia","uncultured bacterium"
"ESV_37347","Bacteria","Actinomycetota","Thermoleophilia","Gaiellales","Gaiellaceae","Gaiella","uncultured bacterium"
"ESV_37416","Bacteria","Pseudomonadota","Alphaproteobacteria","Hyphomicrobiales","Hyphomicrobiaceae","Pedomicrobium","metagenome"
"ESV_37417","Bacteria","Myxococcota","Polyangiia","Haliangiales","Haliangiaceae","Incertae Sedis","uncultured bacterium"
"ESV_37418","Bacteria","Pseudomonadota","Alphaproteobacteria","Hyphomicrobiales","Xanthobacteraceae","Incertae Sedis","uncultured bacterium"
"ESV_37453","Bacteria","Pseudomonadota","Gammaproteobacteria","Burkholderiales","Comamonadaceae","Ramlibacter","uncultured soil bacterium"
"ESV_37454","Bacteria","Actinomycetota","Thermoleophilia","Solirubrobacterales","67-14","Incertae Sedis","uncultured bacterium"
"ESV_37458","Bacteria","Pseudomonadota","Alphaproteobacteria","Hyphomicrobiales","Xanthobacteraceae","Incertae Sedis","uncultured bacterium"
"ESV_37459","Bacteria","Pseudomonadota","Alphaproteobacteria","Hyphomicrobiales","Xanthobacteraceae","Incertae Sedis","uncultured bacterium"
"ESV_37460","Bacteria","Acidobacteriota","Vicinamibacteria","Vicinamibacterales","Vicinamibacteraceae","Incertae Sedis","uncultured Acidobacteria bacterium"
"ESV_37480","Bacteria","Planctomycetota","OM190","Incertae Sedis","Incertae Sedis","Incertae Sedis","uncultured bacterium"
"ESV_37507","Bacteria","Planctomycetota","Planctomycetes","Gemmatales","Gemmataceae","Gemmata","uncultured bacterium"
"ESV_37508","Bacteria","Planctomycetota","Planctomycetes","Pirellulales","Pirellulaceae","Incertae Sedis","uncultured Planctomycetaceae bacterium"
"ESV_37509","Bacteria","Acidobacteriota","Holophagae","Subgroup 7","Incertae Sedis","Incertae Sedis","uncultured bacterium"
"ESV_37510","Bacteria","Verrucomicrobiota","Verrucomicrobiia","Verrucomicrobiales","Rubritaleaceae","Luteolibacter","uncultured bacterium"
"ESV_37511","Bacteria","Acidobacteriota","Vicinamibacteria","Vicinamibacterales","Incertae Sedis","Incertae Sedis","uncultured bacterium"
"ESV_37512","Bacteria","Planctomycetota","Planctomycetes","Gemmatales","Gemmataceae","Gemmata","uncultured bacterium"
"ESV_37513","Bacteria","Gemmatimonadota","Gemmatimonadia","Gemmatimonadales","Gemmatimonadaceae","Gemmatimonas","uncultured bacterium"
"ESV_37514","Bacteria","Actinomycetota","Thermoleophilia","Solirubrobacterales","67-14","Incertae Sedis","metagenome"
"ESV_37535","Bacteria","Acidobacteriota","Vicinamibacteria","Vicinamibacterales","Incertae Sedis","Incertae Sedis","uncultured Acidobacteria bacterium"
"ESV_37536","Bacteria","Actinomycetota","Acidimicrobiia","Acidimicrobiales","Acidimicrobiaceae","Acidiferrimicrobium","uncultured bacterium"
"ESV_37565","Bacteria","Pseudomonadota","Gammaproteobacteria","CCD24","Incertae Sedis","Incertae Sedis","uncultured bacterium"
"ESV_37566","Bacteria","Chloroflexota","KD4-96","Incertae Sedis","Incertae Sedis","Incertae Sedis","uncultured bacterium"
"ESV_37567","Bacteria","Bacteroidota","Bacteroidia","Cytophagales","Microscillaceae","Incertae Sedis","metagenome"
"ESV_37568","Bacteria","Verrucomicrobiota","Verrucomicrobiia","Pedosphaerales","Pedosphaeraceae","Incertae Sedis","uncultured bacterium"
"ESV_37643","Bacteria","Verrucomicrobiota","Verrucomicrobiia","Chthoniobacterales","Chthoniobacteraceae","Candidatus Udaeobacter","uncultured bacterium"
"ESV_38255","Bacteria","Planctomycetota","OM190","Incertae Sedis","Incertae Sedis","Incertae Sedis","uncultured bacterium"
"ESV_38262","Bacteria","Chloroflexota","KD4-96","Incertae Sedis","Incertae Sedis","Incertae Sedis","uncultured bacterium"
"ESV_38263","Bacteria","Pseudomonadota","Gammaproteobacteria","Gammaproteobacteria Incertae Sedis","Unknown Family","Incertae Sedis","uncultured microorganism"
"ESV_38264","Bacteria","Acidobacteriota","Vicinamibacteria","Subgroup 17","Incertae Sedis","Incertae Sedis","uncultured Acidobacteria bacterium"
"ESV_38273","Bacteria","Bacteroidota","Bacteroidia","Bacteroidales","Marinifilaceae","Butyricimonas","uncultured bacterium"
"ESV_38274","Bacteria","Planctomycetota","Planctomycetes","Isosphaerales","Isosphaeraceae","Singulisphaera","metagenome"
"ESV_38295","Bacteria","Actinomycetota","Thermoleophilia","Solirubrobacterales","Solirubrobacteraceae","Solirubrobacter","uncultured bacterium"
"ESV_38354","Bacteria","Planctomycetota","OM190","Incertae Sedis","Incertae Sedis","Incertae Sedis","uncultured bacterium"
"ESV_38361","Bacteria","Chloroflexota","KD4-96","Incertae Sedis","Incertae Sedis","Incertae Sedis","uncultured bacterium"
"ESV_38362","Bacteria","Pseudomonadota","Gammaproteobacteria","Gammaproteobacteria Incertae Sedis","Unknown Family","Incertae Sedis","uncultured microorganism"
"ESV_38363","Bacteria","Acidobacteriota","Vicinamibacteria","Subgroup 17","Incertae Sedis","Incertae Sedis","uncultured Acidobacteria bacterium"
"ESV_38372","Bacteria","Bacteroidota","Bacteroidia","Bacteroidales","Marinifilaceae","Butyricimonas","uncultured bacterium"
"ESV_38373","Bacteria","Planctomycetota","Planctomycetes","Isosphaerales","Isosphaeraceae","Singulisphaera","metagenome"
"ESV_38394","Bacteria","Actinomycetota","Thermoleophilia","Solirubrobacterales","Solirubrobacteraceae","Solirubrobacter","uncultured bacterium"
"ESV_38460","Bacteria","Bacteroidota","Bacteroidia","Cytophagales","Cytophagaceae","Cytophaga","uncultured bacterium"
"ESV_38461","Bacteria","Actinomycetota","Thermoleophilia","Solirubrobacterales","67-14","Incertae Sedis","metagenome"
"ESV_38462","Bacteria","Planctomycetota","Planctomycetes","Planctomycetales","Rubinisphaeraceae","SH-PL14","uncultured bacterium"
"ESV_38465","Bacteria","Acidobacteriota","Blastocatellia","Pyrinomonadales","Pyrinomonadaceae","RB41","uncultured bacterium"
"ESV_38507","Bacteria","Bacteroidota","Bacteroidia","Cytophagales","Cytophagaceae","Cytophaga","uncultured bacterium"
"ESV_38508","Bacteria","Actinomycetota","Thermoleophilia","Solirubrobacterales","67-14","Incertae Sedis","metagenome"
"ESV_38509","Bacteria","Planctomycetota","Planctomycetes","Planctomycetales","Rubinisphaeraceae","SH-PL14","uncultured bacterium"
"ESV_38512","Bacteria","Acidobacteriota","Blastocatellia","Pyrinomonadales","Pyrinomonadaceae","RB41","uncultured bacterium"
"ESV_38537","Bacteria","Pseudomonadota","Alphaproteobacteria","Hyphomicrobiales","Beijerinckiaceae","Microvirga","uncultured bacterium"
"ESV_38550","Bacteria","Planctomycetota","Planctomycetes","Incertae Sedis","Incertae Sedis","Incertae Sedis","uncultured bacterium"
"ESV_38614","Bacteria","Pseudomonadota","Alphaproteobacteria","Hyphomicrobiales","Beijerinckiaceae","Microvirga","uncultured bacterium"
"ESV_38627","Bacteria","Planctomycetota","Planctomycetes","Incertae Sedis","Incertae Sedis","Incertae Sedis","uncultured bacterium"
"ESV_38696","Bacteria","Pseudomonadota","Gammaproteobacteria","Burkholderiales","SC-I-84","Incertae Sedis","beta proteobacterium WX53"
"ESV_38739","Bacteria","Verrucomicrobiota","Verrucomicrobiia","Chthoniobacterales","Chthoniobacteraceae","Chthoniobacter","uncultured Verrucomicrobia bacterium"
"ESV_38740","Bacteria","Bacteroidota","Bacteroidia","Sphingobacteriales","Sphingobacteriaceae","Mucilaginibacter","Mucilaginibacter rigui"
"ESV_38741","Bacteria","Actinomycetota","Thermoleophilia","Gaiellales","Incertae Sedis","Incertae Sedis","uncultured bacterium"
"ESV_38742","Bacteria","Bacteroidota","Bacteroidia","Chitinophagales","Chitinophagaceae","Flaviaestuariibacter","uncultured bacterium"
"ESV_38753","Bacteria","Deinococcota","Deinococci","Deinococcales","Deinococcaceae","Deinococcus","Deinococcus radioresistens"
"ESV_38768","Bacteria","Acidobacteriota","Subgroup 5","Incertae Sedis","Incertae Sedis","Incertae Sedis","uncultured bacterium"
"ESV_38769","Bacteria","Planctomycetota","Phycisphaerae","Tepidisphaerales","WD2101 soil group","Incertae Sedis","uncultured bacterium"
"ESV_38770","Bacteria","Chloroflexota","Gitt-GS-136","Incertae Sedis","Incertae Sedis","Incertae Sedis","uncultured bacterium"
"ESV_38799","Bacteria","Pseudomonadota","Gammaproteobacteria","Burkholderiales","SC-I-84","Incertae Sedis","beta proteobacterium WX53"
"ESV_38842","Bacteria","Verrucomicrobiota","Verrucomicrobiia","Chthoniobacterales","Chthoniobacteraceae","Chthoniobacter","uncultured Verrucomicrobia bacterium"
"ESV_38843","Bacteria","Bacteroidota","Bacteroidia","Sphingobacteriales","Sphingobacteriaceae","Mucilaginibacter","Mucilaginibacter rigui"
"ESV_38844","Bacteria","Actinomycetota","Thermoleophilia","Gaiellales","Incertae Sedis","Incertae Sedis","uncultured bacterium"
"ESV_38845","Bacteria","Bacteroidota","Bacteroidia","Chitinophagales","Chitinophagaceae","Flaviaestuariibacter","uncultured bacterium"
"ESV_38856","Bacteria","Deinococcota","Deinococci","Deinococcales","Deinococcaceae","Deinococcus","Deinococcus radioresistens"
"ESV_38871","Bacteria","Acidobacteriota","Subgroup 5","Incertae Sedis","Incertae Sedis","Incertae Sedis","uncultured bacterium"
"ESV_38872","Bacteria","Planctomycetota","Phycisphaerae","Tepidisphaerales","WD2101 soil group","Incertae Sedis","uncultured bacterium"
"ESV_38873","Bacteria","Chloroflexota","Gitt-GS-136","Incertae Sedis","Incertae Sedis","Incertae Sedis","uncultured bacterium"
"ESV_38947","Bacteria","Pseudomonadota","Gammaproteobacteria","Burkholderiales","Nitrosomonadaceae","Ellin6067","uncultured bacterium"
"ESV_38948","Bacteria","Acidobacteriota","Vicinamibacteria","Vicinamibacterales","Incertae Sedis","Incertae Sedis","uncultured bacterium"
"ESV_38975","Bacteria","Pseudomonadota","Gammaproteobacteria","Burkholderiales","TRA3-20","Incertae Sedis","uncultured bacterium"
"ESV_38981","Bacteria","Planctomycetota","Planctomycetes","Gemmatales","Gemmataceae","Gemmata","uncultured bacterium"
"ESV_38999","Bacteria","Verrucomicrobiota","Verrucomicrobiia","Pedosphaerales","Pedosphaeraceae","Incertae Sedis","uncultured soil bacterium"
"ESV_39000","Bacteria","Acidobacteriota","Thermoanaerobaculia","Thermoanaerobaculales","Thermoanaerobaculaceae","Subgroup 10","uncultured bacterium"
"ESV_39001","Bacteria","RCP2-54","Incertae Sedis","Incertae Sedis","Incertae Sedis","Incertae Sedis","uncultured delta proteobacterium"
"ESV_39080","Bacteria","Acidobacteriota","Blastocatellia","11-24","Incertae Sedis","Incertae Sedis","uncultured Acidobacteria bacterium"
"ESV_39081","Bacteria","Verrucomicrobiota","Verrucomicrobiia","Pedosphaerales","Pedosphaeraceae","Incertae Sedis","uncultured bacterium"
"ESV_39149","Bacteria","Pseudomonadota","Gammaproteobacteria","Burkholderiales","Nitrosomonadaceae","Ellin6067","uncultured bacterium"
"ESV_39150","Bacteria","Acidobacteriota","Vicinamibacteria","Vicinamibacterales","Incertae Sedis","Incertae Sedis","uncultured bacterium"
"ESV_39177","Bacteria","Pseudomonadota","Gammaproteobacteria","Burkholderiales","TRA3-20","Incertae Sedis","uncultured bacterium"
"ESV_39183","Bacteria","Planctomycetota","Planctomycetes","Gemmatales","Gemmataceae","Gemmata","uncultured bacterium"
"ESV_39201","Bacteria","Verrucomicrobiota","Verrucomicrobiia","Pedosphaerales","Pedosphaeraceae","Incertae Sedis","uncultured soil bacterium"
"ESV_39202","Bacteria","Acidobacteriota","Thermoanaerobaculia","Thermoanaerobaculales","Thermoanaerobaculaceae","Subgroup 10","uncultured bacterium"
"ESV_39203","Bacteria","RCP2-54","Incertae Sedis","Incertae Sedis","Incertae Sedis","Incertae Sedis","uncultured delta proteobacterium"
"ESV_39282","Bacteria","Acidobacteriota","Blastocatellia","11-24","Incertae Sedis","Incertae Sedis","uncultured Acidobacteria bacterium"
"ESV_39283","Bacteria","Verrucomicrobiota","Verrucomicrobiia","Pedosphaerales","Pedosphaeraceae","Incertae Sedis","uncultured bacterium"
"ESV_39347","Bacteria","Planctomycetota","Planctomycetes","Isosphaerales","Isosphaeraceae","Incertae Sedis","uncultured bacterium"
"ESV_39371","Bacteria","Actinomycetota","Actinobacteria","Micrococcales","Promicromonosporaceae","Promicromonospora","Promicromonospora iranensis"
"ESV_39372","Bacteria","Actinomycetota","MB-A2-108","Incertae Sedis","Incertae Sedis","Incertae Sedis","uncultured bacterium"
"ESV_39373","Bacteria","Thermodesulfobacteriota","Incertae Sedis","Incertae Sedis","Incertae Sedis","Incertae Sedis","uncultured delta proteobacterium"
"ESV_39374","Bacteria","Myxococcota","Polyangiia","Haliangiales","Haliangiaceae","Incertae Sedis","uncultured bacterium"
"ESV_39375","Bacteria","Elusimicrobiota","Lineage IIa","Incertae Sedis","Incertae Sedis","Incertae Sedis","metagenome"
"ESV_39376","Bacteria","Gemmatimonadota","Gemmatimonadia","Gemmatimonadales","Gemmatimonadaceae","Incertae Sedis","uncultured bacterium"
"ESV_39377","Bacteria","Actinomycetota","Thermoleophilia","Solirubrobacterales","Solirubrobacteraceae","Solirubrobacter","metagenome"
"ESV_39378","Bacteria","Bacteroidota","Bacteroidia","Flavobacteriales","Crocinitomicaceae","Fluviicola","Hypsibius dujardini"
"ESV_39379","Bacteria","Planctomycetota","Planctomycetes","Pirellulales","Pirellulaceae","Incertae Sedis","metagenome"
"ESV_39380","Bacteria","Thermodesulfobacteriota","Incertae Sedis","Incertae Sedis","Incertae Sedis","Incertae Sedis","uncultured bacterium"
"ESV_39381","Bacteria","Bacteroidota","Bacteroidia","Chitinophagales","Chitinophagaceae","Ferruginibacter","uncultured bacterium"
"ESV_39382","Bacteria","Planctomycetota","Phycisphaerae","Phycisphaerales","Phycisphaeraceae","SM1A02","uncultured bacterium"
"ESV_39383","Bacteria","Pseudomonadota","Alphaproteobacteria","Hyphomicrobiales","Hyphomicrobiaceae","Pedomicrobium","metagenome"
"ESV_39384","Bacteria","Verrucomicrobiota","Verrucomicrobiia","Pedosphaerales","Pedosphaeraceae","Incertae Sedis","uncultured bacterium"
"ESV_39385","Bacteria","Planctomycetota","Phycisphaerae","Tepidisphaerales","WD2101 soil group","Incertae Sedis","uncultured bacterium"
"ESV_39386","Bacteria","Thermodesulfobacteriota","Incertae Sedis","Incertae Sedis","Incertae Sedis","Incertae Sedis","uncultured bacterium"
"ESV_39387","Bacteria","Actinomycetota","Thermoleophilia","Solirubrobacterales","Solirubrobacteraceae","Solirubrobacter","uncultured bacterium"
"ESV_39427","Bacteria","Pseudomonadota","Alphaproteobacteria","Hyphomicrobiales","Rhizobiaceae","Mesorhizobium","uncultured Mesorhizobium sp."
"ESV_39428","Bacteria","Verrucomicrobiota","Verrucomicrobiia","Chthoniobacterales","Chthoniobacteraceae","Chthoniobacter","metagenome"
"ESV_39486","Bacteria","Planctomycetota","Planctomycetes","Planctomycetales","Gimesiaceae","Incertae Sedis","uncultured bacterium"
"ESV_39487","Bacteria","Pseudomonadota","Gammaproteobacteria","Burkholderiales","Nitrosomonadaceae","Ellin6067","metagenome"
"ESV_39520","Bacteria","Myxococcota","Polyangiia","Nannocystales","Nannocystaceae","Nannocystis","Nannocystis aggregans"
"ESV_39521","Bacteria","Pseudomonadota","Gammaproteobacteria","Burkholderiales","Comamonadaceae","Comamonas","metagenome"
"ESV_39538","Bacteria","Acidobacteriota","Blastocatellia","Blastocatellales","Blastocatellaceae","Incertae Sedis","uncultured Acidobacteria bacterium"
"ESV_39569","Bacteria","Myxococcota","Polyangiia","Haliangiales","Haliangiaceae","Incertae Sedis","uncultured Haliangium sp."
"ESV_39570","Bacteria","Acidobacteriota","Acidobacteriae","Solibacterales","Solibacteraceae","Candidatus Solibacter","uncultured soil bacterium"
"ESV_39626","Bacteria","Myxococcota","Polyangiia","Haliangiales","Haliangiaceae","Incertae Sedis","uncultured bacterium"
"ESV_39632","Bacteria","Planctomycetota","Planctomycetes","Incertae Sedis","Incertae Sedis","Incertae Sedis","uncultured bacterium"
"ESV_39633","Bacteria","Myxococcota","Myxococcia","Myxococcales","Myxococcaceae","Incertae Sedis","uncultured bacterium"
"ESV_39634","Bacteria","Gemmatimonadota","Gemmatimonadia","Gemmatimonadales","Gemmatimonadaceae","Gemmatimonas","uncultured bacterium"
"ESV_39697","Bacteria","Actinomycetota","Acidimicrobiia","Microtrichales","Iamiaceae","Aquihabitans","uncultured bacterium"
"ESV_39698","Bacteria","Pseudomonadota","Alphaproteobacteria","Rickettsiales","Mitochondria","Incertae Sedis","uncultured bacterium"
"ESV_39699","Bacteria","Acidobacteriota","Subgroup 22","Incertae Sedis","Incertae Sedis","Incertae Sedis","uncultured bacterium"
"ESV_39761","Bacteria","Planctomycetota","Planctomycetes","Isosphaerales","Isosphaeraceae","Incertae Sedis","uncultured bacterium"
"ESV_39785","Bacteria","Actinomycetota","Actinobacteria","Micrococcales","Promicromonosporaceae","Promicromonospora","Promicromonospora iranensis"
"ESV_39786","Bacteria","Actinomycetota","MB-A2-108","Incertae Sedis","Incertae Sedis","Incertae Sedis","uncultured bacterium"
"ESV_39787","Bacteria","Thermodesulfobacteriota","Incertae Sedis","Incertae Sedis","Incertae Sedis","Incertae Sedis","uncultured delta proteobacterium"
"ESV_39788","Bacteria","Myxococcota","Polyangiia","Haliangiales","Haliangiaceae","Incertae Sedis","uncultured bacterium"
"ESV_39789","Bacteria","Elusimicrobiota","Lineage IIa","Incertae Sedis","Incertae Sedis","Incertae Sedis","metagenome"
"ESV_39790","Bacteria","Gemmatimonadota","Gemmatimonadia","Gemmatimonadales","Gemmatimonadaceae","Incertae Sedis","uncultured bacterium"
"ESV_39791","Bacteria","Actinomycetota","Thermoleophilia","Solirubrobacterales","Solirubrobacteraceae","Solirubrobacter","metagenome"
"ESV_39792","Bacteria","Bacteroidota","Bacteroidia","Flavobacteriales","Crocinitomicaceae","Fluviicola","Hypsibius dujardini"
"ESV_39793","Bacteria","Planctomycetota","Planctomycetes","Pirellulales","Pirellulaceae","Incertae Sedis","metagenome"
"ESV_39794","Bacteria","Thermodesulfobacteriota","Incertae Sedis","Incertae Sedis","Incertae Sedis","Incertae Sedis","uncultured bacterium"
"ESV_39795","Bacteria","Bacteroidota","Bacteroidia","Chitinophagales","Chitinophagaceae","Ferruginibacter","uncultured bacterium"
"ESV_39796","Bacteria","Planctomycetota","Phycisphaerae","Phycisphaerales","Phycisphaeraceae","SM1A02","uncultured bacterium"
"ESV_39797","Bacteria","Pseudomonadota","Alphaproteobacteria","Hyphomicrobiales","Hyphomicrobiaceae","Pedomicrobium","metagenome"
"ESV_39798","Bacteria","Verrucomicrobiota","Verrucomicrobiia","Pedosphaerales","Pedosphaeraceae","Incertae Sedis","uncultured bacterium"
"ESV_39799","Bacteria","Planctomycetota","Phycisphaerae","Tepidisphaerales","WD2101 soil group","Incertae Sedis","uncultured bacterium"
"ESV_39800","Bacteria","Thermodesulfobacteriota","Incertae Sedis","Incertae Sedis","Incertae Sedis","Incertae Sedis","uncultured bacterium"
"ESV_39801","Bacteria","Actinomycetota","Thermoleophilia","Solirubrobacterales","Solirubrobacteraceae","Solirubrobacter","uncultured bacterium"
"ESV_39841","Bacteria","Pseudomonadota","Alphaproteobacteria","Hyphomicrobiales","Rhizobiaceae","Mesorhizobium","uncultured Mesorhizobium sp."
"ESV_39842","Bacteria","Verrucomicrobiota","Verrucomicrobiia","Chthoniobacterales","Chthoniobacteraceae","Chthoniobacter","metagenome"
"ESV_39900","Bacteria","Planctomycetota","Planctomycetes","Planctomycetales","Gimesiaceae","Incertae Sedis","uncultured bacterium"
"ESV_39901","Bacteria","Pseudomonadota","Gammaproteobacteria","Burkholderiales","Nitrosomonadaceae","Ellin6067","metagenome"
"ESV_39934","Bacteria","Myxococcota","Polyangiia","Nannocystales","Nannocystaceae","Nannocystis","Nannocystis aggregans"
"ESV_39935","Bacteria","Pseudomonadota","Gammaproteobacteria","Burkholderiales","Comamonadaceae","Comamonas","metagenome"
"ESV_39952","Bacteria","Acidobacteriota","Blastocatellia","Blastocatellales","Blastocatellaceae","Incertae Sedis","uncultured Acidobacteria bacterium"
"ESV_39983","Bacteria","Myxococcota","Polyangiia","Haliangiales","Haliangiaceae","Incertae Sedis","uncultured Haliangium sp."
"ESV_39984","Bacteria","Acidobacteriota","Acidobacteriae","Solibacterales","Solibacteraceae","Candidatus Solibacter","uncultured soil bacterium"
"ESV_40040","Bacteria","Myxococcota","Polyangiia","Haliangiales","Haliangiaceae","Incertae Sedis","uncultured bacterium"
"ESV_40046","Bacteria","Planctomycetota","Planctomycetes","Incertae Sedis","Incertae Sedis","Incertae Sedis","uncultured bacterium"
"ESV_40047","Bacteria","Myxococcota","Myxococcia","Myxococcales","Myxococcaceae","Incertae Sedis","uncultured bacterium"
"ESV_40048","Bacteria","Gemmatimonadota","Gemmatimonadia","Gemmatimonadales","Gemmatimonadaceae","Gemmatimonas","uncultured bacterium"
"ESV_40111","Bacteria","Actinomycetota","Acidimicrobiia","Microtrichales","Iamiaceae","Aquihabitans","uncultured bacterium"
"ESV_40112","Bacteria","Pseudomonadota","Alphaproteobacteria","Rickettsiales","Mitochondria","Incertae Sedis","uncultured bacterium"
"ESV_40113","Bacteria","Acidobacteriota","Subgroup 22","Incertae Sedis","Incertae Sedis","Incertae Sedis","uncultured bacterium"
"ESV_40771","Bacteria","Bacteroidota","Bacteroidia","Bacteroidales","Prolixibacteraceae","WCHB1-32","uncultured bacterium"
"ESV_40774","Bacteria","Actinomycetota","Actinobacteria","Kitasatosporales","Streptomycetaceae","Streptomyces","Streptomyces clavifer"
"ESV_40777","Bacteria","Bacillota","Bacilli","Bacillales","Bacillaceae","Peribacillus","uncultured bacterium"
"ESV_40778","Bacteria","Myxococcota","bacteriap25","Incertae Sedis","Incertae Sedis","Incertae Sedis","uncultured bacterium"
"ESV_40780","Bacteria","Bacteroidota","Bacteroidia","Bacteroidales","Bacteroidaceae","Bacteroides","Bacteroides ovatus"
"ESV_40782","Bacteria","Bacteroidota","Bacteroidia","Bacteroidales","Prolixibacteraceae","WCHB1-32","uncultured bacterium"
"ESV_40785","Bacteria","Actinomycetota","Actinobacteria","Kitasatosporales","Streptomycetaceae","Streptomyces","Streptomyces clavifer"
"ESV_40788","Bacteria","Bacillota","Bacilli","Bacillales","Bacillaceae","Peribacillus","uncultured bacterium"
"ESV_40789","Bacteria","Myxococcota","bacteriap25","Incertae Sedis","Incertae Sedis","Incertae Sedis","uncultured bacterium"
"ESV_40791","Bacteria","Bacteroidota","Bacteroidia","Bacteroidales","Bacteroidaceae","Bacteroides","Bacteroides ovatus"
"ESV_40816","Bacteria","Actinomycetota","Acidimicrobiia","Microtrichales","Iamiaceae","Iamia","uncultured bacterium"
"ESV_40831","Bacteria","Actinomycetota","Acidimicrobiia","Microtrichales","Iamiaceae","Iamia","uncultured bacterium"
